region,province,city,barangay,precinct,position,candidate,votes,percentage
REGION VI,NEGROS OCCIDENTAL,CITY OF BACOLOD,TACULING,45010362,PRESIDENT,Candidate,Votes,Percentage
REGION VI,NEGROS OCCIDENTAL,CITY OF BACOLOD,TACULING,45010362,PRESIDENT,"ABELLA, ERNIE (IND)",3,0.46 %
REGION VI,NEGROS OCCIDENTAL,CITY OF BACOLOD,TACULING,45010362,PRESIDENT,"DE GUZMAN, LEODY (PLM)",0,0.00 %
REGION VI,NEGROS OCCIDENTAL,CITY OF BACOLOD,TACULING,45010362,PRESIDENT,"DOMAGOSO, ISKO MORENO (AKSYON)",25,3.84 %
REGION VI,NEGROS OCCIDENTAL,CITY OF BACOLOD,TACULING,45010362,PRESIDENT,"GONZALES, NORBERTO (PDSP)",1,0.15 %
REGION VI,NEGROS OCCIDENTAL,CITY OF BACOLOD,TACULING,45010362,PRESIDENT,"LACSON, PING (PDR)",9,1.38 %
REGION VI,NEGROS OCCIDENTAL,CITY OF BACOLOD,TACULING,45010362,PRESIDENT,"MANGONDATO, FAISAL (KTPNAN)",1,0.15 %
REGION VI,NEGROS OCCIDENTAL,CITY OF BACOLOD,TACULING,45010362,PRESIDENT,"MARCOS, BONGBONG (PFP)",290,44.54 %
REGION VI,NEGROS OCCIDENTAL,CITY OF BACOLOD,TACULING,45010362,PRESIDENT,"MONTEMAYOR, JOSE JR. (DPP)",1,0.15 %
REGION VI,NEGROS OCCIDENTAL,CITY OF BACOLOD,TACULING,45010362,PRESIDENT,"PACQUIAO, MANNY PACMAN(PROMDI)",50,7.68 %
REGION VI,NEGROS OCCIDENTAL,CITY OF BACOLOD,TACULING,45010362,PRESIDENT,"ROBREDO, LENI (IND)",271,41.62 %
REGION VI,NEGROS OCCIDENTAL,CITY OF BACOLOD,TACULING,45010362,VICE_PRESIDENT,Candidate,Votes,Percentage
REGION VI,NEGROS OCCIDENTAL,CITY OF BACOLOD,TACULING,45010362,VICE_PRESIDENT,"ATIENZA, LITO (PROMDI)",3,0.45 %
REGION VI,NEGROS OCCIDENTAL,CITY OF BACOLOD,TACULING,45010362,VICE_PRESIDENT,"BELLO, WALDEN (PLM)",1,0.15 %
REGION VI,NEGROS OCCIDENTAL,CITY OF BACOLOD,TACULING,45010362,VICE_PRESIDENT,"DAVID, RIZALITO (DPP)",0,0.00 %
REGION VI,NEGROS OCCIDENTAL,CITY OF BACOLOD,TACULING,45010362,VICE_PRESIDENT,"DUTERTE, SARA (LAKAS)",293,44.80 %
REGION VI,NEGROS OCCIDENTAL,CITY OF BACOLOD,TACULING,45010362,VICE_PRESIDENT,"LOPEZ, MANNY SD (WPP)",4,0.61 %
REGION VI,NEGROS OCCIDENTAL,CITY OF BACOLOD,TACULING,45010362,VICE_PRESIDENT,"ONG, DOC WILLIE (AKSYON)",34,5.19 %
REGION VI,NEGROS OCCIDENTAL,CITY OF BACOLOD,TACULING,45010362,VICE_PRESIDENT,"PANGILINAN, KIKO (LP)",184,28.13 %
REGION VI,NEGROS OCCIDENTAL,CITY OF BACOLOD,TACULING,45010362,VICE_PRESIDENT,"SERAPIO, CARLOS (KTPNAN)",2,0.30 %
REGION VI,NEGROS OCCIDENTAL,CITY OF BACOLOD,TACULING,45010362,VICE_PRESIDENT,"SOTTO, VICENTE TITO (NPC)",133,20.33 %
REGION VI,NEGROS OCCIDENTAL,CITY OF BACOLOD,TACULING,45010362,SENATOR,Candidate,Votes,Percentage
REGION VI,NEGROS OCCIDENTAL,CITY OF BACOLOD,TACULING,45010362,SENATOR,"AFUANG, ABNER (IND)",9,0.14 %
REGION VI,NEGROS OCCIDENTAL,CITY OF BACOLOD,TACULING,45010362,SENATOR,"ALBANI, IBRAHIM (WPP)",15,0.24 %
REGION VI,NEGROS OCCIDENTAL,CITY OF BACOLOD,TACULING,45010362,SENATOR,"ARRANZA, MANG JESS (IND)",7,0.11 %
REGION VI,NEGROS OCCIDENTAL,CITY OF BACOLOD,TACULING,45010362,SENATOR,"BAGUILAT, TEDDY (LP)",92,1.47 %
REGION VI,NEGROS OCCIDENTAL,CITY OF BACOLOD,TACULING,45010362,SENATOR,"BAILEN, AGNES (IND)",8,0.12 %
REGION VI,NEGROS OCCIDENTAL,CITY OF BACOLOD,TACULING,45010362,SENATOR,"BALITA, CARL (AKSYON)",46,0.73 %
REGION VI,NEGROS OCCIDENTAL,CITY OF BACOLOD,TACULING,45010362,SENATOR,"BARBO, LUTZ (PDPLBN)",14,0.22 %
REGION VI,NEGROS OCCIDENTAL,CITY OF BACOLOD,TACULING,45010362,SENATOR,"BAUTISTA, HERBERT BISTEK (NPC)",148,2.37 %
REGION VI,NEGROS OCCIDENTAL,CITY OF BACOLOD,TACULING,45010362,SENATOR,"BELGICA, GRECO (PDDS)",22,0.35 %
REGION VI,NEGROS OCCIDENTAL,CITY OF BACOLOD,TACULING,45010362,SENATOR,"BELLO, SILVESTRE JR. (PDPLBN)",35,0.56 %
REGION VI,NEGROS OCCIDENTAL,CITY OF BACOLOD,TACULING,45010362,SENATOR,"BINAY, JOJO (UNA)",125,2.00 %
REGION VI,NEGROS OCCIDENTAL,CITY OF BACOLOD,TACULING,45010362,SENATOR,"CABONEGRO, ROY (PLM)",14,0.22 %
REGION VI,NEGROS OCCIDENTAL,CITY OF BACOLOD,TACULING,45010362,SENATOR,"CASTRICIONES, BRO JOHN(PDPLBN)",4,0.06 %
REGION VI,NEGROS OCCIDENTAL,CITY OF BACOLOD,TACULING,45010362,SENATOR,"CAYETANO, ALAN PETER (IND)",237,3.79 %
REGION VI,NEGROS OCCIDENTAL,CITY OF BACOLOD,TACULING,45010362,SENATOR,"CHAVEZ, MELCHOR (WPP)",19,0.30 %
REGION VI,NEGROS OCCIDENTAL,CITY OF BACOLOD,TACULING,45010362,SENATOR,"COLMENARES, NERI (MKBYN)",226,3.62 %
REGION VI,NEGROS OCCIDENTAL,CITY OF BACOLOD,TACULING,45010362,SENATOR,"D'ANGELO, DAVID (PLM)",10,0.16 %
REGION VI,NEGROS OCCIDENTAL,CITY OF BACOLOD,TACULING,45010362,SENATOR,"DE LIMA, LEILA (LP)",164,2.62 %
REGION VI,NEGROS OCCIDENTAL,CITY OF BACOLOD,TACULING,45010362,SENATOR,"DEL ROSARIO, MONSOUR (PDR)",73,1.17 %
REGION VI,NEGROS OCCIDENTAL,CITY OF BACOLOD,TACULING,45010362,SENATOR,"DIAZ, DING (PPP)",11,0.17 %
REGION VI,NEGROS OCCIDENTAL,CITY OF BACOLOD,TACULING,45010362,SENATOR,"DIOKNO, CHEL (KANP)",231,3.70 %
REGION VI,NEGROS OCCIDENTAL,CITY OF BACOLOD,TACULING,45010362,SENATOR,"EJERCITO, JV ESTRADA (NPC)",171,2.74 %
REGION VI,NEGROS OCCIDENTAL,CITY OF BACOLOD,TACULING,45010362,SENATOR,"ELEAZAR, GEN. GUILLERMO (PDR)",150,2.40 %
REGION VI,NEGROS OCCIDENTAL,CITY OF BACOLOD,TACULING,45010362,SENATOR,"EREÑO, BRO. ERNIE (PM)",12,0.19 %
REGION VI,NEGROS OCCIDENTAL,CITY OF BACOLOD,TACULING,45010362,SENATOR,"ESCUDERO, CHIZ (NPC)",297,4.76 %
REGION VI,NEGROS OCCIDENTAL,CITY OF BACOLOD,TACULING,45010362,SENATOR,"ESPIRITU, LUKE (PLM)",106,1.69 %
REGION VI,NEGROS OCCIDENTAL,CITY OF BACOLOD,TACULING,45010362,SENATOR,"ESTRADA, JINGGOY (PMP)",134,2.14 %
REGION VI,NEGROS OCCIDENTAL,CITY OF BACOLOD,TACULING,45010362,SENATOR,"FALCONE, BAL FALCON (DPP)",7,0.11 %
REGION VI,NEGROS OCCIDENTAL,CITY OF BACOLOD,TACULING,45010362,SENATOR,"GADON, LARRY (KBL)",108,1.73 %
REGION VI,NEGROS OCCIDENTAL,CITY OF BACOLOD,TACULING,45010362,SENATOR,"GATCHALIAN, WIN (NPC)",270,4.32 %
REGION VI,NEGROS OCCIDENTAL,CITY OF BACOLOD,TACULING,45010362,SENATOR,"GORDON, WOW DICK (BVNP)",168,2.69 %
REGION VI,NEGROS OCCIDENTAL,CITY OF BACOLOD,TACULING,45010362,SENATOR,"GUTOC, SAMIRA (AKSYON)",25,0.40 %
REGION VI,NEGROS OCCIDENTAL,CITY OF BACOLOD,TACULING,45010362,SENATOR,"HONASAN, GRINGO (IND)",135,2.16 %
REGION VI,NEGROS OCCIDENTAL,CITY OF BACOLOD,TACULING,45010362,SENATOR,"HONTIVEROS, RISA (AKBAYAN)",312,5.00 %
REGION VI,NEGROS OCCIDENTAL,CITY OF BACOLOD,TACULING,45010362,SENATOR,"JAVELLANA, RJ (IND)",12,0.19 %
REGION VI,NEGROS OCCIDENTAL,CITY OF BACOLOD,TACULING,45010362,SENATOR,"KIRAM, NUR-MAHAL (IND)",11,0.17 %
REGION VI,NEGROS OCCIDENTAL,CITY OF BACOLOD,TACULING,45010362,SENATOR,"LABOG, ELMER (MKBYN)",30,0.48 %
REGION VI,NEGROS OCCIDENTAL,CITY OF BACOLOD,TACULING,45010362,SENATOR,"LACSON, KUYA ALEX (KP)",132,2.11 %
REGION VI,NEGROS OCCIDENTAL,CITY OF BACOLOD,TACULING,45010362,SENATOR,"LANGIT, REY (PDPLBN)",9,0.14 %
REGION VI,NEGROS OCCIDENTAL,CITY OF BACOLOD,TACULING,45010362,SENATOR,"LEGARDA, LOREN (NPC)",311,4.98 %
REGION VI,NEGROS OCCIDENTAL,CITY OF BACOLOD,TACULING,45010362,SENATOR,"LIM, ARIEL (IND)",10,0.16 %
REGION VI,NEGROS OCCIDENTAL,CITY OF BACOLOD,TACULING,45010362,SENATOR,"MALLILLIN, EMILY (PPM)",3,0.04 %
REGION VI,NEGROS OCCIDENTAL,CITY OF BACOLOD,TACULING,45010362,SENATOR,"MARCOLETA, RODANTE (PDPLBN)",45,0.72 %
REGION VI,NEGROS OCCIDENTAL,CITY OF BACOLOD,TACULING,45010362,SENATOR,"MARCOS, FRANCIS LEO (IND)",69,1.10 %
REGION VI,NEGROS OCCIDENTAL,CITY OF BACOLOD,TACULING,45010362,SENATOR,"MATULA, SONNY (IND)",72,1.15 %
REGION VI,NEGROS OCCIDENTAL,CITY OF BACOLOD,TACULING,45010362,SENATOR,"MINDALANO-ADAM,MARIETA(KTPNAN)",5,0.08 %
REGION VI,NEGROS OCCIDENTAL,CITY OF BACOLOD,TACULING,45010362,SENATOR,"OLARTE, ATTY/DR. LEO (BIGKIS)",14,0.22 %
REGION VI,NEGROS OCCIDENTAL,CITY OF BACOLOD,TACULING,45010362,SENATOR,"PADILLA, DRA. MINGUITA (PDR)",51,0.81 %
REGION VI,NEGROS OCCIDENTAL,CITY OF BACOLOD,TACULING,45010362,SENATOR,"PADILLA, ROBIN (PDPLBN)",240,3.84 %
REGION VI,NEGROS OCCIDENTAL,CITY OF BACOLOD,TACULING,45010362,SENATOR,"PANELO, SAL PANALO (PDPLBN)",66,1.05 %
REGION VI,NEGROS OCCIDENTAL,CITY OF BACOLOD,TACULING,45010362,SENATOR,"PIMENTEL, ASTRA (PDPLBN)",50,0.80 %
REGION VI,NEGROS OCCIDENTAL,CITY OF BACOLOD,TACULING,45010362,SENATOR,"PIÑOL, MANNY (NPC)",56,0.89 %
REGION VI,NEGROS OCCIDENTAL,CITY OF BACOLOD,TACULING,45010362,SENATOR,"RICABLANCA, WILLIE JR. (PM)",3,0.04 %
REGION VI,NEGROS OCCIDENTAL,CITY OF BACOLOD,TACULING,45010362,SENATOR,"ROQUE, HARRY SPOX (PRP)",102,1.63 %
REGION VI,NEGROS OCCIDENTAL,CITY OF BACOLOD,TACULING,45010362,SENATOR,"SAHIDULLA, LADY ANNE (PDDS)",4,0.06 %
REGION VI,NEGROS OCCIDENTAL,CITY OF BACOLOD,TACULING,45010362,SENATOR,"SISON, JOPET (AKSYON)",33,0.52 %
REGION VI,NEGROS OCCIDENTAL,CITY OF BACOLOD,TACULING,45010362,SENATOR,"TEODORO, GIBO (PRP)",222,3.55 %
REGION VI,NEGROS OCCIDENTAL,CITY OF BACOLOD,TACULING,45010362,SENATOR,"TRILLANES, ANTONIO IV (LP)",175,2.80 %
REGION VI,NEGROS OCCIDENTAL,CITY OF BACOLOD,TACULING,45010362,SENATOR,"TULFO, IDOL RAFFY (IND)",333,5.33 %
REGION VI,NEGROS OCCIDENTAL,CITY OF BACOLOD,TACULING,45010362,SENATOR,"VALEROS, REY (IND)",1,0.01 %
REGION VI,NEGROS OCCIDENTAL,CITY OF BACOLOD,TACULING,45010362,SENATOR,"VILLANUEVA,JOEL TESDAMAN (IND)",206,3.30 %
REGION VI,NEGROS OCCIDENTAL,CITY OF BACOLOD,TACULING,45010362,SENATOR,"VILLAR, MARK (NP)",223,3.57 %
REGION VI,NEGROS OCCIDENTAL,CITY OF BACOLOD,TACULING,45010362,SENATOR,"ZUBIAGA, CARMEN (IND)",27,0.43 %
REGION VI,NEGROS OCCIDENTAL,CITY OF BACOLOD,TACULING,45010362,SENATOR,"ZUBIRI, MIGZ (IND)",317,5.08 %
REGION VI,NEGROS OCCIDENTAL,CITY OF BACOLOD,TACULING,45010362,PARTYLIST,Candidate,Votes,Percentage
REGION VI,NEGROS OCCIDENTAL,CITY OF BACOLOD,TACULING,45010362,PARTYLIST,01 KAMALAYAN,0,0.00 %
REGION VI,NEGROS OCCIDENTAL,CITY OF BACOLOD,TACULING,45010362,PARTYLIST,02 KM NGAYON NA,0,0.00 %
REGION VI,NEGROS OCCIDENTAL,CITY OF BACOLOD,TACULING,45010362,PARTYLIST,03 PSIS,0,0.00 %
REGION VI,NEGROS OCCIDENTAL,CITY OF BACOLOD,TACULING,45010362,PARTYLIST,04 AGAP,1,0.21 %
REGION VI,NEGROS OCCIDENTAL,CITY OF BACOLOD,TACULING,45010362,PARTYLIST,05 KABAYAN,3,0.63 %
REGION VI,NEGROS OCCIDENTAL,CITY OF BACOLOD,TACULING,45010362,PARTYLIST,06 HOME OWNER,1,0.21 %
REGION VI,NEGROS OCCIDENTAL,CITY OF BACOLOD,TACULING,45010362,PARTYLIST,07 KAPUSO-PM,1,0.21 %
REGION VI,NEGROS OCCIDENTAL,CITY OF BACOLOD,TACULING,45010362,PARTYLIST,08 PDP CARES,2,0.42 %
REGION VI,NEGROS OCCIDENTAL,CITY OF BACOLOD,TACULING,45010362,PARTYLIST,09 MARVELOUS TAYO,0,0.00 %
REGION VI,NEGROS OCCIDENTAL,CITY OF BACOLOD,TACULING,45010362,PARTYLIST,10 AKO OFW,3,0.63 %
REGION VI,NEGROS OCCIDENTAL,CITY OF BACOLOD,TACULING,45010362,PARTYLIST,11 UNITED SENIOR CITIZEN,3,0.63 %
REGION VI,NEGROS OCCIDENTAL,CITY OF BACOLOD,TACULING,45010362,PARTYLIST,12 WOW PILIPINAS,1,0.21 %
REGION VI,NEGROS OCCIDENTAL,CITY OF BACOLOD,TACULING,45010362,PARTYLIST,13 ALTERNATIBA,0,0.00 %
REGION VI,NEGROS OCCIDENTAL,CITY OF BACOLOD,TACULING,45010362,PARTYLIST,14 1-RIDER PARTYLIST,7,1.48 %
REGION VI,NEGROS OCCIDENTAL,CITY OF BACOLOD,TACULING,45010362,PARTYLIST,15 1-CARE,0,0.00 %
REGION VI,NEGROS OCCIDENTAL,CITY OF BACOLOD,TACULING,45010362,PARTYLIST,16 ABP,1,0.21 %
REGION VI,NEGROS OCCIDENTAL,CITY OF BACOLOD,TACULING,45010362,PARTYLIST,17 AKO MUSIKERO,2,0.42 %
REGION VI,NEGROS OCCIDENTAL,CITY OF BACOLOD,TACULING,45010362,PARTYLIST,18 AKO BICOL,0,0.00 %
REGION VI,NEGROS OCCIDENTAL,CITY OF BACOLOD,TACULING,45010362,PARTYLIST,19 PRAI,1,0.21 %
REGION VI,NEGROS OCCIDENTAL,CITY OF BACOLOD,TACULING,45010362,PARTYLIST,20 4PS,1,0.21 %
REGION VI,NEGROS OCCIDENTAL,CITY OF BACOLOD,TACULING,45010362,PARTYLIST,21 MAAGAP,0,0.00 %
REGION VI,NEGROS OCCIDENTAL,CITY OF BACOLOD,TACULING,45010362,PARTYLIST,22 ABANTE PILIPINAS,0,0.00 %
REGION VI,NEGROS OCCIDENTAL,CITY OF BACOLOD,TACULING,45010362,PARTYLIST,23 AKTIBONG KAAGAPAY,1,0.21 %
REGION VI,NEGROS OCCIDENTAL,CITY OF BACOLOD,TACULING,45010362,PARTYLIST,24 ALSA BISAYA,0,0.00 %
REGION VI,NEGROS OCCIDENTAL,CITY OF BACOLOD,TACULING,45010362,PARTYLIST,25 PROBINSYANO AKO,3,0.63 %
REGION VI,NEGROS OCCIDENTAL,CITY OF BACOLOD,TACULING,45010362,PARTYLIST,26 YACAP,0,0.00 %
REGION VI,NEGROS OCCIDENTAL,CITY OF BACOLOD,TACULING,45010362,PARTYLIST,27 MAGDALO,0,0.00 %
REGION VI,NEGROS OCCIDENTAL,CITY OF BACOLOD,TACULING,45010362,PARTYLIST,28 ACT-CIS,32,6.79 %
REGION VI,NEGROS OCCIDENTAL,CITY OF BACOLOD,TACULING,45010362,PARTYLIST,29 HUGPONG FEDERAL,0,0.00 %
REGION VI,NEGROS OCCIDENTAL,CITY OF BACOLOD,TACULING,45010362,PARTYLIST,30 TGP,0,0.00 %
REGION VI,NEGROS OCCIDENTAL,CITY OF BACOLOD,TACULING,45010362,PARTYLIST,31 ONE COOP,0,0.00 %
REGION VI,NEGROS OCCIDENTAL,CITY OF BACOLOD,TACULING,45010362,PARTYLIST,32 BARKADAHAN,0,0.00 %
REGION VI,NEGROS OCCIDENTAL,CITY OF BACOLOD,TACULING,45010362,PARTYLIST,33 DUMPER PTDA,0,0.00 %
REGION VI,NEGROS OCCIDENTAL,CITY OF BACOLOD,TACULING,45010362,PARTYLIST,34 MALABUNG,0,0.00 %
REGION VI,NEGROS OCCIDENTAL,CITY OF BACOLOD,TACULING,45010362,PARTYLIST,35 BH (BAGONG HENERASYON),0,0.00 %
REGION VI,NEGROS OCCIDENTAL,CITY OF BACOLOD,TACULING,45010362,PARTYLIST,36 AKMA-PTM,0,0.00 %
REGION VI,NEGROS OCCIDENTAL,CITY OF BACOLOD,TACULING,45010362,PARTYLIST,37 IPATUPAD,11,2.33 %
REGION VI,NEGROS OCCIDENTAL,CITY OF BACOLOD,TACULING,45010362,PARTYLIST,38 PINUNO,2,0.42 %
REGION VI,NEGROS OCCIDENTAL,CITY OF BACOLOD,TACULING,45010362,PARTYLIST,39 LPGMA,0,0.00 %
REGION VI,NEGROS OCCIDENTAL,CITY OF BACOLOD,TACULING,45010362,PARTYLIST,40 CLICK PARTY,0,0.00 %
REGION VI,NEGROS OCCIDENTAL,CITY OF BACOLOD,TACULING,45010362,PARTYLIST,41 TODA,0,0.00 %
REGION VI,NEGROS OCCIDENTAL,CITY OF BACOLOD,TACULING,45010362,PARTYLIST,42 BHW,0,0.00 %
REGION VI,NEGROS OCCIDENTAL,CITY OF BACOLOD,TACULING,45010362,PARTYLIST,43 MALASAKIT@BAYANIHAN,76,16.13 %
REGION VI,NEGROS OCCIDENTAL,CITY OF BACOLOD,TACULING,45010362,PARTYLIST,44 ABS,0,0.00 %
REGION VI,NEGROS OCCIDENTAL,CITY OF BACOLOD,TACULING,45010362,PARTYLIST,45 PASAHERO PARTYLIST,1,0.21 %
REGION VI,NEGROS OCCIDENTAL,CITY OF BACOLOD,TACULING,45010362,PARTYLIST,46 ANGAT,5,1.06 %
REGION VI,NEGROS OCCIDENTAL,CITY OF BACOLOD,TACULING,45010362,PARTYLIST,47 SOLID-CHANGE,0,0.00 %
REGION VI,NEGROS OCCIDENTAL,CITY OF BACOLOD,TACULING,45010362,PARTYLIST,48 BICOL SARO,0,0.00 %
REGION VI,NEGROS OCCIDENTAL,CITY OF BACOLOD,TACULING,45010362,PARTYLIST,49 OFW,2,0.42 %
REGION VI,NEGROS OCCIDENTAL,CITY OF BACOLOD,TACULING,45010362,PARTYLIST,50 ANG PROBINSIYANO,11,2.33 %
REGION VI,NEGROS OCCIDENTAL,CITY OF BACOLOD,TACULING,45010362,PARTYLIST,51 ANAKALUSUGAN,0,0.00 %
REGION VI,NEGROS OCCIDENTAL,CITY OF BACOLOD,TACULING,45010362,PARTYLIST,52 PBA,1,0.21 %
REGION VI,NEGROS OCCIDENTAL,CITY OF BACOLOD,TACULING,45010362,PARTYLIST,53 PEACE,2,0.42 %
REGION VI,NEGROS OCCIDENTAL,CITY OF BACOLOD,TACULING,45010362,PARTYLIST,54 P3PWD,19,4.03 %
REGION VI,NEGROS OCCIDENTAL,CITY OF BACOLOD,TACULING,45010362,PARTYLIST,55 S.M.I.L.E,0,0.00 %
REGION VI,NEGROS OCCIDENTAL,CITY OF BACOLOD,TACULING,45010362,PARTYLIST,56 AAMBIS-OWA,0,0.00 %
REGION VI,NEGROS OCCIDENTAL,CITY OF BACOLOD,TACULING,45010362,PARTYLIST,57 BUTIL,1,0.21 %
REGION VI,NEGROS OCCIDENTAL,CITY OF BACOLOD,TACULING,45010362,PARTYLIST,58 LUNAS,1,0.21 %
REGION VI,NEGROS OCCIDENTAL,CITY OF BACOLOD,TACULING,45010362,PARTYLIST,59 ANG KOMADRONA,0,0.00 %
REGION VI,NEGROS OCCIDENTAL,CITY OF BACOLOD,TACULING,45010362,PARTYLIST,60 KABAKA,0,0.00 %
REGION VI,NEGROS OCCIDENTAL,CITY OF BACOLOD,TACULING,45010362,PARTYLIST,61 SAGIP,3,0.63 %
REGION VI,NEGROS OCCIDENTAL,CITY OF BACOLOD,TACULING,45010362,PARTYLIST,62 ANG KABUHAYAN,0,0.00 %
REGION VI,NEGROS OCCIDENTAL,CITY OF BACOLOD,TACULING,45010362,PARTYLIST,63 AKO I.P.,1,0.21 %
REGION VI,NEGROS OCCIDENTAL,CITY OF BACOLOD,TACULING,45010362,PARTYLIST,64 PHILRECA,0,0.00 %
REGION VI,NEGROS OCCIDENTAL,CITY OF BACOLOD,TACULING,45010362,PARTYLIST,65 BABAE AKO,0,0.00 %
REGION VI,NEGROS OCCIDENTAL,CITY OF BACOLOD,TACULING,45010362,PARTYLIST,66 KB,0,0.00 %
REGION VI,NEGROS OCCIDENTAL,CITY OF BACOLOD,TACULING,45010362,PARTYLIST,67 GABRIELA,8,1.69 %
REGION VI,NEGROS OCCIDENTAL,CITY OF BACOLOD,TACULING,45010362,PARTYLIST,68 KALINGA,2,0.42 %
REGION VI,NEGROS OCCIDENTAL,CITY OF BACOLOD,TACULING,45010362,PARTYLIST,69 STL,0,0.00 %
REGION VI,NEGROS OCCIDENTAL,CITY OF BACOLOD,TACULING,45010362,PARTYLIST,70 RECOBODA,0,0.00 %
REGION VI,NEGROS OCCIDENTAL,CITY OF BACOLOD,TACULING,45010362,PARTYLIST,71 ANGAT PINOY,0,0.00 %
REGION VI,NEGROS OCCIDENTAL,CITY OF BACOLOD,TACULING,45010362,PARTYLIST,72 ANAC-IP,0,0.00 %
REGION VI,NEGROS OCCIDENTAL,CITY OF BACOLOD,TACULING,45010362,PARTYLIST,73 DIWA,0,0.00 %
REGION VI,NEGROS OCCIDENTAL,CITY OF BACOLOD,TACULING,45010362,PARTYLIST,74 ASENSO PINOY,0,0.00 %
REGION VI,NEGROS OCCIDENTAL,CITY OF BACOLOD,TACULING,45010362,PARTYLIST,75 PPP,0,0.00 %
REGION VI,NEGROS OCCIDENTAL,CITY OF BACOLOD,TACULING,45010362,PARTYLIST,76 PAMILYA MUNA,1,0.21 %
REGION VI,NEGROS OCCIDENTAL,CITY OF BACOLOD,TACULING,45010362,PARTYLIST,77 AYUDA SANDUGO,0,0.00 %
REGION VI,NEGROS OCCIDENTAL,CITY OF BACOLOD,TACULING,45010362,PARTYLIST,78 BUKLOD FILIPINO,0,0.00 %
REGION VI,NEGROS OCCIDENTAL,CITY OF BACOLOD,TACULING,45010362,PARTYLIST,79 BTS,0,0.00 %
REGION VI,NEGROS OCCIDENTAL,CITY OF BACOLOD,TACULING,45010362,PARTYLIST,80 MOCHA,0,0.00 %
REGION VI,NEGROS OCCIDENTAL,CITY OF BACOLOD,TACULING,45010362,PARTYLIST,81 ACT TEACHERS,7,1.48 %
REGION VI,NEGROS OCCIDENTAL,CITY OF BACOLOD,TACULING,45010362,PARTYLIST,82 ALONA,0,0.00 %
REGION VI,NEGROS OCCIDENTAL,CITY OF BACOLOD,TACULING,45010362,PARTYLIST,83 KABALIKAT,1,0.21 %
REGION VI,NEGROS OCCIDENTAL,CITY OF BACOLOD,TACULING,45010362,PARTYLIST,84 ALIF,0,0.00 %
REGION VI,NEGROS OCCIDENTAL,CITY OF BACOLOD,TACULING,45010362,PARTYLIST,85 1-UTAP BICOL,0,0.00 %
REGION VI,NEGROS OCCIDENTAL,CITY OF BACOLOD,TACULING,45010362,PARTYLIST,86 TINGOG,0,0.00 %
REGION VI,NEGROS OCCIDENTAL,CITY OF BACOLOD,TACULING,45010362,PARTYLIST,87 H.E.L.P. PILIPINAS,1,0.21 %
REGION VI,NEGROS OCCIDENTAL,CITY OF BACOLOD,TACULING,45010362,PARTYLIST,88 TUCP,0,0.00 %
REGION VI,NEGROS OCCIDENTAL,CITY OF BACOLOD,TACULING,45010362,PARTYLIST,89 PTA,0,0.00 %
REGION VI,NEGROS OCCIDENTAL,CITY OF BACOLOD,TACULING,45010362,PARTYLIST,90 AGIMAT,0,0.00 %
REGION VI,NEGROS OCCIDENTAL,CITY OF BACOLOD,TACULING,45010362,PARTYLIST,91 KONTRA BROWNOUT,1,0.21 %
REGION VI,NEGROS OCCIDENTAL,CITY OF BACOLOD,TACULING,45010362,PARTYLIST,92 TULUNGAN TAYO,1,0.21 %
REGION VI,NEGROS OCCIDENTAL,CITY OF BACOLOD,TACULING,45010362,PARTYLIST,93 DUTERTE YOUTH,5,1.06 %
REGION VI,NEGROS OCCIDENTAL,CITY OF BACOLOD,TACULING,45010362,PARTYLIST,94 ABEKA,0,0.00 %
REGION VI,NEGROS OCCIDENTAL,CITY OF BACOLOD,TACULING,45010362,PARTYLIST,95 KABATAAN,13,2.76 %
REGION VI,NEGROS OCCIDENTAL,CITY OF BACOLOD,TACULING,45010362,PARTYLIST,97 ACTS-OFW,2,0.42 %
REGION VI,NEGROS OCCIDENTAL,CITY OF BACOLOD,TACULING,45010362,PARTYLIST,98 RAM,1,0.21 %
REGION VI,NEGROS OCCIDENTAL,CITY OF BACOLOD,TACULING,45010362,PARTYLIST,99 USWAG ILONGGO,14,2.97 %
REGION VI,NEGROS OCCIDENTAL,CITY OF BACOLOD,TACULING,45010362,PARTYLIST,100 AKO BISAYA,1,0.21 %
REGION VI,NEGROS OCCIDENTAL,CITY OF BACOLOD,TACULING,45010362,PARTYLIST,101 KAPAMILYA,1,0.21 %
REGION VI,NEGROS OCCIDENTAL,CITY OF BACOLOD,TACULING,45010362,PARTYLIST,102 PUSONG PINOY,3,0.63 %
REGION VI,NEGROS OCCIDENTAL,CITY OF BACOLOD,TACULING,45010362,PARTYLIST,103 CWS,0,0.00 %
REGION VI,NEGROS OCCIDENTAL,CITY OF BACOLOD,TACULING,45010362,PARTYLIST,104 SILBI,0,0.00 %
REGION VI,NEGROS OCCIDENTAL,CITY OF BACOLOD,TACULING,45010362,PARTYLIST,105 CIBAC,4,0.84 %
REGION VI,NEGROS OCCIDENTAL,CITY OF BACOLOD,TACULING,45010362,PARTYLIST,106 SUBANEN,0,0.00 %
REGION VI,NEGROS OCCIDENTAL,CITY OF BACOLOD,TACULING,45010362,PARTYLIST,107 AKKK,0,0.00 %
REGION VI,NEGROS OCCIDENTAL,CITY OF BACOLOD,TACULING,45010362,PARTYLIST,108 BG PARTY-LIST,1,0.21 %
REGION VI,NEGROS OCCIDENTAL,CITY OF BACOLOD,TACULING,45010362,PARTYLIST,109 PAMILYANG MAGSASAKA,2,0.42 %
REGION VI,NEGROS OCCIDENTAL,CITY OF BACOLOD,TACULING,45010362,PARTYLIST,110 COOP NATCCO,6,1.27 %
REGION VI,NEGROS OCCIDENTAL,CITY OF BACOLOD,TACULING,45010362,PARTYLIST,111 FRONTLINERS ANG BIDA,1,0.21 %
REGION VI,NEGROS OCCIDENTAL,CITY OF BACOLOD,TACULING,45010362,PARTYLIST,112 KASAMA,0,0.00 %
REGION VI,NEGROS OCCIDENTAL,CITY OF BACOLOD,TACULING,45010362,PARTYLIST,113 AKO BISDAK,0,0.00 %
REGION VI,NEGROS OCCIDENTAL,CITY OF BACOLOD,TACULING,45010362,PARTYLIST,114 GP PARTY,0,0.00 %
REGION VI,NEGROS OCCIDENTAL,CITY OF BACOLOD,TACULING,45010362,PARTYLIST,115 BAHAY,1,0.21 %
REGION VI,NEGROS OCCIDENTAL,CITY OF BACOLOD,TACULING,45010362,PARTYLIST,116 MAGSASAKA,1,0.21 %
REGION VI,NEGROS OCCIDENTAL,CITY OF BACOLOD,TACULING,45010362,PARTYLIST,117 MARINO,2,0.42 %
REGION VI,NEGROS OCCIDENTAL,CITY OF BACOLOD,TACULING,45010362,PARTYLIST,118 UNITED FRONTLINERS,2,0.42 %
REGION VI,NEGROS OCCIDENTAL,CITY OF BACOLOD,TACULING,45010362,PARTYLIST,119 L.O.G.R.O. KUSINERO,0,0.00 %
REGION VI,NEGROS OCCIDENTAL,CITY OF BACOLOD,TACULING,45010362,PARTYLIST,120 BPO,0,0.00 %
REGION VI,NEGROS OCCIDENTAL,CITY OF BACOLOD,TACULING,45010362,PARTYLIST,121 ABANG LINGKOD,120,25.47 %
REGION VI,NEGROS OCCIDENTAL,CITY OF BACOLOD,TACULING,45010362,PARTYLIST,122 KUSUG TAUSUG,0,0.00 %
REGION VI,NEGROS OCCIDENTAL,CITY OF BACOLOD,TACULING,45010362,PARTYLIST,123 PLM,0,0.00 %
REGION VI,NEGROS OCCIDENTAL,CITY OF BACOLOD,TACULING,45010362,PARTYLIST,124 OK PARTYLIST,2,0.42 %
REGION VI,NEGROS OCCIDENTAL,CITY OF BACOLOD,TACULING,45010362,PARTYLIST,125 A TEACHER,2,0.42 %
REGION VI,NEGROS OCCIDENTAL,CITY OF BACOLOD,TACULING,45010362,PARTYLIST,126 PASADA-CC,0,0.00 %
REGION VI,NEGROS OCCIDENTAL,CITY OF BACOLOD,TACULING,45010362,PARTYLIST,127 OFW FAMILY,0,0.00 %
REGION VI,NEGROS OCCIDENTAL,CITY OF BACOLOD,TACULING,45010362,PARTYLIST,128 ANGKLA,2,0.42 %
REGION VI,NEGROS OCCIDENTAL,CITY OF BACOLOD,TACULING,45010362,PARTYLIST,129 COCOMAN,1,0.21 %
REGION VI,NEGROS OCCIDENTAL,CITY OF BACOLOD,TACULING,45010362,PARTYLIST,130 ACT AS ONE,1,0.21 %
REGION VI,NEGROS OCCIDENTAL,CITY OF BACOLOD,TACULING,45010362,PARTYLIST,131 AKO ILOCANO AKO,7,1.48 %
REGION VI,NEGROS OCCIDENTAL,CITY OF BACOLOD,TACULING,45010362,PARTYLIST,132 TRABAHO,1,0.21 %
REGION VI,NEGROS OCCIDENTAL,CITY OF BACOLOD,TACULING,45010362,PARTYLIST,133 PATROL,0,0.00 %
REGION VI,NEGROS OCCIDENTAL,CITY OF BACOLOD,TACULING,45010362,PARTYLIST,134 AKO PADAYON,0,0.00 %
REGION VI,NEGROS OCCIDENTAL,CITY OF BACOLOD,TACULING,45010362,PARTYLIST,135 ABONO,0,0.00 %
REGION VI,NEGROS OCCIDENTAL,CITY OF BACOLOD,TACULING,45010362,PARTYLIST,136 MANILA TEACHERS,1,0.21 %
REGION VI,NEGROS OCCIDENTAL,CITY OF BACOLOD,TACULING,45010362,PARTYLIST,137 KOOP-KAMPI,0,0.00 %
REGION VI,NEGROS OCCIDENTAL,CITY OF BACOLOD,TACULING,45010362,PARTYLIST,138 MAYPAGASA,1,0.21 %
REGION VI,NEGROS OCCIDENTAL,CITY OF BACOLOD,TACULING,45010362,PARTYLIST,139 PVAID,0,0.00 %
REGION VI,NEGROS OCCIDENTAL,CITY OF BACOLOD,TACULING,45010362,PARTYLIST,140 TUTOK TO WIN,7,1.48 %
REGION VI,NEGROS OCCIDENTAL,CITY OF BACOLOD,TACULING,45010362,PARTYLIST,141 BAYAN MUNA,4,0.84 %
REGION VI,NEGROS OCCIDENTAL,CITY OF BACOLOD,TACULING,45010362,PARTYLIST,142 API,0,0.00 %
REGION VI,NEGROS OCCIDENTAL,CITY OF BACOLOD,TACULING,45010362,PARTYLIST,143 ARTE,0,0.00 %
REGION VI,NEGROS OCCIDENTAL,CITY OF BACOLOD,TACULING,45010362,PARTYLIST,144 ASAP,0,0.00 %
REGION VI,NEGROS OCCIDENTAL,CITY OF BACOLOD,TACULING,45010362,PARTYLIST,145 BUNYOG,0,0.00 %
REGION VI,NEGROS OCCIDENTAL,CITY OF BACOLOD,TACULING,45010362,PARTYLIST,146 AKBAYAN,5,1.06 %
REGION VI,NEGROS OCCIDENTAL,CITY OF BACOLOD,TACULING,45010362,PARTYLIST,147 DAMAYAN,0,0.00 %
REGION VI,NEGROS OCCIDENTAL,CITY OF BACOLOD,TACULING,45010362,PARTYLIST,148 WIFI,1,0.21 %
REGION VI,NEGROS OCCIDENTAL,CITY OF BACOLOD,TACULING,45010362,PARTYLIST,149 CANCER PARTY LIST,0,0.00 %
REGION VI,NEGROS OCCIDENTAL,CITY OF BACOLOD,TACULING,45010362,PARTYLIST,150 1-ANG EDUKASYON,0,0.00 %
REGION VI,NEGROS OCCIDENTAL,CITY OF BACOLOD,TACULING,45010362,PARTYLIST,151 UFCC,0,0.00 %
REGION VI,NEGROS OCCIDENTAL,CITY OF BACOLOD,TACULING,45010362,PARTYLIST,152 AGRI,0,0.00 %
REGION VI,NEGROS OCCIDENTAL,CITY OF BACOLOD,TACULING,45010362,PARTYLIST,153 MAHARLIKA,0,0.00 %
REGION VI,NEGROS OCCIDENTAL,CITY OF BACOLOD,TACULING,45010362,PARTYLIST,154 ANAKPAWIS,1,0.21 %
REGION VI,NEGROS OCCIDENTAL,CITY OF BACOLOD,TACULING,45010362,PARTYLIST,155 1TAHANAN,1,0.21 %
REGION VI,NEGROS OCCIDENTAL,CITY OF BACOLOD,TACULING,45010362,PARTYLIST,156 TURISMO,1,0.21 %
REGION VI,NEGROS OCCIDENTAL,CITY OF BACOLOD,TACULING,45010362,PARTYLIST,157 APEC,1,0.21 %
REGION VI,NEGROS OCCIDENTAL,CITY OF BACOLOD,TACULING,45010362,PARTYLIST,158 SENIOR CITIZENS PARTYLIST,10,2.12 %
REGION VI,NEGROS OCCIDENTAL,CITY OF BACOLOD,TACULING,45010362,PARTYLIST,159 AASENSO,1,0.21 %
REGION VI,NEGROS OCCIDENTAL,CITY OF BACOLOD,TACULING,45010362,PARTYLIST,160 AMIN,0,0.00 %
REGION VI,NEGROS OCCIDENTAL,CITY OF BACOLOD,TACULING,45010362,PARTYLIST,161 1-PACMAN,4,0.84 %
REGION VI,NEGROS OCCIDENTAL,CITY OF BACOLOD,TACULING,45010362,PARTYLIST,162 ABB-NFCPI,0,0.00 %
REGION VI,NEGROS OCCIDENTAL,CITY OF BACOLOD,TACULING,45010362,PARTYLIST,163 AN WARAY,0,0.00 %
REGION VI,NEGROS OCCIDENTAL,CITY OF BACOLOD,TACULING,45010362,PARTYLIST,164 AP PARTYLIST,1,0.21 %
REGION VI,NEGROS OCCIDENTAL,CITY OF BACOLOD,TACULING,45010362,PARTYLIST,165 AKAP PINOY,1,0.21 %
REGION VI,NEGROS OCCIDENTAL,CITY OF BACOLOD,TACULING,45010362,PARTYLIST,166 BUHAY,1,0.21 %
REGION VI,NEGROS OCCIDENTAL,CITY OF BACOLOD,TACULING,45010362,PARTYLIST,167 ARISE,0,0.00 %
REGION VI,NEGROS OCCIDENTAL,CITY OF BACOLOD,TACULING,45010362,PARTYLIST,168 IWI,0,0.00 %
REGION VI,NEGROS OCCIDENTAL,CITY OF BACOLOD,TACULING,45010362,PARTYLIST,169 ANG TINIG NG SENIORS,0,0.00 %
REGION VI,NEGROS OCCIDENTAL,CITY OF BACOLOD,TACULING,45010362,PARTYLIST,170 LBP,0,0.00 %
REGION VI,NEGROS OCCIDENTAL,CITY OF BACOLOD,TACULING,45010362,PARTYLIST,171 IPEACE EPANAW,1,0.21 %
REGION VI,NEGROS OCCIDENTAL,CITY OF BACOLOD,TACULING,45010362,PARTYLIST,172 APAT-DAPAT,0,0.00 %
REGION VI,NEGROS OCCIDENTAL,CITY OF BACOLOD,TACULING,45010362,PARTYLIST,173 UMA ILONGGO,5,1.06 %
REGION VI,NEGROS OCCIDENTAL,CITY OF BACOLOD,TACULING,45010362,PARTYLIST,174 AYUDA,0,0.00 %
REGION VI,NEGROS OCCIDENTAL,CITY OF BACOLOD,TACULING,45010362,PARTYLIST,175 SAMBAYANAN,4,0.84 %
REGION VI,NEGROS OCCIDENTAL,CITY OF BACOLOD,TACULING,45010362,PARTYLIST,176 AKO BREEDER,3,0.63 %
REGION VI,NEGROS OCCIDENTAL,CITY OF BACOLOD,TACULING,45010362,PARTYLIST,177 FPJ,0,0.00 %
REGION VI,NEGROS OCCIDENTAL,CITY OF BACOLOD,TACULING,45010362,PARTYLIST,178 LIBRO,0,0.00 %
REGION VI,NEGROS OCCIDENTAL,CITY OF BACOLOD,TACULING,45010362,REP,Candidate,Votes,Percentage
REGION VI,NEGROS OCCIDENTAL,CITY OF BACOLOD,TACULING,45010362,REP,"ATAYDE, DAN (IND)",195,30.61 %
REGION VI,NEGROS OCCIDENTAL,CITY OF BACOLOD,TACULING,45010362,REP,"DAVID, WILLY (IND)",2,0.31 %
REGION VI,NEGROS OCCIDENTAL,CITY OF BACOLOD,TACULING,45010362,REP,"GASATAYA, GREG (NPC)",438,68.75 %
REGION VI,NEGROS OCCIDENTAL,CITY OF BACOLOD,TACULING,45010362,REP,"GUSTILO, ROMY (IND)",1,0.15 %
REGION VI,NEGROS OCCIDENTAL,CITY OF BACOLOD,TACULING,45010362,REP,"SAN MIGUEL, NONONG (PDDS)",1,0.15 %
REGION VI,NEGROS OCCIDENTAL,CITY OF BACOLOD,TACULING,45010362,MAYOR,Candidate,Votes,Percentage
REGION VI,NEGROS OCCIDENTAL,CITY OF BACOLOD,TACULING,45010362,MAYOR,"BENITEZ, ALBEE (PDPLBN)",354,53.63 %
REGION VI,NEGROS OCCIDENTAL,CITY OF BACOLOD,TACULING,45010362,MAYOR,"LEONARDIA, BING (NP)",306,46.36 %
REGION VI,NEGROS OCCIDENTAL,CITY OF BACOLOD,TACULING,45010362,VICE_MAYOR,Candidate,Votes,Percentage
REGION VI,NEGROS OCCIDENTAL,CITY OF BACOLOD,TACULING,45010362,VICE_MAYOR,"DISTRITO, CAESAR (PDPLBN)",175,28.00 %
REGION VI,NEGROS OCCIDENTAL,CITY OF BACOLOD,TACULING,45010362,VICE_MAYOR,"FAMILIARAN, EL CID (NP)",340,54.40 %
REGION VI,NEGROS OCCIDENTAL,CITY OF BACOLOD,TACULING,45010362,VICE_MAYOR,"GAMBOA, WILSON JR. (IND)",110,17.60 %
REGION VI,NEGROS OCCIDENTAL,CITY OF BACOLOD,TACULING,45010362,SP,Candidate,Votes,Percentage
REGION VI,NEGROS OCCIDENTAL,CITY OF BACOLOD,TACULING,45010362,SP,"ANG, EM (NP)",334,5.42 %
REGION VI,NEGROS OCCIDENTAL,CITY OF BACOLOD,TACULING,45010362,SP,"ARROYO, ALAN (IND)",43,0.69 %
REGION VI,NEGROS OCCIDENTAL,CITY OF BACOLOD,TACULING,45010362,SP,"AUJERO, JORGE THE WISE (IND)",8,0.12 %
REGION VI,NEGROS OCCIDENTAL,CITY OF BACOLOD,TACULING,45010362,SP,"BAIS, HOMER (PDPLBN)",187,3.03 %
REGION VI,NEGROS OCCIDENTAL,CITY OF BACOLOD,TACULING,45010362,SP,"BARIBAR, ARCHIE (PROMDI)",244,3.96 %
REGION VI,NEGROS OCCIDENTAL,CITY OF BACOLOD,TACULING,45010362,SP,"BELARIO, 007 (IND)",18,0.29 %
REGION VI,NEGROS OCCIDENTAL,CITY OF BACOLOD,TACULING,45010362,SP,"BELORIA, TOTO CESAR (IND)",81,1.31 %
REGION VI,NEGROS OCCIDENTAL,CITY OF BACOLOD,TACULING,45010362,SP,"CONTRERAS, LR (PRP)",23,0.37 %
REGION VI,NEGROS OCCIDENTAL,CITY OF BACOLOD,TACULING,45010362,SP,"DIAZ, JONATHAN JR. (NP)",131,2.12 %
REGION VI,NEGROS OCCIDENTAL,CITY OF BACOLOD,TACULING,45010362,SP,"DISTRITO, SIMPLE (PDPLBN)",190,3.08 %
REGION VI,NEGROS OCCIDENTAL,CITY OF BACOLOD,TACULING,45010362,SP,"ESPINO, AL (NPC)",235,3.81 %
REGION VI,NEGROS OCCIDENTAL,CITY OF BACOLOD,TACULING,45010362,SP,"FLOR, CELIA (IND)",248,4.02 %
REGION VI,NEGROS OCCIDENTAL,CITY OF BACOLOD,TACULING,45010362,SP,"GICO, VIC (IND)",26,0.42 %
REGION VI,NEGROS OCCIDENTAL,CITY OF BACOLOD,TACULING,45010362,SP,"GONZALEZ, VLADI (PDPLBN)",249,4.04 %
REGION VI,NEGROS OCCIDENTAL,CITY OF BACOLOD,TACULING,45010362,SP,"GUILLEM, ED (NP)",189,3.06 %
REGION VI,NEGROS OCCIDENTAL,CITY OF BACOLOD,TACULING,45010362,SP,"HERMOSURA, BONG (IND)",41,0.66 %
REGION VI,NEGROS OCCIDENTAL,CITY OF BACOLOD,TACULING,45010362,SP,"JAUOD, JIFFY (IND)",9,0.14 %
REGION VI,NEGROS OCCIDENTAL,CITY OF BACOLOD,TACULING,45010362,SP,"LACSON, PATRICK (PDPLBN)",210,3.41 %
REGION VI,NEGROS OCCIDENTAL,CITY OF BACOLOD,TACULING,45010362,SP,"LOPEZ, CARL (NP)",228,3.70 %
REGION VI,NEGROS OCCIDENTAL,CITY OF BACOLOD,TACULING,45010362,SP,"MAYO, MARK STEVEN (NPC)",69,1.12 %
REGION VI,NEGROS OCCIDENTAL,CITY OF BACOLOD,TACULING,45010362,SP,"MONTALVO, CASH (NP)",176,2.85 %
REGION VI,NEGROS OCCIDENTAL,CITY OF BACOLOD,TACULING,45010362,SP,"NACIONALES, FERMIN (IND)",15,0.24 %
REGION VI,NEGROS OCCIDENTAL,CITY OF BACOLOD,TACULING,45010362,SP,"NOVERO, RENECITO (NP)",285,4.62 %
REGION VI,NEGROS OCCIDENTAL,CITY OF BACOLOD,TACULING,45010362,SP,"OROLA, BART (PDPLBN)",199,3.23 %
REGION VI,NEGROS OCCIDENTAL,CITY OF BACOLOD,TACULING,45010362,SP,"PADIOS, EDUARDO (PPM)",44,0.71 %
REGION VI,NEGROS OCCIDENTAL,CITY OF BACOLOD,TACULING,45010362,SP,"PUENTEVELLA, KALAW (PROMDI)",207,3.36 %
REGION VI,NEGROS OCCIDENTAL,CITY OF BACOLOD,TACULING,45010362,SP,"RAMOS, DINDO (NP)",251,4.07 %
REGION VI,NEGROS OCCIDENTAL,CITY OF BACOLOD,TACULING,45010362,SP,"ROJAS, CINDY (NP)",325,5.27 %
REGION VI,NEGROS OCCIDENTAL,CITY OF BACOLOD,TACULING,45010362,SP,"SALANGA, ISRAEL (NP)",368,5.97 %
REGION VI,NEGROS OCCIDENTAL,CITY OF BACOLOD,TACULING,45010362,SP,"SAYSON, THADDY (PDPLBN)",284,4.61 %
REGION VI,NEGROS OCCIDENTAL,CITY OF BACOLOD,TACULING,45010362,SP,"SOLIDUM, MARLON (NPC)",173,2.80 %
REGION VI,NEGROS OCCIDENTAL,CITY OF BACOLOD,TACULING,45010362,SP,"SORONGON, CHRIS (NP)",219,3.55 %
REGION VI,NEGROS OCCIDENTAL,CITY OF BACOLOD,TACULING,45010362,SP,"SY, PAO (NPC)",182,2.95 %
REGION VI,NEGROS OCCIDENTAL,CITY OF BACOLOD,TACULING,45010362,SP,"TAN, CANO GWAPO (AKSYON)",185,3.00 %
REGION VI,NEGROS OCCIDENTAL,CITY OF BACOLOD,TACULING,45010362,SP,"VERDEFLOR, SONYA (UNEGA)",186,3.02 %
REGION VI,NEGROS OCCIDENTAL,CITY OF BACOLOD,TACULING,45010362,SP,"VILLAFUERTE, RICO (IND)",40,0.64 %
REGION VI,NEGROS OCCIDENTAL,CITY OF BACOLOD,TACULING,45010362,SP,"VILLAROSA, JASON (LAKAS)",235,3.81 %
REGION VI,NEGROS OCCIDENTAL,CITY OF BACOLOD,TACULING,45010362,SP,"WEBER, CHRISTIAN (IND)",21,0.34 %
region,province,city,barangay,precinct,position,candidate,votes,percentage
REGION VI,NEGROS OCCIDENTAL,CITY OF BACOLOD,TACULING,45010363,PRESIDENT,Candidate,Votes,Percentage
REGION VI,NEGROS OCCIDENTAL,CITY OF BACOLOD,TACULING,45010363,PRESIDENT,"ABELLA, ERNIE (IND)",2,0.30 %
REGION VI,NEGROS OCCIDENTAL,CITY OF BACOLOD,TACULING,45010363,PRESIDENT,"DE GUZMAN, LEODY (PLM)",0,0.00 %
REGION VI,NEGROS OCCIDENTAL,CITY OF BACOLOD,TACULING,45010363,PRESIDENT,"DOMAGOSO, ISKO MORENO (AKSYON)",37,5.71 %
REGION VI,NEGROS OCCIDENTAL,CITY OF BACOLOD,TACULING,45010363,PRESIDENT,"GONZALES, NORBERTO (PDSP)",2,0.30 %
REGION VI,NEGROS OCCIDENTAL,CITY OF BACOLOD,TACULING,45010363,PRESIDENT,"LACSON, PING (PDR)",8,1.23 %
REGION VI,NEGROS OCCIDENTAL,CITY OF BACOLOD,TACULING,45010363,PRESIDENT,"MANGONDATO, FAISAL (KTPNAN)",0,0.00 %
REGION VI,NEGROS OCCIDENTAL,CITY OF BACOLOD,TACULING,45010363,PRESIDENT,"MARCOS, BONGBONG (PFP)",294,45.44 %
REGION VI,NEGROS OCCIDENTAL,CITY OF BACOLOD,TACULING,45010363,PRESIDENT,"MONTEMAYOR, JOSE JR. (DPP)",1,0.15 %
REGION VI,NEGROS OCCIDENTAL,CITY OF BACOLOD,TACULING,45010363,PRESIDENT,"PACQUIAO, MANNY PACMAN(PROMDI)",38,5.87 %
REGION VI,NEGROS OCCIDENTAL,CITY OF BACOLOD,TACULING,45010363,PRESIDENT,"ROBREDO, LENI (IND)",265,40.95 %
REGION VI,NEGROS OCCIDENTAL,CITY OF BACOLOD,TACULING,45010363,VICE_PRESIDENT,Candidate,Votes,Percentage
REGION VI,NEGROS OCCIDENTAL,CITY OF BACOLOD,TACULING,45010363,VICE_PRESIDENT,"ATIENZA, LITO (PROMDI)",6,0.94 %
REGION VI,NEGROS OCCIDENTAL,CITY OF BACOLOD,TACULING,45010363,VICE_PRESIDENT,"BELLO, WALDEN (PLM)",0,0.00 %
REGION VI,NEGROS OCCIDENTAL,CITY OF BACOLOD,TACULING,45010363,VICE_PRESIDENT,"DAVID, RIZALITO (DPP)",0,0.00 %
REGION VI,NEGROS OCCIDENTAL,CITY OF BACOLOD,TACULING,45010363,VICE_PRESIDENT,"DUTERTE, SARA (LAKAS)",289,45.44 %
REGION VI,NEGROS OCCIDENTAL,CITY OF BACOLOD,TACULING,45010363,VICE_PRESIDENT,"LOPEZ, MANNY SD (WPP)",1,0.15 %
REGION VI,NEGROS OCCIDENTAL,CITY OF BACOLOD,TACULING,45010363,VICE_PRESIDENT,"ONG, DOC WILLIE (AKSYON)",27,4.24 %
REGION VI,NEGROS OCCIDENTAL,CITY OF BACOLOD,TACULING,45010363,VICE_PRESIDENT,"PANGILINAN, KIKO (LP)",188,29.55 %
REGION VI,NEGROS OCCIDENTAL,CITY OF BACOLOD,TACULING,45010363,VICE_PRESIDENT,"SERAPIO, CARLOS (KTPNAN)",0,0.00 %
REGION VI,NEGROS OCCIDENTAL,CITY OF BACOLOD,TACULING,45010363,VICE_PRESIDENT,"SOTTO, VICENTE TITO (NPC)",125,19.65 %
REGION VI,NEGROS OCCIDENTAL,CITY OF BACOLOD,TACULING,45010363,SENATOR,Candidate,Votes,Percentage
REGION VI,NEGROS OCCIDENTAL,CITY OF BACOLOD,TACULING,45010363,SENATOR,"AFUANG, ABNER (IND)",12,0.20 %
REGION VI,NEGROS OCCIDENTAL,CITY OF BACOLOD,TACULING,45010363,SENATOR,"ALBANI, IBRAHIM (WPP)",9,0.15 %
REGION VI,NEGROS OCCIDENTAL,CITY OF BACOLOD,TACULING,45010363,SENATOR,"ARRANZA, MANG JESS (IND)",7,0.11 %
REGION VI,NEGROS OCCIDENTAL,CITY OF BACOLOD,TACULING,45010363,SENATOR,"BAGUILAT, TEDDY (LP)",96,1.60 %
REGION VI,NEGROS OCCIDENTAL,CITY OF BACOLOD,TACULING,45010363,SENATOR,"BAILEN, AGNES (IND)",6,0.10 %
REGION VI,NEGROS OCCIDENTAL,CITY OF BACOLOD,TACULING,45010363,SENATOR,"BALITA, CARL (AKSYON)",46,0.77 %
REGION VI,NEGROS OCCIDENTAL,CITY OF BACOLOD,TACULING,45010363,SENATOR,"BARBO, LUTZ (PDPLBN)",6,0.10 %
REGION VI,NEGROS OCCIDENTAL,CITY OF BACOLOD,TACULING,45010363,SENATOR,"BAUTISTA, HERBERT BISTEK (NPC)",148,2.48 %
REGION VI,NEGROS OCCIDENTAL,CITY OF BACOLOD,TACULING,45010363,SENATOR,"BELGICA, GRECO (PDDS)",24,0.40 %
REGION VI,NEGROS OCCIDENTAL,CITY OF BACOLOD,TACULING,45010363,SENATOR,"BELLO, SILVESTRE JR. (PDPLBN)",28,0.46 %
REGION VI,NEGROS OCCIDENTAL,CITY OF BACOLOD,TACULING,45010363,SENATOR,"BINAY, JOJO (UNA)",115,1.92 %
REGION VI,NEGROS OCCIDENTAL,CITY OF BACOLOD,TACULING,45010363,SENATOR,"CABONEGRO, ROY (PLM)",13,0.21 %
REGION VI,NEGROS OCCIDENTAL,CITY OF BACOLOD,TACULING,45010363,SENATOR,"CASTRICIONES, BRO JOHN(PDPLBN)",11,0.18 %
REGION VI,NEGROS OCCIDENTAL,CITY OF BACOLOD,TACULING,45010363,SENATOR,"CAYETANO, ALAN PETER (IND)",241,4.03 %
REGION VI,NEGROS OCCIDENTAL,CITY OF BACOLOD,TACULING,45010363,SENATOR,"CHAVEZ, MELCHOR (WPP)",10,0.16 %
REGION VI,NEGROS OCCIDENTAL,CITY OF BACOLOD,TACULING,45010363,SENATOR,"COLMENARES, NERI (MKBYN)",209,3.50 %
REGION VI,NEGROS OCCIDENTAL,CITY OF BACOLOD,TACULING,45010363,SENATOR,"D'ANGELO, DAVID (PLM)",20,0.33 %
REGION VI,NEGROS OCCIDENTAL,CITY OF BACOLOD,TACULING,45010363,SENATOR,"DE LIMA, LEILA (LP)",170,2.84 %
REGION VI,NEGROS OCCIDENTAL,CITY OF BACOLOD,TACULING,45010363,SENATOR,"DEL ROSARIO, MONSOUR (PDR)",77,1.29 %
REGION VI,NEGROS OCCIDENTAL,CITY OF BACOLOD,TACULING,45010363,SENATOR,"DIAZ, DING (PPP)",14,0.23 %
REGION VI,NEGROS OCCIDENTAL,CITY OF BACOLOD,TACULING,45010363,SENATOR,"DIOKNO, CHEL (KANP)",253,4.24 %
REGION VI,NEGROS OCCIDENTAL,CITY OF BACOLOD,TACULING,45010363,SENATOR,"EJERCITO, JV ESTRADA (NPC)",159,2.66 %
REGION VI,NEGROS OCCIDENTAL,CITY OF BACOLOD,TACULING,45010363,SENATOR,"ELEAZAR, GEN. GUILLERMO (PDR)",151,2.53 %
REGION VI,NEGROS OCCIDENTAL,CITY OF BACOLOD,TACULING,45010363,SENATOR,"EREÑO, BRO. ERNIE (PM)",3,0.05 %
REGION VI,NEGROS OCCIDENTAL,CITY OF BACOLOD,TACULING,45010363,SENATOR,"ESCUDERO, CHIZ (NPC)",282,4.72 %
REGION VI,NEGROS OCCIDENTAL,CITY OF BACOLOD,TACULING,45010363,SENATOR,"ESPIRITU, LUKE (PLM)",106,1.77 %
REGION VI,NEGROS OCCIDENTAL,CITY OF BACOLOD,TACULING,45010363,SENATOR,"ESTRADA, JINGGOY (PMP)",76,1.27 %
REGION VI,NEGROS OCCIDENTAL,CITY OF BACOLOD,TACULING,45010363,SENATOR,"FALCONE, BAL FALCON (DPP)",5,0.08 %
REGION VI,NEGROS OCCIDENTAL,CITY OF BACOLOD,TACULING,45010363,SENATOR,"GADON, LARRY (KBL)",104,1.74 %
REGION VI,NEGROS OCCIDENTAL,CITY OF BACOLOD,TACULING,45010363,SENATOR,"GATCHALIAN, WIN (NPC)",248,4.15 %
REGION VI,NEGROS OCCIDENTAL,CITY OF BACOLOD,TACULING,45010363,SENATOR,"GORDON, WOW DICK (BVNP)",182,3.05 %
REGION VI,NEGROS OCCIDENTAL,CITY OF BACOLOD,TACULING,45010363,SENATOR,"GUTOC, SAMIRA (AKSYON)",31,0.51 %
REGION VI,NEGROS OCCIDENTAL,CITY OF BACOLOD,TACULING,45010363,SENATOR,"HONASAN, GRINGO (IND)",119,1.99 %
REGION VI,NEGROS OCCIDENTAL,CITY OF BACOLOD,TACULING,45010363,SENATOR,"HONTIVEROS, RISA (AKBAYAN)",305,5.11 %
REGION VI,NEGROS OCCIDENTAL,CITY OF BACOLOD,TACULING,45010363,SENATOR,"JAVELLANA, RJ (IND)",10,0.16 %
REGION VI,NEGROS OCCIDENTAL,CITY OF BACOLOD,TACULING,45010363,SENATOR,"KIRAM, NUR-MAHAL (IND)",7,0.11 %
REGION VI,NEGROS OCCIDENTAL,CITY OF BACOLOD,TACULING,45010363,SENATOR,"LABOG, ELMER (MKBYN)",21,0.35 %
REGION VI,NEGROS OCCIDENTAL,CITY OF BACOLOD,TACULING,45010363,SENATOR,"LACSON, KUYA ALEX (KP)",151,2.53 %
REGION VI,NEGROS OCCIDENTAL,CITY OF BACOLOD,TACULING,45010363,SENATOR,"LANGIT, REY (PDPLBN)",12,0.20 %
REGION VI,NEGROS OCCIDENTAL,CITY OF BACOLOD,TACULING,45010363,SENATOR,"LEGARDA, LOREN (NPC)",290,4.86 %
REGION VI,NEGROS OCCIDENTAL,CITY OF BACOLOD,TACULING,45010363,SENATOR,"LIM, ARIEL (IND)",8,0.13 %
REGION VI,NEGROS OCCIDENTAL,CITY OF BACOLOD,TACULING,45010363,SENATOR,"MALLILLIN, EMILY (PPM)",4,0.06 %
REGION VI,NEGROS OCCIDENTAL,CITY OF BACOLOD,TACULING,45010363,SENATOR,"MARCOLETA, RODANTE (PDPLBN)",42,0.70 %
REGION VI,NEGROS OCCIDENTAL,CITY OF BACOLOD,TACULING,45010363,SENATOR,"MARCOS, FRANCIS LEO (IND)",38,0.63 %
REGION VI,NEGROS OCCIDENTAL,CITY OF BACOLOD,TACULING,45010363,SENATOR,"MATULA, SONNY (IND)",70,1.17 %
REGION VI,NEGROS OCCIDENTAL,CITY OF BACOLOD,TACULING,45010363,SENATOR,"MINDALANO-ADAM,MARIETA(KTPNAN)",4,0.06 %
REGION VI,NEGROS OCCIDENTAL,CITY OF BACOLOD,TACULING,45010363,SENATOR,"OLARTE, ATTY/DR. LEO (BIGKIS)",20,0.33 %
REGION VI,NEGROS OCCIDENTAL,CITY OF BACOLOD,TACULING,45010363,SENATOR,"PADILLA, DRA. MINGUITA (PDR)",46,0.77 %
REGION VI,NEGROS OCCIDENTAL,CITY OF BACOLOD,TACULING,45010363,SENATOR,"PADILLA, ROBIN (PDPLBN)",203,3.40 %
REGION VI,NEGROS OCCIDENTAL,CITY OF BACOLOD,TACULING,45010363,SENATOR,"PANELO, SAL PANALO (PDPLBN)",59,0.98 %
REGION VI,NEGROS OCCIDENTAL,CITY OF BACOLOD,TACULING,45010363,SENATOR,"PIMENTEL, ASTRA (PDPLBN)",54,0.90 %
REGION VI,NEGROS OCCIDENTAL,CITY OF BACOLOD,TACULING,45010363,SENATOR,"PIÑOL, MANNY (NPC)",39,0.65 %
REGION VI,NEGROS OCCIDENTAL,CITY OF BACOLOD,TACULING,45010363,SENATOR,"RICABLANCA, WILLIE JR. (PM)",6,0.10 %
REGION VI,NEGROS OCCIDENTAL,CITY OF BACOLOD,TACULING,45010363,SENATOR,"ROQUE, HARRY SPOX (PRP)",97,1.62 %
REGION VI,NEGROS OCCIDENTAL,CITY OF BACOLOD,TACULING,45010363,SENATOR,"SAHIDULLA, LADY ANNE (PDDS)",4,0.06 %
REGION VI,NEGROS OCCIDENTAL,CITY OF BACOLOD,TACULING,45010363,SENATOR,"SISON, JOPET (AKSYON)",31,0.51 %
REGION VI,NEGROS OCCIDENTAL,CITY OF BACOLOD,TACULING,45010363,SENATOR,"TEODORO, GIBO (PRP)",200,3.35 %
REGION VI,NEGROS OCCIDENTAL,CITY OF BACOLOD,TACULING,45010363,SENATOR,"TRILLANES, ANTONIO IV (LP)",183,3.06 %
REGION VI,NEGROS OCCIDENTAL,CITY OF BACOLOD,TACULING,45010363,SENATOR,"TULFO, IDOL RAFFY (IND)",320,5.36 %
REGION VI,NEGROS OCCIDENTAL,CITY OF BACOLOD,TACULING,45010363,SENATOR,"VALEROS, REY (IND)",4,0.06 %
REGION VI,NEGROS OCCIDENTAL,CITY OF BACOLOD,TACULING,45010363,SENATOR,"VILLANUEVA,JOEL TESDAMAN (IND)",213,3.57 %
REGION VI,NEGROS OCCIDENTAL,CITY OF BACOLOD,TACULING,45010363,SENATOR,"VILLAR, MARK (NP)",207,3.46 %
REGION VI,NEGROS OCCIDENTAL,CITY OF BACOLOD,TACULING,45010363,SENATOR,"ZUBIAGA, CARMEN (IND)",33,0.55 %
REGION VI,NEGROS OCCIDENTAL,CITY OF BACOLOD,TACULING,45010363,SENATOR,"ZUBIRI, MIGZ (IND)",304,5.09 %
REGION VI,NEGROS OCCIDENTAL,CITY OF BACOLOD,TACULING,45010363,PARTYLIST,Candidate,Votes,Percentage
REGION VI,NEGROS OCCIDENTAL,CITY OF BACOLOD,TACULING,45010363,PARTYLIST,01 KAMALAYAN,0,0.00 %
REGION VI,NEGROS OCCIDENTAL,CITY OF BACOLOD,TACULING,45010363,PARTYLIST,02 KM NGAYON NA,0,0.00 %
REGION VI,NEGROS OCCIDENTAL,CITY OF BACOLOD,TACULING,45010363,PARTYLIST,03 PSIS,0,0.00 %
REGION VI,NEGROS OCCIDENTAL,CITY OF BACOLOD,TACULING,45010363,PARTYLIST,04 AGAP,1,0.21 %
REGION VI,NEGROS OCCIDENTAL,CITY OF BACOLOD,TACULING,45010363,PARTYLIST,05 KABAYAN,3,0.64 %
REGION VI,NEGROS OCCIDENTAL,CITY OF BACOLOD,TACULING,45010363,PARTYLIST,06 HOME OWNER,3,0.64 %
REGION VI,NEGROS OCCIDENTAL,CITY OF BACOLOD,TACULING,45010363,PARTYLIST,07 KAPUSO-PM,0,0.00 %
REGION VI,NEGROS OCCIDENTAL,CITY OF BACOLOD,TACULING,45010363,PARTYLIST,08 PDP CARES,1,0.21 %
REGION VI,NEGROS OCCIDENTAL,CITY OF BACOLOD,TACULING,45010363,PARTYLIST,09 MARVELOUS TAYO,0,0.00 %
REGION VI,NEGROS OCCIDENTAL,CITY OF BACOLOD,TACULING,45010363,PARTYLIST,10 AKO OFW,3,0.64 %
REGION VI,NEGROS OCCIDENTAL,CITY OF BACOLOD,TACULING,45010363,PARTYLIST,11 UNITED SENIOR CITIZEN,7,1.49 %
REGION VI,NEGROS OCCIDENTAL,CITY OF BACOLOD,TACULING,45010363,PARTYLIST,12 WOW PILIPINAS,1,0.21 %
REGION VI,NEGROS OCCIDENTAL,CITY OF BACOLOD,TACULING,45010363,PARTYLIST,13 ALTERNATIBA,0,0.00 %
REGION VI,NEGROS OCCIDENTAL,CITY OF BACOLOD,TACULING,45010363,PARTYLIST,14 1-RIDER PARTYLIST,4,0.85 %
REGION VI,NEGROS OCCIDENTAL,CITY OF BACOLOD,TACULING,45010363,PARTYLIST,15 1-CARE,1,0.21 %
REGION VI,NEGROS OCCIDENTAL,CITY OF BACOLOD,TACULING,45010363,PARTYLIST,16 ABP,0,0.00 %
REGION VI,NEGROS OCCIDENTAL,CITY OF BACOLOD,TACULING,45010363,PARTYLIST,17 AKO MUSIKERO,0,0.00 %
REGION VI,NEGROS OCCIDENTAL,CITY OF BACOLOD,TACULING,45010363,PARTYLIST,18 AKO BICOL,0,0.00 %
REGION VI,NEGROS OCCIDENTAL,CITY OF BACOLOD,TACULING,45010363,PARTYLIST,19 PRAI,2,0.42 %
REGION VI,NEGROS OCCIDENTAL,CITY OF BACOLOD,TACULING,45010363,PARTYLIST,20 4PS,1,0.21 %
REGION VI,NEGROS OCCIDENTAL,CITY OF BACOLOD,TACULING,45010363,PARTYLIST,21 MAAGAP,0,0.00 %
REGION VI,NEGROS OCCIDENTAL,CITY OF BACOLOD,TACULING,45010363,PARTYLIST,22 ABANTE PILIPINAS,5,1.06 %
REGION VI,NEGROS OCCIDENTAL,CITY OF BACOLOD,TACULING,45010363,PARTYLIST,23 AKTIBONG KAAGAPAY,1,0.21 %
REGION VI,NEGROS OCCIDENTAL,CITY OF BACOLOD,TACULING,45010363,PARTYLIST,24 ALSA BISAYA,0,0.00 %
REGION VI,NEGROS OCCIDENTAL,CITY OF BACOLOD,TACULING,45010363,PARTYLIST,25 PROBINSYANO AKO,1,0.21 %
REGION VI,NEGROS OCCIDENTAL,CITY OF BACOLOD,TACULING,45010363,PARTYLIST,26 YACAP,2,0.42 %
REGION VI,NEGROS OCCIDENTAL,CITY OF BACOLOD,TACULING,45010363,PARTYLIST,27 MAGDALO,4,0.85 %
REGION VI,NEGROS OCCIDENTAL,CITY OF BACOLOD,TACULING,45010363,PARTYLIST,28 ACT-CIS,14,2.99 %
REGION VI,NEGROS OCCIDENTAL,CITY OF BACOLOD,TACULING,45010363,PARTYLIST,29 HUGPONG FEDERAL,0,0.00 %
REGION VI,NEGROS OCCIDENTAL,CITY OF BACOLOD,TACULING,45010363,PARTYLIST,30 TGP,1,0.21 %
REGION VI,NEGROS OCCIDENTAL,CITY OF BACOLOD,TACULING,45010363,PARTYLIST,31 ONE COOP,0,0.00 %
REGION VI,NEGROS OCCIDENTAL,CITY OF BACOLOD,TACULING,45010363,PARTYLIST,32 BARKADAHAN,0,0.00 %
REGION VI,NEGROS OCCIDENTAL,CITY OF BACOLOD,TACULING,45010363,PARTYLIST,33 DUMPER PTDA,2,0.42 %
REGION VI,NEGROS OCCIDENTAL,CITY OF BACOLOD,TACULING,45010363,PARTYLIST,34 MALABUNG,0,0.00 %
REGION VI,NEGROS OCCIDENTAL,CITY OF BACOLOD,TACULING,45010363,PARTYLIST,35 BH (BAGONG HENERASYON),1,0.21 %
REGION VI,NEGROS OCCIDENTAL,CITY OF BACOLOD,TACULING,45010363,PARTYLIST,36 AKMA-PTM,0,0.00 %
REGION VI,NEGROS OCCIDENTAL,CITY OF BACOLOD,TACULING,45010363,PARTYLIST,37 IPATUPAD,27,5.76 %
REGION VI,NEGROS OCCIDENTAL,CITY OF BACOLOD,TACULING,45010363,PARTYLIST,38 PINUNO,1,0.21 %
REGION VI,NEGROS OCCIDENTAL,CITY OF BACOLOD,TACULING,45010363,PARTYLIST,39 LPGMA,0,0.00 %
REGION VI,NEGROS OCCIDENTAL,CITY OF BACOLOD,TACULING,45010363,PARTYLIST,40 CLICK PARTY,0,0.00 %
REGION VI,NEGROS OCCIDENTAL,CITY OF BACOLOD,TACULING,45010363,PARTYLIST,41 TODA,0,0.00 %
REGION VI,NEGROS OCCIDENTAL,CITY OF BACOLOD,TACULING,45010363,PARTYLIST,42 BHW,0,0.00 %
REGION VI,NEGROS OCCIDENTAL,CITY OF BACOLOD,TACULING,45010363,PARTYLIST,43 MALASAKIT@BAYANIHAN,56,11.96 %
REGION VI,NEGROS OCCIDENTAL,CITY OF BACOLOD,TACULING,45010363,PARTYLIST,44 ABS,0,0.00 %
REGION VI,NEGROS OCCIDENTAL,CITY OF BACOLOD,TACULING,45010363,PARTYLIST,45 PASAHERO PARTYLIST,0,0.00 %
REGION VI,NEGROS OCCIDENTAL,CITY OF BACOLOD,TACULING,45010363,PARTYLIST,46 ANGAT,5,1.06 %
REGION VI,NEGROS OCCIDENTAL,CITY OF BACOLOD,TACULING,45010363,PARTYLIST,47 SOLID-CHANGE,1,0.21 %
REGION VI,NEGROS OCCIDENTAL,CITY OF BACOLOD,TACULING,45010363,PARTYLIST,48 BICOL SARO,0,0.00 %
REGION VI,NEGROS OCCIDENTAL,CITY OF BACOLOD,TACULING,45010363,PARTYLIST,49 OFW,3,0.64 %
REGION VI,NEGROS OCCIDENTAL,CITY OF BACOLOD,TACULING,45010363,PARTYLIST,50 ANG PROBINSIYANO,4,0.85 %
REGION VI,NEGROS OCCIDENTAL,CITY OF BACOLOD,TACULING,45010363,PARTYLIST,51 ANAKALUSUGAN,0,0.00 %
REGION VI,NEGROS OCCIDENTAL,CITY OF BACOLOD,TACULING,45010363,PARTYLIST,52 PBA,1,0.21 %
REGION VI,NEGROS OCCIDENTAL,CITY OF BACOLOD,TACULING,45010363,PARTYLIST,53 PEACE,2,0.42 %
REGION VI,NEGROS OCCIDENTAL,CITY OF BACOLOD,TACULING,45010363,PARTYLIST,54 P3PWD,23,4.91 %
REGION VI,NEGROS OCCIDENTAL,CITY OF BACOLOD,TACULING,45010363,PARTYLIST,55 S.M.I.L.E,0,0.00 %
REGION VI,NEGROS OCCIDENTAL,CITY OF BACOLOD,TACULING,45010363,PARTYLIST,56 AAMBIS-OWA,0,0.00 %
REGION VI,NEGROS OCCIDENTAL,CITY OF BACOLOD,TACULING,45010363,PARTYLIST,57 BUTIL,0,0.00 %
REGION VI,NEGROS OCCIDENTAL,CITY OF BACOLOD,TACULING,45010363,PARTYLIST,58 LUNAS,0,0.00 %
REGION VI,NEGROS OCCIDENTAL,CITY OF BACOLOD,TACULING,45010363,PARTYLIST,59 ANG KOMADRONA,0,0.00 %
REGION VI,NEGROS OCCIDENTAL,CITY OF BACOLOD,TACULING,45010363,PARTYLIST,60 KABAKA,0,0.00 %
REGION VI,NEGROS OCCIDENTAL,CITY OF BACOLOD,TACULING,45010363,PARTYLIST,61 SAGIP,1,0.21 %
REGION VI,NEGROS OCCIDENTAL,CITY OF BACOLOD,TACULING,45010363,PARTYLIST,62 ANG KABUHAYAN,2,0.42 %
REGION VI,NEGROS OCCIDENTAL,CITY OF BACOLOD,TACULING,45010363,PARTYLIST,63 AKO I.P.,1,0.21 %
REGION VI,NEGROS OCCIDENTAL,CITY OF BACOLOD,TACULING,45010363,PARTYLIST,64 PHILRECA,0,0.00 %
REGION VI,NEGROS OCCIDENTAL,CITY OF BACOLOD,TACULING,45010363,PARTYLIST,65 BABAE AKO,1,0.21 %
REGION VI,NEGROS OCCIDENTAL,CITY OF BACOLOD,TACULING,45010363,PARTYLIST,66 KB,0,0.00 %
REGION VI,NEGROS OCCIDENTAL,CITY OF BACOLOD,TACULING,45010363,PARTYLIST,67 GABRIELA,4,0.85 %
REGION VI,NEGROS OCCIDENTAL,CITY OF BACOLOD,TACULING,45010363,PARTYLIST,68 KALINGA,1,0.21 %
REGION VI,NEGROS OCCIDENTAL,CITY OF BACOLOD,TACULING,45010363,PARTYLIST,69 STL,0,0.00 %
REGION VI,NEGROS OCCIDENTAL,CITY OF BACOLOD,TACULING,45010363,PARTYLIST,70 RECOBODA,0,0.00 %
REGION VI,NEGROS OCCIDENTAL,CITY OF BACOLOD,TACULING,45010363,PARTYLIST,71 ANGAT PINOY,0,0.00 %
REGION VI,NEGROS OCCIDENTAL,CITY OF BACOLOD,TACULING,45010363,PARTYLIST,72 ANAC-IP,0,0.00 %
REGION VI,NEGROS OCCIDENTAL,CITY OF BACOLOD,TACULING,45010363,PARTYLIST,73 DIWA,0,0.00 %
REGION VI,NEGROS OCCIDENTAL,CITY OF BACOLOD,TACULING,45010363,PARTYLIST,74 ASENSO PINOY,1,0.21 %
REGION VI,NEGROS OCCIDENTAL,CITY OF BACOLOD,TACULING,45010363,PARTYLIST,75 PPP,0,0.00 %
REGION VI,NEGROS OCCIDENTAL,CITY OF BACOLOD,TACULING,45010363,PARTYLIST,76 PAMILYA MUNA,0,0.00 %
REGION VI,NEGROS OCCIDENTAL,CITY OF BACOLOD,TACULING,45010363,PARTYLIST,77 AYUDA SANDUGO,0,0.00 %
REGION VI,NEGROS OCCIDENTAL,CITY OF BACOLOD,TACULING,45010363,PARTYLIST,78 BUKLOD FILIPINO,0,0.00 %
REGION VI,NEGROS OCCIDENTAL,CITY OF BACOLOD,TACULING,45010363,PARTYLIST,79 BTS,0,0.00 %
REGION VI,NEGROS OCCIDENTAL,CITY OF BACOLOD,TACULING,45010363,PARTYLIST,80 MOCHA,2,0.42 %
REGION VI,NEGROS OCCIDENTAL,CITY OF BACOLOD,TACULING,45010363,PARTYLIST,81 ACT TEACHERS,10,2.13 %
REGION VI,NEGROS OCCIDENTAL,CITY OF BACOLOD,TACULING,45010363,PARTYLIST,82 ALONA,0,0.00 %
REGION VI,NEGROS OCCIDENTAL,CITY OF BACOLOD,TACULING,45010363,PARTYLIST,83 KABALIKAT,0,0.00 %
REGION VI,NEGROS OCCIDENTAL,CITY OF BACOLOD,TACULING,45010363,PARTYLIST,84 ALIF,0,0.00 %
REGION VI,NEGROS OCCIDENTAL,CITY OF BACOLOD,TACULING,45010363,PARTYLIST,85 1-UTAP BICOL,0,0.00 %
REGION VI,NEGROS OCCIDENTAL,CITY OF BACOLOD,TACULING,45010363,PARTYLIST,86 TINGOG,2,0.42 %
REGION VI,NEGROS OCCIDENTAL,CITY OF BACOLOD,TACULING,45010363,PARTYLIST,87 H.E.L.P. PILIPINAS,0,0.00 %
REGION VI,NEGROS OCCIDENTAL,CITY OF BACOLOD,TACULING,45010363,PARTYLIST,88 TUCP,2,0.42 %
REGION VI,NEGROS OCCIDENTAL,CITY OF BACOLOD,TACULING,45010363,PARTYLIST,89 PTA,0,0.00 %
REGION VI,NEGROS OCCIDENTAL,CITY OF BACOLOD,TACULING,45010363,PARTYLIST,90 AGIMAT,0,0.00 %
REGION VI,NEGROS OCCIDENTAL,CITY OF BACOLOD,TACULING,45010363,PARTYLIST,91 KONTRA BROWNOUT,3,0.64 %
REGION VI,NEGROS OCCIDENTAL,CITY OF BACOLOD,TACULING,45010363,PARTYLIST,92 TULUNGAN TAYO,0,0.00 %
REGION VI,NEGROS OCCIDENTAL,CITY OF BACOLOD,TACULING,45010363,PARTYLIST,93 DUTERTE YOUTH,6,1.28 %
REGION VI,NEGROS OCCIDENTAL,CITY OF BACOLOD,TACULING,45010363,PARTYLIST,94 ABEKA,0,0.00 %
REGION VI,NEGROS OCCIDENTAL,CITY OF BACOLOD,TACULING,45010363,PARTYLIST,95 KABATAAN,3,0.64 %
REGION VI,NEGROS OCCIDENTAL,CITY OF BACOLOD,TACULING,45010363,PARTYLIST,97 ACTS-OFW,1,0.21 %
REGION VI,NEGROS OCCIDENTAL,CITY OF BACOLOD,TACULING,45010363,PARTYLIST,98 RAM,3,0.64 %
REGION VI,NEGROS OCCIDENTAL,CITY OF BACOLOD,TACULING,45010363,PARTYLIST,99 USWAG ILONGGO,18,3.84 %
REGION VI,NEGROS OCCIDENTAL,CITY OF BACOLOD,TACULING,45010363,PARTYLIST,100 AKO BISAYA,0,0.00 %
REGION VI,NEGROS OCCIDENTAL,CITY OF BACOLOD,TACULING,45010363,PARTYLIST,101 KAPAMILYA,0,0.00 %
REGION VI,NEGROS OCCIDENTAL,CITY OF BACOLOD,TACULING,45010363,PARTYLIST,102 PUSONG PINOY,0,0.00 %
REGION VI,NEGROS OCCIDENTAL,CITY OF BACOLOD,TACULING,45010363,PARTYLIST,103 CWS,0,0.00 %
REGION VI,NEGROS OCCIDENTAL,CITY OF BACOLOD,TACULING,45010363,PARTYLIST,104 SILBI,0,0.00 %
REGION VI,NEGROS OCCIDENTAL,CITY OF BACOLOD,TACULING,45010363,PARTYLIST,105 CIBAC,2,0.42 %
REGION VI,NEGROS OCCIDENTAL,CITY OF BACOLOD,TACULING,45010363,PARTYLIST,106 SUBANEN,0,0.00 %
REGION VI,NEGROS OCCIDENTAL,CITY OF BACOLOD,TACULING,45010363,PARTYLIST,107 AKKK,0,0.00 %
REGION VI,NEGROS OCCIDENTAL,CITY OF BACOLOD,TACULING,45010363,PARTYLIST,108 BG PARTY-LIST,0,0.00 %
REGION VI,NEGROS OCCIDENTAL,CITY OF BACOLOD,TACULING,45010363,PARTYLIST,109 PAMILYANG MAGSASAKA,0,0.00 %
REGION VI,NEGROS OCCIDENTAL,CITY OF BACOLOD,TACULING,45010363,PARTYLIST,110 COOP NATCCO,4,0.85 %
REGION VI,NEGROS OCCIDENTAL,CITY OF BACOLOD,TACULING,45010363,PARTYLIST,111 FRONTLINERS ANG BIDA,0,0.00 %
REGION VI,NEGROS OCCIDENTAL,CITY OF BACOLOD,TACULING,45010363,PARTYLIST,112 KASAMA,0,0.00 %
REGION VI,NEGROS OCCIDENTAL,CITY OF BACOLOD,TACULING,45010363,PARTYLIST,113 AKO BISDAK,3,0.64 %
REGION VI,NEGROS OCCIDENTAL,CITY OF BACOLOD,TACULING,45010363,PARTYLIST,114 GP PARTY,0,0.00 %
REGION VI,NEGROS OCCIDENTAL,CITY OF BACOLOD,TACULING,45010363,PARTYLIST,115 BAHAY,1,0.21 %
REGION VI,NEGROS OCCIDENTAL,CITY OF BACOLOD,TACULING,45010363,PARTYLIST,116 MAGSASAKA,3,0.64 %
REGION VI,NEGROS OCCIDENTAL,CITY OF BACOLOD,TACULING,45010363,PARTYLIST,117 MARINO,2,0.42 %
REGION VI,NEGROS OCCIDENTAL,CITY OF BACOLOD,TACULING,45010363,PARTYLIST,118 UNITED FRONTLINERS,2,0.42 %
REGION VI,NEGROS OCCIDENTAL,CITY OF BACOLOD,TACULING,45010363,PARTYLIST,119 L.O.G.R.O. KUSINERO,0,0.00 %
REGION VI,NEGROS OCCIDENTAL,CITY OF BACOLOD,TACULING,45010363,PARTYLIST,120 BPO,1,0.21 %
REGION VI,NEGROS OCCIDENTAL,CITY OF BACOLOD,TACULING,45010363,PARTYLIST,121 ABANG LINGKOD,136,29.05 %
REGION VI,NEGROS OCCIDENTAL,CITY OF BACOLOD,TACULING,45010363,PARTYLIST,122 KUSUG TAUSUG,0,0.00 %
REGION VI,NEGROS OCCIDENTAL,CITY OF BACOLOD,TACULING,45010363,PARTYLIST,123 PLM,1,0.21 %
REGION VI,NEGROS OCCIDENTAL,CITY OF BACOLOD,TACULING,45010363,PARTYLIST,124 OK PARTYLIST,3,0.64 %
REGION VI,NEGROS OCCIDENTAL,CITY OF BACOLOD,TACULING,45010363,PARTYLIST,125 A TEACHER,1,0.21 %
REGION VI,NEGROS OCCIDENTAL,CITY OF BACOLOD,TACULING,45010363,PARTYLIST,126 PASADA-CC,0,0.00 %
REGION VI,NEGROS OCCIDENTAL,CITY OF BACOLOD,TACULING,45010363,PARTYLIST,127 OFW FAMILY,1,0.21 %
REGION VI,NEGROS OCCIDENTAL,CITY OF BACOLOD,TACULING,45010363,PARTYLIST,128 ANGKLA,7,1.49 %
REGION VI,NEGROS OCCIDENTAL,CITY OF BACOLOD,TACULING,45010363,PARTYLIST,129 COCOMAN,0,0.00 %
REGION VI,NEGROS OCCIDENTAL,CITY OF BACOLOD,TACULING,45010363,PARTYLIST,130 ACT AS ONE,1,0.21 %
REGION VI,NEGROS OCCIDENTAL,CITY OF BACOLOD,TACULING,45010363,PARTYLIST,131 AKO ILOCANO AKO,4,0.85 %
REGION VI,NEGROS OCCIDENTAL,CITY OF BACOLOD,TACULING,45010363,PARTYLIST,132 TRABAHO,0,0.00 %
REGION VI,NEGROS OCCIDENTAL,CITY OF BACOLOD,TACULING,45010363,PARTYLIST,133 PATROL,0,0.00 %
REGION VI,NEGROS OCCIDENTAL,CITY OF BACOLOD,TACULING,45010363,PARTYLIST,134 AKO PADAYON,1,0.21 %
REGION VI,NEGROS OCCIDENTAL,CITY OF BACOLOD,TACULING,45010363,PARTYLIST,135 ABONO,0,0.00 %
REGION VI,NEGROS OCCIDENTAL,CITY OF BACOLOD,TACULING,45010363,PARTYLIST,136 MANILA TEACHERS,1,0.21 %
REGION VI,NEGROS OCCIDENTAL,CITY OF BACOLOD,TACULING,45010363,PARTYLIST,137 KOOP-KAMPI,1,0.21 %
REGION VI,NEGROS OCCIDENTAL,CITY OF BACOLOD,TACULING,45010363,PARTYLIST,138 MAYPAGASA,0,0.00 %
REGION VI,NEGROS OCCIDENTAL,CITY OF BACOLOD,TACULING,45010363,PARTYLIST,139 PVAID,0,0.00 %
REGION VI,NEGROS OCCIDENTAL,CITY OF BACOLOD,TACULING,45010363,PARTYLIST,140 TUTOK TO WIN,4,0.85 %
REGION VI,NEGROS OCCIDENTAL,CITY OF BACOLOD,TACULING,45010363,PARTYLIST,141 BAYAN MUNA,5,1.06 %
REGION VI,NEGROS OCCIDENTAL,CITY OF BACOLOD,TACULING,45010363,PARTYLIST,142 API,0,0.00 %
REGION VI,NEGROS OCCIDENTAL,CITY OF BACOLOD,TACULING,45010363,PARTYLIST,143 ARTE,0,0.00 %
REGION VI,NEGROS OCCIDENTAL,CITY OF BACOLOD,TACULING,45010363,PARTYLIST,144 ASAP,0,0.00 %
REGION VI,NEGROS OCCIDENTAL,CITY OF BACOLOD,TACULING,45010363,PARTYLIST,145 BUNYOG,0,0.00 %
REGION VI,NEGROS OCCIDENTAL,CITY OF BACOLOD,TACULING,45010363,PARTYLIST,146 AKBAYAN,3,0.64 %
REGION VI,NEGROS OCCIDENTAL,CITY OF BACOLOD,TACULING,45010363,PARTYLIST,147 DAMAYAN,0,0.00 %
REGION VI,NEGROS OCCIDENTAL,CITY OF BACOLOD,TACULING,45010363,PARTYLIST,148 WIFI,0,0.00 %
REGION VI,NEGROS OCCIDENTAL,CITY OF BACOLOD,TACULING,45010363,PARTYLIST,149 CANCER PARTY LIST,2,0.42 %
REGION VI,NEGROS OCCIDENTAL,CITY OF BACOLOD,TACULING,45010363,PARTYLIST,150 1-ANG EDUKASYON,2,0.42 %
REGION VI,NEGROS OCCIDENTAL,CITY OF BACOLOD,TACULING,45010363,PARTYLIST,151 UFCC,0,0.00 %
REGION VI,NEGROS OCCIDENTAL,CITY OF BACOLOD,TACULING,45010363,PARTYLIST,152 AGRI,2,0.42 %
REGION VI,NEGROS OCCIDENTAL,CITY OF BACOLOD,TACULING,45010363,PARTYLIST,153 MAHARLIKA,0,0.00 %
REGION VI,NEGROS OCCIDENTAL,CITY OF BACOLOD,TACULING,45010363,PARTYLIST,154 ANAKPAWIS,0,0.00 %
REGION VI,NEGROS OCCIDENTAL,CITY OF BACOLOD,TACULING,45010363,PARTYLIST,155 1TAHANAN,0,0.00 %
REGION VI,NEGROS OCCIDENTAL,CITY OF BACOLOD,TACULING,45010363,PARTYLIST,156 TURISMO,0,0.00 %
REGION VI,NEGROS OCCIDENTAL,CITY OF BACOLOD,TACULING,45010363,PARTYLIST,157 APEC,0,0.00 %
REGION VI,NEGROS OCCIDENTAL,CITY OF BACOLOD,TACULING,45010363,PARTYLIST,158 SENIOR CITIZENS PARTYLIST,7,1.49 %
REGION VI,NEGROS OCCIDENTAL,CITY OF BACOLOD,TACULING,45010363,PARTYLIST,159 AASENSO,1,0.21 %
REGION VI,NEGROS OCCIDENTAL,CITY OF BACOLOD,TACULING,45010363,PARTYLIST,160 AMIN,0,0.00 %
REGION VI,NEGROS OCCIDENTAL,CITY OF BACOLOD,TACULING,45010363,PARTYLIST,161 1-PACMAN,4,0.85 %
REGION VI,NEGROS OCCIDENTAL,CITY OF BACOLOD,TACULING,45010363,PARTYLIST,162 ABB-NFCPI,0,0.00 %
REGION VI,NEGROS OCCIDENTAL,CITY OF BACOLOD,TACULING,45010363,PARTYLIST,163 AN WARAY,0,0.00 %
REGION VI,NEGROS OCCIDENTAL,CITY OF BACOLOD,TACULING,45010363,PARTYLIST,164 AP PARTYLIST,2,0.42 %
REGION VI,NEGROS OCCIDENTAL,CITY OF BACOLOD,TACULING,45010363,PARTYLIST,165 AKAP PINOY,0,0.00 %
REGION VI,NEGROS OCCIDENTAL,CITY OF BACOLOD,TACULING,45010363,PARTYLIST,166 BUHAY,0,0.00 %
REGION VI,NEGROS OCCIDENTAL,CITY OF BACOLOD,TACULING,45010363,PARTYLIST,167 ARISE,1,0.21 %
REGION VI,NEGROS OCCIDENTAL,CITY OF BACOLOD,TACULING,45010363,PARTYLIST,168 IWI,0,0.00 %
REGION VI,NEGROS OCCIDENTAL,CITY OF BACOLOD,TACULING,45010363,PARTYLIST,169 ANG TINIG NG SENIORS,0,0.00 %
REGION VI,NEGROS OCCIDENTAL,CITY OF BACOLOD,TACULING,45010363,PARTYLIST,170 LBP,0,0.00 %
REGION VI,NEGROS OCCIDENTAL,CITY OF BACOLOD,TACULING,45010363,PARTYLIST,171 IPEACE EPANAW,0,0.00 %
REGION VI,NEGROS OCCIDENTAL,CITY OF BACOLOD,TACULING,45010363,PARTYLIST,172 APAT-DAPAT,0,0.00 %
REGION VI,NEGROS OCCIDENTAL,CITY OF BACOLOD,TACULING,45010363,PARTYLIST,173 UMA ILONGGO,6,1.28 %
REGION VI,NEGROS OCCIDENTAL,CITY OF BACOLOD,TACULING,45010363,PARTYLIST,174 AYUDA,1,0.21 %
REGION VI,NEGROS OCCIDENTAL,CITY OF BACOLOD,TACULING,45010363,PARTYLIST,175 SAMBAYANAN,6,1.28 %
REGION VI,NEGROS OCCIDENTAL,CITY OF BACOLOD,TACULING,45010363,PARTYLIST,176 AKO BREEDER,4,0.85 %
REGION VI,NEGROS OCCIDENTAL,CITY OF BACOLOD,TACULING,45010363,PARTYLIST,177 FPJ,0,0.00 %
REGION VI,NEGROS OCCIDENTAL,CITY OF BACOLOD,TACULING,45010363,PARTYLIST,178 LIBRO,1,0.21 %
REGION VI,NEGROS OCCIDENTAL,CITY OF BACOLOD,TACULING,45010363,REP,Candidate,Votes,Percentage
REGION VI,NEGROS OCCIDENTAL,CITY OF BACOLOD,TACULING,45010363,REP,"ATAYDE, DAN (IND)",224,36.07 %
REGION VI,NEGROS OCCIDENTAL,CITY OF BACOLOD,TACULING,45010363,REP,"DAVID, WILLY (IND)",2,0.32 %
REGION VI,NEGROS OCCIDENTAL,CITY OF BACOLOD,TACULING,45010363,REP,"GASATAYA, GREG (NPC)",386,62.15 %
REGION VI,NEGROS OCCIDENTAL,CITY OF BACOLOD,TACULING,45010363,REP,"GUSTILO, ROMY (IND)",5,0.80 %
REGION VI,NEGROS OCCIDENTAL,CITY OF BACOLOD,TACULING,45010363,REP,"SAN MIGUEL, NONONG (PDDS)",4,0.64 %
REGION VI,NEGROS OCCIDENTAL,CITY OF BACOLOD,TACULING,45010363,MAYOR,Candidate,Votes,Percentage
REGION VI,NEGROS OCCIDENTAL,CITY OF BACOLOD,TACULING,45010363,MAYOR,"BENITEZ, ALBEE (PDPLBN)",357,55.26 %
REGION VI,NEGROS OCCIDENTAL,CITY OF BACOLOD,TACULING,45010363,MAYOR,"LEONARDIA, BING (NP)",289,44.73 %
REGION VI,NEGROS OCCIDENTAL,CITY OF BACOLOD,TACULING,45010363,VICE_MAYOR,Candidate,Votes,Percentage
REGION VI,NEGROS OCCIDENTAL,CITY OF BACOLOD,TACULING,45010363,VICE_MAYOR,"DISTRITO, CAESAR (PDPLBN)",209,33.81 %
REGION VI,NEGROS OCCIDENTAL,CITY OF BACOLOD,TACULING,45010363,VICE_MAYOR,"FAMILIARAN, EL CID (NP)",312,50.48 %
REGION VI,NEGROS OCCIDENTAL,CITY OF BACOLOD,TACULING,45010363,VICE_MAYOR,"GAMBOA, WILSON JR. (IND)",97,15.69 %
REGION VI,NEGROS OCCIDENTAL,CITY OF BACOLOD,TACULING,45010363,SP,Candidate,Votes,Percentage
REGION VI,NEGROS OCCIDENTAL,CITY OF BACOLOD,TACULING,45010363,SP,"ANG, EM (NP)",282,4.63 %
REGION VI,NEGROS OCCIDENTAL,CITY OF BACOLOD,TACULING,45010363,SP,"ARROYO, ALAN (IND)",42,0.68 %
REGION VI,NEGROS OCCIDENTAL,CITY OF BACOLOD,TACULING,45010363,SP,"AUJERO, JORGE THE WISE (IND)",16,0.26 %
REGION VI,NEGROS OCCIDENTAL,CITY OF BACOLOD,TACULING,45010363,SP,"BAIS, HOMER (PDPLBN)",213,3.49 %
REGION VI,NEGROS OCCIDENTAL,CITY OF BACOLOD,TACULING,45010363,SP,"BARIBAR, ARCHIE (PROMDI)",197,3.23 %
REGION VI,NEGROS OCCIDENTAL,CITY OF BACOLOD,TACULING,45010363,SP,"BELARIO, 007 (IND)",21,0.34 %
REGION VI,NEGROS OCCIDENTAL,CITY OF BACOLOD,TACULING,45010363,SP,"BELORIA, TOTO CESAR (IND)",64,1.05 %
REGION VI,NEGROS OCCIDENTAL,CITY OF BACOLOD,TACULING,45010363,SP,"CONTRERAS, LR (PRP)",27,0.44 %
REGION VI,NEGROS OCCIDENTAL,CITY OF BACOLOD,TACULING,45010363,SP,"DIAZ, JONATHAN JR. (NP)",133,2.18 %
REGION VI,NEGROS OCCIDENTAL,CITY OF BACOLOD,TACULING,45010363,SP,"DISTRITO, SIMPLE (PDPLBN)",220,3.61 %
REGION VI,NEGROS OCCIDENTAL,CITY OF BACOLOD,TACULING,45010363,SP,"ESPINO, AL (NPC)",256,4.20 %
REGION VI,NEGROS OCCIDENTAL,CITY OF BACOLOD,TACULING,45010363,SP,"FLOR, CELIA (IND)",251,4.12 %
REGION VI,NEGROS OCCIDENTAL,CITY OF BACOLOD,TACULING,45010363,SP,"GICO, VIC (IND)",21,0.34 %
REGION VI,NEGROS OCCIDENTAL,CITY OF BACOLOD,TACULING,45010363,SP,"GONZALEZ, VLADI (PDPLBN)",284,4.66 %
REGION VI,NEGROS OCCIDENTAL,CITY OF BACOLOD,TACULING,45010363,SP,"GUILLEM, ED (NP)",167,2.74 %
REGION VI,NEGROS OCCIDENTAL,CITY OF BACOLOD,TACULING,45010363,SP,"HERMOSURA, BONG (IND)",40,0.65 %
REGION VI,NEGROS OCCIDENTAL,CITY OF BACOLOD,TACULING,45010363,SP,"JAUOD, JIFFY (IND)",21,0.34 %
REGION VI,NEGROS OCCIDENTAL,CITY OF BACOLOD,TACULING,45010363,SP,"LACSON, PATRICK (PDPLBN)",218,3.58 %
REGION VI,NEGROS OCCIDENTAL,CITY OF BACOLOD,TACULING,45010363,SP,"LOPEZ, CARL (NP)",207,3.40 %
REGION VI,NEGROS OCCIDENTAL,CITY OF BACOLOD,TACULING,45010363,SP,"MAYO, MARK STEVEN (NPC)",64,1.05 %
REGION VI,NEGROS OCCIDENTAL,CITY OF BACOLOD,TACULING,45010363,SP,"MONTALVO, CASH (NP)",155,2.54 %
REGION VI,NEGROS OCCIDENTAL,CITY OF BACOLOD,TACULING,45010363,SP,"NACIONALES, FERMIN (IND)",13,0.21 %
REGION VI,NEGROS OCCIDENTAL,CITY OF BACOLOD,TACULING,45010363,SP,"NOVERO, RENECITO (NP)",263,4.32 %
REGION VI,NEGROS OCCIDENTAL,CITY OF BACOLOD,TACULING,45010363,SP,"OROLA, BART (PDPLBN)",215,3.53 %
REGION VI,NEGROS OCCIDENTAL,CITY OF BACOLOD,TACULING,45010363,SP,"PADIOS, EDUARDO (PPM)",39,0.64 %
REGION VI,NEGROS OCCIDENTAL,CITY OF BACOLOD,TACULING,45010363,SP,"PUENTEVELLA, KALAW (PROMDI)",240,3.94 %
REGION VI,NEGROS OCCIDENTAL,CITY OF BACOLOD,TACULING,45010363,SP,"RAMOS, DINDO (NP)",236,3.87 %
REGION VI,NEGROS OCCIDENTAL,CITY OF BACOLOD,TACULING,45010363,SP,"ROJAS, CINDY (NP)",283,4.64 %
REGION VI,NEGROS OCCIDENTAL,CITY OF BACOLOD,TACULING,45010363,SP,"SALANGA, ISRAEL (NP)",288,4.73 %
REGION VI,NEGROS OCCIDENTAL,CITY OF BACOLOD,TACULING,45010363,SP,"SAYSON, THADDY (PDPLBN)",313,5.14 %
REGION VI,NEGROS OCCIDENTAL,CITY OF BACOLOD,TACULING,45010363,SP,"SOLIDUM, MARLON (NPC)",170,2.79 %
REGION VI,NEGROS OCCIDENTAL,CITY OF BACOLOD,TACULING,45010363,SP,"SORONGON, CHRIS (NP)",207,3.40 %
REGION VI,NEGROS OCCIDENTAL,CITY OF BACOLOD,TACULING,45010363,SP,"SY, PAO (NPC)",214,3.51 %
REGION VI,NEGROS OCCIDENTAL,CITY OF BACOLOD,TACULING,45010363,SP,"TAN, CANO GWAPO (AKSYON)",149,2.44 %
REGION VI,NEGROS OCCIDENTAL,CITY OF BACOLOD,TACULING,45010363,SP,"VERDEFLOR, SONYA (UNEGA)",223,3.66 %
REGION VI,NEGROS OCCIDENTAL,CITY OF BACOLOD,TACULING,45010363,SP,"VILLAFUERTE, RICO (IND)",45,0.73 %
REGION VI,NEGROS OCCIDENTAL,CITY OF BACOLOD,TACULING,45010363,SP,"VILLAROSA, JASON (LAKAS)",261,4.28 %
REGION VI,NEGROS OCCIDENTAL,CITY OF BACOLOD,TACULING,45010363,SP,"WEBER, CHRISTIAN (IND)",29,0.47 %
region,province,city,barangay,precinct,position,candidate,votes,percentage
REGION VI,NEGROS OCCIDENTAL,CITY OF BACOLOD,TACULING,45010364,PRESIDENT,Candidate,Votes,Percentage
REGION VI,NEGROS OCCIDENTAL,CITY OF BACOLOD,TACULING,45010364,PRESIDENT,"ABELLA, ERNIE (IND)",0,0.00 %
REGION VI,NEGROS OCCIDENTAL,CITY OF BACOLOD,TACULING,45010364,PRESIDENT,"DE GUZMAN, LEODY (PLM)",3,0.43 %
REGION VI,NEGROS OCCIDENTAL,CITY OF BACOLOD,TACULING,45010364,PRESIDENT,"DOMAGOSO, ISKO MORENO (AKSYON)",23,3.34 %
REGION VI,NEGROS OCCIDENTAL,CITY OF BACOLOD,TACULING,45010364,PRESIDENT,"GONZALES, NORBERTO (PDSP)",0,0.00 %
REGION VI,NEGROS OCCIDENTAL,CITY OF BACOLOD,TACULING,45010364,PRESIDENT,"LACSON, PING (PDR)",15,2.18 %
REGION VI,NEGROS OCCIDENTAL,CITY OF BACOLOD,TACULING,45010364,PRESIDENT,"MANGONDATO, FAISAL (KTPNAN)",0,0.00 %
REGION VI,NEGROS OCCIDENTAL,CITY OF BACOLOD,TACULING,45010364,PRESIDENT,"MARCOS, BONGBONG (PFP)",279,40.61 %
REGION VI,NEGROS OCCIDENTAL,CITY OF BACOLOD,TACULING,45010364,PRESIDENT,"MONTEMAYOR, JOSE JR. (DPP)",1,0.14 %
REGION VI,NEGROS OCCIDENTAL,CITY OF BACOLOD,TACULING,45010364,PRESIDENT,"PACQUIAO, MANNY PACMAN(PROMDI)",46,6.69 %
REGION VI,NEGROS OCCIDENTAL,CITY OF BACOLOD,TACULING,45010364,PRESIDENT,"ROBREDO, LENI (IND)",320,46.57 %
REGION VI,NEGROS OCCIDENTAL,CITY OF BACOLOD,TACULING,45010364,VICE_PRESIDENT,Candidate,Votes,Percentage
REGION VI,NEGROS OCCIDENTAL,CITY OF BACOLOD,TACULING,45010364,VICE_PRESIDENT,"ATIENZA, LITO (PROMDI)",4,0.58 %
REGION VI,NEGROS OCCIDENTAL,CITY OF BACOLOD,TACULING,45010364,VICE_PRESIDENT,"BELLO, WALDEN (PLM)",4,0.58 %
REGION VI,NEGROS OCCIDENTAL,CITY OF BACOLOD,TACULING,45010364,VICE_PRESIDENT,"DAVID, RIZALITO (DPP)",2,0.29 %
REGION VI,NEGROS OCCIDENTAL,CITY OF BACOLOD,TACULING,45010364,VICE_PRESIDENT,"DUTERTE, SARA (LAKAS)",279,41.15 %
REGION VI,NEGROS OCCIDENTAL,CITY OF BACOLOD,TACULING,45010364,VICE_PRESIDENT,"LOPEZ, MANNY SD (WPP)",3,0.44 %
REGION VI,NEGROS OCCIDENTAL,CITY OF BACOLOD,TACULING,45010364,VICE_PRESIDENT,"ONG, DOC WILLIE (AKSYON)",29,4.27 %
REGION VI,NEGROS OCCIDENTAL,CITY OF BACOLOD,TACULING,45010364,VICE_PRESIDENT,"PANGILINAN, KIKO (LP)",216,31.85 %
REGION VI,NEGROS OCCIDENTAL,CITY OF BACOLOD,TACULING,45010364,VICE_PRESIDENT,"SERAPIO, CARLOS (KTPNAN)",2,0.29 %
REGION VI,NEGROS OCCIDENTAL,CITY OF BACOLOD,TACULING,45010364,VICE_PRESIDENT,"SOTTO, VICENTE TITO (NPC)",139,20.50 %
REGION VI,NEGROS OCCIDENTAL,CITY OF BACOLOD,TACULING,45010364,SENATOR,Candidate,Votes,Percentage
REGION VI,NEGROS OCCIDENTAL,CITY OF BACOLOD,TACULING,45010364,SENATOR,"AFUANG, ABNER (IND)",13,0.20 %
REGION VI,NEGROS OCCIDENTAL,CITY OF BACOLOD,TACULING,45010364,SENATOR,"ALBANI, IBRAHIM (WPP)",7,0.11 %
REGION VI,NEGROS OCCIDENTAL,CITY OF BACOLOD,TACULING,45010364,SENATOR,"ARRANZA, MANG JESS (IND)",7,0.11 %
REGION VI,NEGROS OCCIDENTAL,CITY OF BACOLOD,TACULING,45010364,SENATOR,"BAGUILAT, TEDDY (LP)",85,1.36 %
REGION VI,NEGROS OCCIDENTAL,CITY OF BACOLOD,TACULING,45010364,SENATOR,"BAILEN, AGNES (IND)",7,0.11 %
REGION VI,NEGROS OCCIDENTAL,CITY OF BACOLOD,TACULING,45010364,SENATOR,"BALITA, CARL (AKSYON)",40,0.64 %
REGION VI,NEGROS OCCIDENTAL,CITY OF BACOLOD,TACULING,45010364,SENATOR,"BARBO, LUTZ (PDPLBN)",9,0.14 %
REGION VI,NEGROS OCCIDENTAL,CITY OF BACOLOD,TACULING,45010364,SENATOR,"BAUTISTA, HERBERT BISTEK (NPC)",158,2.53 %
REGION VI,NEGROS OCCIDENTAL,CITY OF BACOLOD,TACULING,45010364,SENATOR,"BELGICA, GRECO (PDDS)",29,0.46 %
REGION VI,NEGROS OCCIDENTAL,CITY OF BACOLOD,TACULING,45010364,SENATOR,"BELLO, SILVESTRE JR. (PDPLBN)",32,0.51 %
REGION VI,NEGROS OCCIDENTAL,CITY OF BACOLOD,TACULING,45010364,SENATOR,"BINAY, JOJO (UNA)",143,2.29 %
REGION VI,NEGROS OCCIDENTAL,CITY OF BACOLOD,TACULING,45010364,SENATOR,"CABONEGRO, ROY (PLM)",21,0.33 %
REGION VI,NEGROS OCCIDENTAL,CITY OF BACOLOD,TACULING,45010364,SENATOR,"CASTRICIONES, BRO JOHN(PDPLBN)",7,0.11 %
REGION VI,NEGROS OCCIDENTAL,CITY OF BACOLOD,TACULING,45010364,SENATOR,"CAYETANO, ALAN PETER (IND)",272,4.36 %
REGION VI,NEGROS OCCIDENTAL,CITY OF BACOLOD,TACULING,45010364,SENATOR,"CHAVEZ, MELCHOR (WPP)",15,0.24 %
REGION VI,NEGROS OCCIDENTAL,CITY OF BACOLOD,TACULING,45010364,SENATOR,"COLMENARES, NERI (MKBYN)",229,3.67 %
REGION VI,NEGROS OCCIDENTAL,CITY OF BACOLOD,TACULING,45010364,SENATOR,"D'ANGELO, DAVID (PLM)",9,0.14 %
REGION VI,NEGROS OCCIDENTAL,CITY OF BACOLOD,TACULING,45010364,SENATOR,"DE LIMA, LEILA (LP)",160,2.56 %
REGION VI,NEGROS OCCIDENTAL,CITY OF BACOLOD,TACULING,45010364,SENATOR,"DEL ROSARIO, MONSOUR (PDR)",74,1.18 %
REGION VI,NEGROS OCCIDENTAL,CITY OF BACOLOD,TACULING,45010364,SENATOR,"DIAZ, DING (PPP)",24,0.38 %
REGION VI,NEGROS OCCIDENTAL,CITY OF BACOLOD,TACULING,45010364,SENATOR,"DIOKNO, CHEL (KANP)",229,3.67 %
REGION VI,NEGROS OCCIDENTAL,CITY OF BACOLOD,TACULING,45010364,SENATOR,"EJERCITO, JV ESTRADA (NPC)",165,2.65 %
REGION VI,NEGROS OCCIDENTAL,CITY OF BACOLOD,TACULING,45010364,SENATOR,"ELEAZAR, GEN. GUILLERMO (PDR)",146,2.34 %
REGION VI,NEGROS OCCIDENTAL,CITY OF BACOLOD,TACULING,45010364,SENATOR,"EREÑO, BRO. ERNIE (PM)",4,0.06 %
REGION VI,NEGROS OCCIDENTAL,CITY OF BACOLOD,TACULING,45010364,SENATOR,"ESCUDERO, CHIZ (NPC)",320,5.13 %
REGION VI,NEGROS OCCIDENTAL,CITY OF BACOLOD,TACULING,45010364,SENATOR,"ESPIRITU, LUKE (PLM)",107,1.71 %
REGION VI,NEGROS OCCIDENTAL,CITY OF BACOLOD,TACULING,45010364,SENATOR,"ESTRADA, JINGGOY (PMP)",109,1.75 %
REGION VI,NEGROS OCCIDENTAL,CITY OF BACOLOD,TACULING,45010364,SENATOR,"FALCONE, BAL FALCON (DPP)",4,0.06 %
REGION VI,NEGROS OCCIDENTAL,CITY OF BACOLOD,TACULING,45010364,SENATOR,"GADON, LARRY (KBL)",105,1.68 %
REGION VI,NEGROS OCCIDENTAL,CITY OF BACOLOD,TACULING,45010364,SENATOR,"GATCHALIAN, WIN (NPC)",257,4.12 %
REGION VI,NEGROS OCCIDENTAL,CITY OF BACOLOD,TACULING,45010364,SENATOR,"GORDON, WOW DICK (BVNP)",178,2.85 %
REGION VI,NEGROS OCCIDENTAL,CITY OF BACOLOD,TACULING,45010364,SENATOR,"GUTOC, SAMIRA (AKSYON)",25,0.40 %
REGION VI,NEGROS OCCIDENTAL,CITY OF BACOLOD,TACULING,45010364,SENATOR,"HONASAN, GRINGO (IND)",152,2.44 %
REGION VI,NEGROS OCCIDENTAL,CITY OF BACOLOD,TACULING,45010364,SENATOR,"HONTIVEROS, RISA (AKBAYAN)",311,4.99 %
REGION VI,NEGROS OCCIDENTAL,CITY OF BACOLOD,TACULING,45010364,SENATOR,"JAVELLANA, RJ (IND)",10,0.16 %
REGION VI,NEGROS OCCIDENTAL,CITY OF BACOLOD,TACULING,45010364,SENATOR,"KIRAM, NUR-MAHAL (IND)",4,0.06 %
REGION VI,NEGROS OCCIDENTAL,CITY OF BACOLOD,TACULING,45010364,SENATOR,"LABOG, ELMER (MKBYN)",29,0.46 %
REGION VI,NEGROS OCCIDENTAL,CITY OF BACOLOD,TACULING,45010364,SENATOR,"LACSON, KUYA ALEX (KP)",142,2.28 %
REGION VI,NEGROS OCCIDENTAL,CITY OF BACOLOD,TACULING,45010364,SENATOR,"LANGIT, REY (PDPLBN)",13,0.20 %
REGION VI,NEGROS OCCIDENTAL,CITY OF BACOLOD,TACULING,45010364,SENATOR,"LEGARDA, LOREN (NPC)",317,5.09 %
REGION VI,NEGROS OCCIDENTAL,CITY OF BACOLOD,TACULING,45010364,SENATOR,"LIM, ARIEL (IND)",7,0.11 %
REGION VI,NEGROS OCCIDENTAL,CITY OF BACOLOD,TACULING,45010364,SENATOR,"MALLILLIN, EMILY (PPM)",9,0.14 %
REGION VI,NEGROS OCCIDENTAL,CITY OF BACOLOD,TACULING,45010364,SENATOR,"MARCOLETA, RODANTE (PDPLBN)",40,0.64 %
REGION VI,NEGROS OCCIDENTAL,CITY OF BACOLOD,TACULING,45010364,SENATOR,"MARCOS, FRANCIS LEO (IND)",48,0.77 %
REGION VI,NEGROS OCCIDENTAL,CITY OF BACOLOD,TACULING,45010364,SENATOR,"MATULA, SONNY (IND)",64,1.02 %
REGION VI,NEGROS OCCIDENTAL,CITY OF BACOLOD,TACULING,45010364,SENATOR,"MINDALANO-ADAM,MARIETA(KTPNAN)",5,0.08 %
REGION VI,NEGROS OCCIDENTAL,CITY OF BACOLOD,TACULING,45010364,SENATOR,"OLARTE, ATTY/DR. LEO (BIGKIS)",13,0.20 %
REGION VI,NEGROS OCCIDENTAL,CITY OF BACOLOD,TACULING,45010364,SENATOR,"PADILLA, DRA. MINGUITA (PDR)",34,0.54 %
REGION VI,NEGROS OCCIDENTAL,CITY OF BACOLOD,TACULING,45010364,SENATOR,"PADILLA, ROBIN (PDPLBN)",249,3.99 %
REGION VI,NEGROS OCCIDENTAL,CITY OF BACOLOD,TACULING,45010364,SENATOR,"PANELO, SAL PANALO (PDPLBN)",60,0.96 %
REGION VI,NEGROS OCCIDENTAL,CITY OF BACOLOD,TACULING,45010364,SENATOR,"PIMENTEL, ASTRA (PDPLBN)",62,0.99 %
REGION VI,NEGROS OCCIDENTAL,CITY OF BACOLOD,TACULING,45010364,SENATOR,"PIÑOL, MANNY (NPC)",41,0.65 %
REGION VI,NEGROS OCCIDENTAL,CITY OF BACOLOD,TACULING,45010364,SENATOR,"RICABLANCA, WILLIE JR. (PM)",6,0.09 %
REGION VI,NEGROS OCCIDENTAL,CITY OF BACOLOD,TACULING,45010364,SENATOR,"ROQUE, HARRY SPOX (PRP)",112,1.79 %
REGION VI,NEGROS OCCIDENTAL,CITY OF BACOLOD,TACULING,45010364,SENATOR,"SAHIDULLA, LADY ANNE (PDDS)",7,0.11 %
REGION VI,NEGROS OCCIDENTAL,CITY OF BACOLOD,TACULING,45010364,SENATOR,"SISON, JOPET (AKSYON)",32,0.51 %
REGION VI,NEGROS OCCIDENTAL,CITY OF BACOLOD,TACULING,45010364,SENATOR,"TEODORO, GIBO (PRP)",199,3.19 %
REGION VI,NEGROS OCCIDENTAL,CITY OF BACOLOD,TACULING,45010364,SENATOR,"TRILLANES, ANTONIO IV (LP)",201,3.22 %
REGION VI,NEGROS OCCIDENTAL,CITY OF BACOLOD,TACULING,45010364,SENATOR,"TULFO, IDOL RAFFY (IND)",294,4.72 %
REGION VI,NEGROS OCCIDENTAL,CITY OF BACOLOD,TACULING,45010364,SENATOR,"VALEROS, REY (IND)",5,0.08 %
REGION VI,NEGROS OCCIDENTAL,CITY OF BACOLOD,TACULING,45010364,SENATOR,"VILLANUEVA,JOEL TESDAMAN (IND)",213,3.42 %
REGION VI,NEGROS OCCIDENTAL,CITY OF BACOLOD,TACULING,45010364,SENATOR,"VILLAR, MARK (NP)",209,3.35 %
REGION VI,NEGROS OCCIDENTAL,CITY OF BACOLOD,TACULING,45010364,SENATOR,"ZUBIAGA, CARMEN (IND)",25,0.40 %
REGION VI,NEGROS OCCIDENTAL,CITY OF BACOLOD,TACULING,45010364,SENATOR,"ZUBIRI, MIGZ (IND)",323,5.18 %
REGION VI,NEGROS OCCIDENTAL,CITY OF BACOLOD,TACULING,45010364,PARTYLIST,Candidate,Votes,Percentage
REGION VI,NEGROS OCCIDENTAL,CITY OF BACOLOD,TACULING,45010364,PARTYLIST,01 KAMALAYAN,0,0.00 %
REGION VI,NEGROS OCCIDENTAL,CITY OF BACOLOD,TACULING,45010364,PARTYLIST,02 KM NGAYON NA,0,0.00 %
REGION VI,NEGROS OCCIDENTAL,CITY OF BACOLOD,TACULING,45010364,PARTYLIST,03 PSIS,1,0.19 %
REGION VI,NEGROS OCCIDENTAL,CITY OF BACOLOD,TACULING,45010364,PARTYLIST,04 AGAP,2,0.39 %
REGION VI,NEGROS OCCIDENTAL,CITY OF BACOLOD,TACULING,45010364,PARTYLIST,05 KABAYAN,4,0.78 %
REGION VI,NEGROS OCCIDENTAL,CITY OF BACOLOD,TACULING,45010364,PARTYLIST,06 HOME OWNER,1,0.19 %
REGION VI,NEGROS OCCIDENTAL,CITY OF BACOLOD,TACULING,45010364,PARTYLIST,07 KAPUSO-PM,0,0.00 %
REGION VI,NEGROS OCCIDENTAL,CITY OF BACOLOD,TACULING,45010364,PARTYLIST,08 PDP CARES,1,0.19 %
REGION VI,NEGROS OCCIDENTAL,CITY OF BACOLOD,TACULING,45010364,PARTYLIST,09 MARVELOUS TAYO,0,0.00 %
REGION VI,NEGROS OCCIDENTAL,CITY OF BACOLOD,TACULING,45010364,PARTYLIST,10 AKO OFW,2,0.39 %
REGION VI,NEGROS OCCIDENTAL,CITY OF BACOLOD,TACULING,45010364,PARTYLIST,11 UNITED SENIOR CITIZEN,5,0.97 %
REGION VI,NEGROS OCCIDENTAL,CITY OF BACOLOD,TACULING,45010364,PARTYLIST,12 WOW PILIPINAS,1,0.19 %
REGION VI,NEGROS OCCIDENTAL,CITY OF BACOLOD,TACULING,45010364,PARTYLIST,13 ALTERNATIBA,0,0.00 %
REGION VI,NEGROS OCCIDENTAL,CITY OF BACOLOD,TACULING,45010364,PARTYLIST,14 1-RIDER PARTYLIST,9,1.75 %
REGION VI,NEGROS OCCIDENTAL,CITY OF BACOLOD,TACULING,45010364,PARTYLIST,15 1-CARE,0,0.00 %
REGION VI,NEGROS OCCIDENTAL,CITY OF BACOLOD,TACULING,45010364,PARTYLIST,16 ABP,0,0.00 %
REGION VI,NEGROS OCCIDENTAL,CITY OF BACOLOD,TACULING,45010364,PARTYLIST,17 AKO MUSIKERO,0,0.00 %
REGION VI,NEGROS OCCIDENTAL,CITY OF BACOLOD,TACULING,45010364,PARTYLIST,18 AKO BICOL,1,0.19 %
REGION VI,NEGROS OCCIDENTAL,CITY OF BACOLOD,TACULING,45010364,PARTYLIST,19 PRAI,1,0.19 %
REGION VI,NEGROS OCCIDENTAL,CITY OF BACOLOD,TACULING,45010364,PARTYLIST,20 4PS,0,0.00 %
REGION VI,NEGROS OCCIDENTAL,CITY OF BACOLOD,TACULING,45010364,PARTYLIST,21 MAAGAP,0,0.00 %
REGION VI,NEGROS OCCIDENTAL,CITY OF BACOLOD,TACULING,45010364,PARTYLIST,22 ABANTE PILIPINAS,1,0.19 %
REGION VI,NEGROS OCCIDENTAL,CITY OF BACOLOD,TACULING,45010364,PARTYLIST,23 AKTIBONG KAAGAPAY,1,0.19 %
REGION VI,NEGROS OCCIDENTAL,CITY OF BACOLOD,TACULING,45010364,PARTYLIST,24 ALSA BISAYA,0,0.00 %
REGION VI,NEGROS OCCIDENTAL,CITY OF BACOLOD,TACULING,45010364,PARTYLIST,25 PROBINSYANO AKO,1,0.19 %
REGION VI,NEGROS OCCIDENTAL,CITY OF BACOLOD,TACULING,45010364,PARTYLIST,26 YACAP,4,0.78 %
REGION VI,NEGROS OCCIDENTAL,CITY OF BACOLOD,TACULING,45010364,PARTYLIST,27 MAGDALO,2,0.39 %
REGION VI,NEGROS OCCIDENTAL,CITY OF BACOLOD,TACULING,45010364,PARTYLIST,28 ACT-CIS,26,5.07 %
REGION VI,NEGROS OCCIDENTAL,CITY OF BACOLOD,TACULING,45010364,PARTYLIST,29 HUGPONG FEDERAL,3,0.58 %
REGION VI,NEGROS OCCIDENTAL,CITY OF BACOLOD,TACULING,45010364,PARTYLIST,30 TGP,2,0.39 %
REGION VI,NEGROS OCCIDENTAL,CITY OF BACOLOD,TACULING,45010364,PARTYLIST,31 ONE COOP,0,0.00 %
REGION VI,NEGROS OCCIDENTAL,CITY OF BACOLOD,TACULING,45010364,PARTYLIST,32 BARKADAHAN,0,0.00 %
REGION VI,NEGROS OCCIDENTAL,CITY OF BACOLOD,TACULING,45010364,PARTYLIST,33 DUMPER PTDA,0,0.00 %
REGION VI,NEGROS OCCIDENTAL,CITY OF BACOLOD,TACULING,45010364,PARTYLIST,34 MALABUNG,0,0.00 %
REGION VI,NEGROS OCCIDENTAL,CITY OF BACOLOD,TACULING,45010364,PARTYLIST,35 BH (BAGONG HENERASYON),0,0.00 %
REGION VI,NEGROS OCCIDENTAL,CITY OF BACOLOD,TACULING,45010364,PARTYLIST,36 AKMA-PTM,0,0.00 %
REGION VI,NEGROS OCCIDENTAL,CITY OF BACOLOD,TACULING,45010364,PARTYLIST,37 IPATUPAD,2,0.39 %
REGION VI,NEGROS OCCIDENTAL,CITY OF BACOLOD,TACULING,45010364,PARTYLIST,38 PINUNO,0,0.00 %
REGION VI,NEGROS OCCIDENTAL,CITY OF BACOLOD,TACULING,45010364,PARTYLIST,39 LPGMA,0,0.00 %
REGION VI,NEGROS OCCIDENTAL,CITY OF BACOLOD,TACULING,45010364,PARTYLIST,40 CLICK PARTY,0,0.00 %
REGION VI,NEGROS OCCIDENTAL,CITY OF BACOLOD,TACULING,45010364,PARTYLIST,41 TODA,0,0.00 %
REGION VI,NEGROS OCCIDENTAL,CITY OF BACOLOD,TACULING,45010364,PARTYLIST,42 BHW,0,0.00 %
REGION VI,NEGROS OCCIDENTAL,CITY OF BACOLOD,TACULING,45010364,PARTYLIST,43 MALASAKIT@BAYANIHAN,93,18.16 %
REGION VI,NEGROS OCCIDENTAL,CITY OF BACOLOD,TACULING,45010364,PARTYLIST,44 ABS,0,0.00 %
REGION VI,NEGROS OCCIDENTAL,CITY OF BACOLOD,TACULING,45010364,PARTYLIST,45 PASAHERO PARTYLIST,1,0.19 %
REGION VI,NEGROS OCCIDENTAL,CITY OF BACOLOD,TACULING,45010364,PARTYLIST,46 ANGAT,4,0.78 %
REGION VI,NEGROS OCCIDENTAL,CITY OF BACOLOD,TACULING,45010364,PARTYLIST,47 SOLID-CHANGE,0,0.00 %
REGION VI,NEGROS OCCIDENTAL,CITY OF BACOLOD,TACULING,45010364,PARTYLIST,48 BICOL SARO,1,0.19 %
REGION VI,NEGROS OCCIDENTAL,CITY OF BACOLOD,TACULING,45010364,PARTYLIST,49 OFW,4,0.78 %
REGION VI,NEGROS OCCIDENTAL,CITY OF BACOLOD,TACULING,45010364,PARTYLIST,50 ANG PROBINSIYANO,2,0.39 %
REGION VI,NEGROS OCCIDENTAL,CITY OF BACOLOD,TACULING,45010364,PARTYLIST,51 ANAKALUSUGAN,1,0.19 %
REGION VI,NEGROS OCCIDENTAL,CITY OF BACOLOD,TACULING,45010364,PARTYLIST,52 PBA,3,0.58 %
REGION VI,NEGROS OCCIDENTAL,CITY OF BACOLOD,TACULING,45010364,PARTYLIST,53 PEACE,1,0.19 %
REGION VI,NEGROS OCCIDENTAL,CITY OF BACOLOD,TACULING,45010364,PARTYLIST,54 P3PWD,16,3.12 %
REGION VI,NEGROS OCCIDENTAL,CITY OF BACOLOD,TACULING,45010364,PARTYLIST,55 S.M.I.L.E,1,0.19 %
REGION VI,NEGROS OCCIDENTAL,CITY OF BACOLOD,TACULING,45010364,PARTYLIST,56 AAMBIS-OWA,1,0.19 %
REGION VI,NEGROS OCCIDENTAL,CITY OF BACOLOD,TACULING,45010364,PARTYLIST,57 BUTIL,1,0.19 %
REGION VI,NEGROS OCCIDENTAL,CITY OF BACOLOD,TACULING,45010364,PARTYLIST,58 LUNAS,0,0.00 %
REGION VI,NEGROS OCCIDENTAL,CITY OF BACOLOD,TACULING,45010364,PARTYLIST,59 ANG KOMADRONA,0,0.00 %
REGION VI,NEGROS OCCIDENTAL,CITY OF BACOLOD,TACULING,45010364,PARTYLIST,60 KABAKA,2,0.39 %
REGION VI,NEGROS OCCIDENTAL,CITY OF BACOLOD,TACULING,45010364,PARTYLIST,61 SAGIP,1,0.19 %
REGION VI,NEGROS OCCIDENTAL,CITY OF BACOLOD,TACULING,45010364,PARTYLIST,62 ANG KABUHAYAN,0,0.00 %
REGION VI,NEGROS OCCIDENTAL,CITY OF BACOLOD,TACULING,45010364,PARTYLIST,63 AKO I.P.,0,0.00 %
REGION VI,NEGROS OCCIDENTAL,CITY OF BACOLOD,TACULING,45010364,PARTYLIST,64 PHILRECA,0,0.00 %
REGION VI,NEGROS OCCIDENTAL,CITY OF BACOLOD,TACULING,45010364,PARTYLIST,65 BABAE AKO,1,0.19 %
REGION VI,NEGROS OCCIDENTAL,CITY OF BACOLOD,TACULING,45010364,PARTYLIST,66 KB,0,0.00 %
REGION VI,NEGROS OCCIDENTAL,CITY OF BACOLOD,TACULING,45010364,PARTYLIST,67 GABRIELA,7,1.36 %
REGION VI,NEGROS OCCIDENTAL,CITY OF BACOLOD,TACULING,45010364,PARTYLIST,68 KALINGA,11,2.14 %
REGION VI,NEGROS OCCIDENTAL,CITY OF BACOLOD,TACULING,45010364,PARTYLIST,69 STL,0,0.00 %
REGION VI,NEGROS OCCIDENTAL,CITY OF BACOLOD,TACULING,45010364,PARTYLIST,70 RECOBODA,0,0.00 %
REGION VI,NEGROS OCCIDENTAL,CITY OF BACOLOD,TACULING,45010364,PARTYLIST,71 ANGAT PINOY,1,0.19 %
REGION VI,NEGROS OCCIDENTAL,CITY OF BACOLOD,TACULING,45010364,PARTYLIST,72 ANAC-IP,0,0.00 %
REGION VI,NEGROS OCCIDENTAL,CITY OF BACOLOD,TACULING,45010364,PARTYLIST,73 DIWA,0,0.00 %
REGION VI,NEGROS OCCIDENTAL,CITY OF BACOLOD,TACULING,45010364,PARTYLIST,74 ASENSO PINOY,1,0.19 %
REGION VI,NEGROS OCCIDENTAL,CITY OF BACOLOD,TACULING,45010364,PARTYLIST,75 PPP,0,0.00 %
REGION VI,NEGROS OCCIDENTAL,CITY OF BACOLOD,TACULING,45010364,PARTYLIST,76 PAMILYA MUNA,0,0.00 %
REGION VI,NEGROS OCCIDENTAL,CITY OF BACOLOD,TACULING,45010364,PARTYLIST,77 AYUDA SANDUGO,0,0.00 %
REGION VI,NEGROS OCCIDENTAL,CITY OF BACOLOD,TACULING,45010364,PARTYLIST,78 BUKLOD FILIPINO,0,0.00 %
REGION VI,NEGROS OCCIDENTAL,CITY OF BACOLOD,TACULING,45010364,PARTYLIST,79 BTS,0,0.00 %
REGION VI,NEGROS OCCIDENTAL,CITY OF BACOLOD,TACULING,45010364,PARTYLIST,80 MOCHA,0,0.00 %
REGION VI,NEGROS OCCIDENTAL,CITY OF BACOLOD,TACULING,45010364,PARTYLIST,81 ACT TEACHERS,3,0.58 %
REGION VI,NEGROS OCCIDENTAL,CITY OF BACOLOD,TACULING,45010364,PARTYLIST,82 ALONA,0,0.00 %
REGION VI,NEGROS OCCIDENTAL,CITY OF BACOLOD,TACULING,45010364,PARTYLIST,83 KABALIKAT,1,0.19 %
REGION VI,NEGROS OCCIDENTAL,CITY OF BACOLOD,TACULING,45010364,PARTYLIST,84 ALIF,0,0.00 %
REGION VI,NEGROS OCCIDENTAL,CITY OF BACOLOD,TACULING,45010364,PARTYLIST,85 1-UTAP BICOL,0,0.00 %
REGION VI,NEGROS OCCIDENTAL,CITY OF BACOLOD,TACULING,45010364,PARTYLIST,86 TINGOG,0,0.00 %
REGION VI,NEGROS OCCIDENTAL,CITY OF BACOLOD,TACULING,45010364,PARTYLIST,87 H.E.L.P. PILIPINAS,2,0.39 %
REGION VI,NEGROS OCCIDENTAL,CITY OF BACOLOD,TACULING,45010364,PARTYLIST,88 TUCP,0,0.00 %
REGION VI,NEGROS OCCIDENTAL,CITY OF BACOLOD,TACULING,45010364,PARTYLIST,89 PTA,0,0.00 %
REGION VI,NEGROS OCCIDENTAL,CITY OF BACOLOD,TACULING,45010364,PARTYLIST,90 AGIMAT,0,0.00 %
REGION VI,NEGROS OCCIDENTAL,CITY OF BACOLOD,TACULING,45010364,PARTYLIST,91 KONTRA BROWNOUT,0,0.00 %
REGION VI,NEGROS OCCIDENTAL,CITY OF BACOLOD,TACULING,45010364,PARTYLIST,92 TULUNGAN TAYO,0,0.00 %
REGION VI,NEGROS OCCIDENTAL,CITY OF BACOLOD,TACULING,45010364,PARTYLIST,93 DUTERTE YOUTH,3,0.58 %
REGION VI,NEGROS OCCIDENTAL,CITY OF BACOLOD,TACULING,45010364,PARTYLIST,94 ABEKA,0,0.00 %
REGION VI,NEGROS OCCIDENTAL,CITY OF BACOLOD,TACULING,45010364,PARTYLIST,95 KABATAAN,4,0.78 %
REGION VI,NEGROS OCCIDENTAL,CITY OF BACOLOD,TACULING,45010364,PARTYLIST,97 ACTS-OFW,1,0.19 %
REGION VI,NEGROS OCCIDENTAL,CITY OF BACOLOD,TACULING,45010364,PARTYLIST,98 RAM,6,1.17 %
REGION VI,NEGROS OCCIDENTAL,CITY OF BACOLOD,TACULING,45010364,PARTYLIST,99 USWAG ILONGGO,12,2.34 %
REGION VI,NEGROS OCCIDENTAL,CITY OF BACOLOD,TACULING,45010364,PARTYLIST,100 AKO BISAYA,2,0.39 %
REGION VI,NEGROS OCCIDENTAL,CITY OF BACOLOD,TACULING,45010364,PARTYLIST,101 KAPAMILYA,0,0.00 %
REGION VI,NEGROS OCCIDENTAL,CITY OF BACOLOD,TACULING,45010364,PARTYLIST,102 PUSONG PINOY,1,0.19 %
REGION VI,NEGROS OCCIDENTAL,CITY OF BACOLOD,TACULING,45010364,PARTYLIST,103 CWS,0,0.00 %
REGION VI,NEGROS OCCIDENTAL,CITY OF BACOLOD,TACULING,45010364,PARTYLIST,104 SILBI,0,0.00 %
REGION VI,NEGROS OCCIDENTAL,CITY OF BACOLOD,TACULING,45010364,PARTYLIST,105 CIBAC,2,0.39 %
REGION VI,NEGROS OCCIDENTAL,CITY OF BACOLOD,TACULING,45010364,PARTYLIST,106 SUBANEN,0,0.00 %
REGION VI,NEGROS OCCIDENTAL,CITY OF BACOLOD,TACULING,45010364,PARTYLIST,107 AKKK,0,0.00 %
REGION VI,NEGROS OCCIDENTAL,CITY OF BACOLOD,TACULING,45010364,PARTYLIST,108 BG PARTY-LIST,0,0.00 %
REGION VI,NEGROS OCCIDENTAL,CITY OF BACOLOD,TACULING,45010364,PARTYLIST,109 PAMILYANG MAGSASAKA,3,0.58 %
REGION VI,NEGROS OCCIDENTAL,CITY OF BACOLOD,TACULING,45010364,PARTYLIST,110 COOP NATCCO,9,1.75 %
REGION VI,NEGROS OCCIDENTAL,CITY OF BACOLOD,TACULING,45010364,PARTYLIST,111 FRONTLINERS ANG BIDA,1,0.19 %
REGION VI,NEGROS OCCIDENTAL,CITY OF BACOLOD,TACULING,45010364,PARTYLIST,112 KASAMA,1,0.19 %
REGION VI,NEGROS OCCIDENTAL,CITY OF BACOLOD,TACULING,45010364,PARTYLIST,113 AKO BISDAK,1,0.19 %
REGION VI,NEGROS OCCIDENTAL,CITY OF BACOLOD,TACULING,45010364,PARTYLIST,114 GP PARTY,0,0.00 %
REGION VI,NEGROS OCCIDENTAL,CITY OF BACOLOD,TACULING,45010364,PARTYLIST,115 BAHAY,0,0.00 %
REGION VI,NEGROS OCCIDENTAL,CITY OF BACOLOD,TACULING,45010364,PARTYLIST,116 MAGSASAKA,2,0.39 %
REGION VI,NEGROS OCCIDENTAL,CITY OF BACOLOD,TACULING,45010364,PARTYLIST,117 MARINO,2,0.39 %
REGION VI,NEGROS OCCIDENTAL,CITY OF BACOLOD,TACULING,45010364,PARTYLIST,118 UNITED FRONTLINERS,1,0.19 %
REGION VI,NEGROS OCCIDENTAL,CITY OF BACOLOD,TACULING,45010364,PARTYLIST,119 L.O.G.R.O. KUSINERO,0,0.00 %
REGION VI,NEGROS OCCIDENTAL,CITY OF BACOLOD,TACULING,45010364,PARTYLIST,120 BPO,2,0.39 %
REGION VI,NEGROS OCCIDENTAL,CITY OF BACOLOD,TACULING,45010364,PARTYLIST,121 ABANG LINGKOD,131,25.58 %
REGION VI,NEGROS OCCIDENTAL,CITY OF BACOLOD,TACULING,45010364,PARTYLIST,122 KUSUG TAUSUG,1,0.19 %
REGION VI,NEGROS OCCIDENTAL,CITY OF BACOLOD,TACULING,45010364,PARTYLIST,123 PLM,1,0.19 %
REGION VI,NEGROS OCCIDENTAL,CITY OF BACOLOD,TACULING,45010364,PARTYLIST,124 OK PARTYLIST,5,0.97 %
REGION VI,NEGROS OCCIDENTAL,CITY OF BACOLOD,TACULING,45010364,PARTYLIST,125 A TEACHER,2,0.39 %
REGION VI,NEGROS OCCIDENTAL,CITY OF BACOLOD,TACULING,45010364,PARTYLIST,126 PASADA-CC,0,0.00 %
REGION VI,NEGROS OCCIDENTAL,CITY OF BACOLOD,TACULING,45010364,PARTYLIST,127 OFW FAMILY,2,0.39 %
REGION VI,NEGROS OCCIDENTAL,CITY OF BACOLOD,TACULING,45010364,PARTYLIST,128 ANGKLA,2,0.39 %
REGION VI,NEGROS OCCIDENTAL,CITY OF BACOLOD,TACULING,45010364,PARTYLIST,129 COCOMAN,0,0.00 %
REGION VI,NEGROS OCCIDENTAL,CITY OF BACOLOD,TACULING,45010364,PARTYLIST,130 ACT AS ONE,3,0.58 %
REGION VI,NEGROS OCCIDENTAL,CITY OF BACOLOD,TACULING,45010364,PARTYLIST,131 AKO ILOCANO AKO,12,2.34 %
REGION VI,NEGROS OCCIDENTAL,CITY OF BACOLOD,TACULING,45010364,PARTYLIST,132 TRABAHO,1,0.19 %
REGION VI,NEGROS OCCIDENTAL,CITY OF BACOLOD,TACULING,45010364,PARTYLIST,133 PATROL,0,0.00 %
REGION VI,NEGROS OCCIDENTAL,CITY OF BACOLOD,TACULING,45010364,PARTYLIST,134 AKO PADAYON,0,0.00 %
REGION VI,NEGROS OCCIDENTAL,CITY OF BACOLOD,TACULING,45010364,PARTYLIST,135 ABONO,1,0.19 %
REGION VI,NEGROS OCCIDENTAL,CITY OF BACOLOD,TACULING,45010364,PARTYLIST,136 MANILA TEACHERS,1,0.19 %
REGION VI,NEGROS OCCIDENTAL,CITY OF BACOLOD,TACULING,45010364,PARTYLIST,137 KOOP-KAMPI,1,0.19 %
REGION VI,NEGROS OCCIDENTAL,CITY OF BACOLOD,TACULING,45010364,PARTYLIST,138 MAYPAGASA,1,0.19 %
REGION VI,NEGROS OCCIDENTAL,CITY OF BACOLOD,TACULING,45010364,PARTYLIST,139 PVAID,0,0.00 %
REGION VI,NEGROS OCCIDENTAL,CITY OF BACOLOD,TACULING,45010364,PARTYLIST,140 TUTOK TO WIN,7,1.36 %
REGION VI,NEGROS OCCIDENTAL,CITY OF BACOLOD,TACULING,45010364,PARTYLIST,141 BAYAN MUNA,5,0.97 %
REGION VI,NEGROS OCCIDENTAL,CITY OF BACOLOD,TACULING,45010364,PARTYLIST,142 API,0,0.00 %
REGION VI,NEGROS OCCIDENTAL,CITY OF BACOLOD,TACULING,45010364,PARTYLIST,143 ARTE,1,0.19 %
REGION VI,NEGROS OCCIDENTAL,CITY OF BACOLOD,TACULING,45010364,PARTYLIST,144 ASAP,0,0.00 %
REGION VI,NEGROS OCCIDENTAL,CITY OF BACOLOD,TACULING,45010364,PARTYLIST,145 BUNYOG,1,0.19 %
REGION VI,NEGROS OCCIDENTAL,CITY OF BACOLOD,TACULING,45010364,PARTYLIST,146 AKBAYAN,5,0.97 %
REGION VI,NEGROS OCCIDENTAL,CITY OF BACOLOD,TACULING,45010364,PARTYLIST,147 DAMAYAN,2,0.39 %
REGION VI,NEGROS OCCIDENTAL,CITY OF BACOLOD,TACULING,45010364,PARTYLIST,148 WIFI,1,0.19 %
REGION VI,NEGROS OCCIDENTAL,CITY OF BACOLOD,TACULING,45010364,PARTYLIST,149 CANCER PARTY LIST,1,0.19 %
REGION VI,NEGROS OCCIDENTAL,CITY OF BACOLOD,TACULING,45010364,PARTYLIST,150 1-ANG EDUKASYON,1,0.19 %
REGION VI,NEGROS OCCIDENTAL,CITY OF BACOLOD,TACULING,45010364,PARTYLIST,151 UFCC,0,0.00 %
REGION VI,NEGROS OCCIDENTAL,CITY OF BACOLOD,TACULING,45010364,PARTYLIST,152 AGRI,2,0.39 %
REGION VI,NEGROS OCCIDENTAL,CITY OF BACOLOD,TACULING,45010364,PARTYLIST,153 MAHARLIKA,2,0.39 %
REGION VI,NEGROS OCCIDENTAL,CITY OF BACOLOD,TACULING,45010364,PARTYLIST,154 ANAKPAWIS,0,0.00 %
REGION VI,NEGROS OCCIDENTAL,CITY OF BACOLOD,TACULING,45010364,PARTYLIST,155 1TAHANAN,1,0.19 %
REGION VI,NEGROS OCCIDENTAL,CITY OF BACOLOD,TACULING,45010364,PARTYLIST,156 TURISMO,1,0.19 %
REGION VI,NEGROS OCCIDENTAL,CITY OF BACOLOD,TACULING,45010364,PARTYLIST,157 APEC,3,0.58 %
REGION VI,NEGROS OCCIDENTAL,CITY OF BACOLOD,TACULING,45010364,PARTYLIST,158 SENIOR CITIZENS PARTYLIST,7,1.36 %
REGION VI,NEGROS OCCIDENTAL,CITY OF BACOLOD,TACULING,45010364,PARTYLIST,159 AASENSO,2,0.39 %
REGION VI,NEGROS OCCIDENTAL,CITY OF BACOLOD,TACULING,45010364,PARTYLIST,160 AMIN,0,0.00 %
REGION VI,NEGROS OCCIDENTAL,CITY OF BACOLOD,TACULING,45010364,PARTYLIST,161 1-PACMAN,1,0.19 %
REGION VI,NEGROS OCCIDENTAL,CITY OF BACOLOD,TACULING,45010364,PARTYLIST,162 ABB-NFCPI,0,0.00 %
REGION VI,NEGROS OCCIDENTAL,CITY OF BACOLOD,TACULING,45010364,PARTYLIST,163 AN WARAY,0,0.00 %
REGION VI,NEGROS OCCIDENTAL,CITY OF BACOLOD,TACULING,45010364,PARTYLIST,164 AP PARTYLIST,5,0.97 %
REGION VI,NEGROS OCCIDENTAL,CITY OF BACOLOD,TACULING,45010364,PARTYLIST,165 AKAP PINOY,0,0.00 %
REGION VI,NEGROS OCCIDENTAL,CITY OF BACOLOD,TACULING,45010364,PARTYLIST,166 BUHAY,0,0.00 %
REGION VI,NEGROS OCCIDENTAL,CITY OF BACOLOD,TACULING,45010364,PARTYLIST,167 ARISE,0,0.00 %
REGION VI,NEGROS OCCIDENTAL,CITY OF BACOLOD,TACULING,45010364,PARTYLIST,168 IWI,0,0.00 %
REGION VI,NEGROS OCCIDENTAL,CITY OF BACOLOD,TACULING,45010364,PARTYLIST,169 ANG TINIG NG SENIORS,1,0.19 %
REGION VI,NEGROS OCCIDENTAL,CITY OF BACOLOD,TACULING,45010364,PARTYLIST,170 LBP,0,0.00 %
REGION VI,NEGROS OCCIDENTAL,CITY OF BACOLOD,TACULING,45010364,PARTYLIST,171 IPEACE EPANAW,1,0.19 %
REGION VI,NEGROS OCCIDENTAL,CITY OF BACOLOD,TACULING,45010364,PARTYLIST,172 APAT-DAPAT,0,0.00 %
REGION VI,NEGROS OCCIDENTAL,CITY OF BACOLOD,TACULING,45010364,PARTYLIST,173 UMA ILONGGO,12,2.34 %
REGION VI,NEGROS OCCIDENTAL,CITY OF BACOLOD,TACULING,45010364,PARTYLIST,174 AYUDA,0,0.00 %
REGION VI,NEGROS OCCIDENTAL,CITY OF BACOLOD,TACULING,45010364,PARTYLIST,175 SAMBAYANAN,3,0.58 %
REGION VI,NEGROS OCCIDENTAL,CITY OF BACOLOD,TACULING,45010364,PARTYLIST,176 AKO BREEDER,1,0.19 %
REGION VI,NEGROS OCCIDENTAL,CITY OF BACOLOD,TACULING,45010364,PARTYLIST,177 FPJ,0,0.00 %
REGION VI,NEGROS OCCIDENTAL,CITY OF BACOLOD,TACULING,45010364,PARTYLIST,178 LIBRO,0,0.00 %
REGION VI,NEGROS OCCIDENTAL,CITY OF BACOLOD,TACULING,45010364,REP,Candidate,Votes,Percentage
REGION VI,NEGROS OCCIDENTAL,CITY OF BACOLOD,TACULING,45010364,REP,"ATAYDE, DAN (IND)",220,33.13 %
REGION VI,NEGROS OCCIDENTAL,CITY OF BACOLOD,TACULING,45010364,REP,"DAVID, WILLY (IND)",0,0.00 %
REGION VI,NEGROS OCCIDENTAL,CITY OF BACOLOD,TACULING,45010364,REP,"GASATAYA, GREG (NPC)",440,66.26 %
REGION VI,NEGROS OCCIDENTAL,CITY OF BACOLOD,TACULING,45010364,REP,"GUSTILO, ROMY (IND)",1,0.15 %
REGION VI,NEGROS OCCIDENTAL,CITY OF BACOLOD,TACULING,45010364,REP,"SAN MIGUEL, NONONG (PDDS)",3,0.45 %
REGION VI,NEGROS OCCIDENTAL,CITY OF BACOLOD,TACULING,45010364,MAYOR,Candidate,Votes,Percentage
REGION VI,NEGROS OCCIDENTAL,CITY OF BACOLOD,TACULING,45010364,MAYOR,"BENITEZ, ALBEE (PDPLBN)",385,55.71 %
REGION VI,NEGROS OCCIDENTAL,CITY OF BACOLOD,TACULING,45010364,MAYOR,"LEONARDIA, BING (NP)",306,44.28 %
REGION VI,NEGROS OCCIDENTAL,CITY OF BACOLOD,TACULING,45010364,VICE_MAYOR,Candidate,Votes,Percentage
REGION VI,NEGROS OCCIDENTAL,CITY OF BACOLOD,TACULING,45010364,VICE_MAYOR,"DISTRITO, CAESAR (PDPLBN)",212,32.81 %
REGION VI,NEGROS OCCIDENTAL,CITY OF BACOLOD,TACULING,45010364,VICE_MAYOR,"FAMILIARAN, EL CID (NP)",336,52.01 %
REGION VI,NEGROS OCCIDENTAL,CITY OF BACOLOD,TACULING,45010364,VICE_MAYOR,"GAMBOA, WILSON JR. (IND)",98,15.17 %
REGION VI,NEGROS OCCIDENTAL,CITY OF BACOLOD,TACULING,45010364,SP,Candidate,Votes,Percentage
REGION VI,NEGROS OCCIDENTAL,CITY OF BACOLOD,TACULING,45010364,SP,"ANG, EM (NP)",293,4.44 %
REGION VI,NEGROS OCCIDENTAL,CITY OF BACOLOD,TACULING,45010364,SP,"ARROYO, ALAN (IND)",41,0.62 %
REGION VI,NEGROS OCCIDENTAL,CITY OF BACOLOD,TACULING,45010364,SP,"AUJERO, JORGE THE WISE (IND)",10,0.15 %
REGION VI,NEGROS OCCIDENTAL,CITY OF BACOLOD,TACULING,45010364,SP,"BAIS, HOMER (PDPLBN)",233,3.53 %
REGION VI,NEGROS OCCIDENTAL,CITY OF BACOLOD,TACULING,45010364,SP,"BARIBAR, ARCHIE (PROMDI)",240,3.64 %
REGION VI,NEGROS OCCIDENTAL,CITY OF BACOLOD,TACULING,45010364,SP,"BELARIO, 007 (IND)",20,0.30 %
REGION VI,NEGROS OCCIDENTAL,CITY OF BACOLOD,TACULING,45010364,SP,"BELORIA, TOTO CESAR (IND)",93,1.41 %
REGION VI,NEGROS OCCIDENTAL,CITY OF BACOLOD,TACULING,45010364,SP,"CONTRERAS, LR (PRP)",33,0.50 %
REGION VI,NEGROS OCCIDENTAL,CITY OF BACOLOD,TACULING,45010364,SP,"DIAZ, JONATHAN JR. (NP)",162,2.45 %
REGION VI,NEGROS OCCIDENTAL,CITY OF BACOLOD,TACULING,45010364,SP,"DISTRITO, SIMPLE (PDPLBN)",219,3.32 %
REGION VI,NEGROS OCCIDENTAL,CITY OF BACOLOD,TACULING,45010364,SP,"ESPINO, AL (NPC)",272,4.12 %
REGION VI,NEGROS OCCIDENTAL,CITY OF BACOLOD,TACULING,45010364,SP,"FLOR, CELIA (IND)",289,4.38 %
REGION VI,NEGROS OCCIDENTAL,CITY OF BACOLOD,TACULING,45010364,SP,"GICO, VIC (IND)",17,0.25 %
REGION VI,NEGROS OCCIDENTAL,CITY OF BACOLOD,TACULING,45010364,SP,"GONZALEZ, VLADI (PDPLBN)",273,4.14 %
REGION VI,NEGROS OCCIDENTAL,CITY OF BACOLOD,TACULING,45010364,SP,"GUILLEM, ED (NP)",175,2.65 %
REGION VI,NEGROS OCCIDENTAL,CITY OF BACOLOD,TACULING,45010364,SP,"HERMOSURA, BONG (IND)",55,0.83 %
REGION VI,NEGROS OCCIDENTAL,CITY OF BACOLOD,TACULING,45010364,SP,"JAUOD, JIFFY (IND)",31,0.47 %
REGION VI,NEGROS OCCIDENTAL,CITY OF BACOLOD,TACULING,45010364,SP,"LACSON, PATRICK (PDPLBN)",224,3.39 %
REGION VI,NEGROS OCCIDENTAL,CITY OF BACOLOD,TACULING,45010364,SP,"LOPEZ, CARL (NP)",213,3.23 %
REGION VI,NEGROS OCCIDENTAL,CITY OF BACOLOD,TACULING,45010364,SP,"MAYO, MARK STEVEN (NPC)",76,1.15 %
REGION VI,NEGROS OCCIDENTAL,CITY OF BACOLOD,TACULING,45010364,SP,"MONTALVO, CASH (NP)",174,2.63 %
REGION VI,NEGROS OCCIDENTAL,CITY OF BACOLOD,TACULING,45010364,SP,"NACIONALES, FERMIN (IND)",15,0.22 %
REGION VI,NEGROS OCCIDENTAL,CITY OF BACOLOD,TACULING,45010364,SP,"NOVERO, RENECITO (NP)",291,4.41 %
REGION VI,NEGROS OCCIDENTAL,CITY OF BACOLOD,TACULING,45010364,SP,"OROLA, BART (PDPLBN)",237,3.59 %
REGION VI,NEGROS OCCIDENTAL,CITY OF BACOLOD,TACULING,45010364,SP,"PADIOS, EDUARDO (PPM)",55,0.83 %
REGION VI,NEGROS OCCIDENTAL,CITY OF BACOLOD,TACULING,45010364,SP,"PUENTEVELLA, KALAW (PROMDI)",279,4.23 %
REGION VI,NEGROS OCCIDENTAL,CITY OF BACOLOD,TACULING,45010364,SP,"RAMOS, DINDO (NP)",239,3.62 %
REGION VI,NEGROS OCCIDENTAL,CITY OF BACOLOD,TACULING,45010364,SP,"ROJAS, CINDY (NP)",292,4.43 %
REGION VI,NEGROS OCCIDENTAL,CITY OF BACOLOD,TACULING,45010364,SP,"SALANGA, ISRAEL (NP)",305,4.62 %
REGION VI,NEGROS OCCIDENTAL,CITY OF BACOLOD,TACULING,45010364,SP,"SAYSON, THADDY (PDPLBN)",370,5.61 %
REGION VI,NEGROS OCCIDENTAL,CITY OF BACOLOD,TACULING,45010364,SP,"SOLIDUM, MARLON (NPC)",189,2.86 %
REGION VI,NEGROS OCCIDENTAL,CITY OF BACOLOD,TACULING,45010364,SP,"SORONGON, CHRIS (NP)",215,3.26 %
REGION VI,NEGROS OCCIDENTAL,CITY OF BACOLOD,TACULING,45010364,SP,"SY, PAO (NPC)",231,3.50 %
REGION VI,NEGROS OCCIDENTAL,CITY OF BACOLOD,TACULING,45010364,SP,"TAN, CANO GWAPO (AKSYON)",142,2.15 %
REGION VI,NEGROS OCCIDENTAL,CITY OF BACOLOD,TACULING,45010364,SP,"VERDEFLOR, SONYA (UNEGA)",219,3.32 %
REGION VI,NEGROS OCCIDENTAL,CITY OF BACOLOD,TACULING,45010364,SP,"VILLAFUERTE, RICO (IND)",51,0.77 %
REGION VI,NEGROS OCCIDENTAL,CITY OF BACOLOD,TACULING,45010364,SP,"VILLAROSA, JASON (LAKAS)",276,4.18 %
REGION VI,NEGROS OCCIDENTAL,CITY OF BACOLOD,TACULING,45010364,SP,"WEBER, CHRISTIAN (IND)",42,0.63 %
region,province,city,barangay,precinct,position,candidate,votes,percentage
REGION VI,NEGROS OCCIDENTAL,CITY OF BACOLOD,TACULING,45010365,PRESIDENT,Candidate,Votes,Percentage
REGION VI,NEGROS OCCIDENTAL,CITY OF BACOLOD,TACULING,45010365,PRESIDENT,"ABELLA, ERNIE (IND)",1,0.15 %
REGION VI,NEGROS OCCIDENTAL,CITY OF BACOLOD,TACULING,45010365,PRESIDENT,"DE GUZMAN, LEODY (PLM)",0,0.00 %
REGION VI,NEGROS OCCIDENTAL,CITY OF BACOLOD,TACULING,45010365,PRESIDENT,"DOMAGOSO, ISKO MORENO (AKSYON)",30,4.68 %
REGION VI,NEGROS OCCIDENTAL,CITY OF BACOLOD,TACULING,45010365,PRESIDENT,"GONZALES, NORBERTO (PDSP)",1,0.15 %
REGION VI,NEGROS OCCIDENTAL,CITY OF BACOLOD,TACULING,45010365,PRESIDENT,"LACSON, PING (PDR)",19,2.96 %
REGION VI,NEGROS OCCIDENTAL,CITY OF BACOLOD,TACULING,45010365,PRESIDENT,"MANGONDATO, FAISAL (KTPNAN)",0,0.00 %
REGION VI,NEGROS OCCIDENTAL,CITY OF BACOLOD,TACULING,45010365,PRESIDENT,"MARCOS, BONGBONG (PFP)",329,51.40 %
REGION VI,NEGROS OCCIDENTAL,CITY OF BACOLOD,TACULING,45010365,PRESIDENT,"MONTEMAYOR, JOSE JR. (DPP)",2,0.31 %
REGION VI,NEGROS OCCIDENTAL,CITY OF BACOLOD,TACULING,45010365,PRESIDENT,"PACQUIAO, MANNY PACMAN(PROMDI)",48,7.50 %
REGION VI,NEGROS OCCIDENTAL,CITY OF BACOLOD,TACULING,45010365,PRESIDENT,"ROBREDO, LENI (IND)",210,32.81 %
REGION VI,NEGROS OCCIDENTAL,CITY OF BACOLOD,TACULING,45010365,VICE_PRESIDENT,Candidate,Votes,Percentage
REGION VI,NEGROS OCCIDENTAL,CITY OF BACOLOD,TACULING,45010365,VICE_PRESIDENT,"ATIENZA, LITO (PROMDI)",1,0.15 %
REGION VI,NEGROS OCCIDENTAL,CITY OF BACOLOD,TACULING,45010365,VICE_PRESIDENT,"BELLO, WALDEN (PLM)",1,0.15 %
REGION VI,NEGROS OCCIDENTAL,CITY OF BACOLOD,TACULING,45010365,VICE_PRESIDENT,"DAVID, RIZALITO (DPP)",1,0.15 %
REGION VI,NEGROS OCCIDENTAL,CITY OF BACOLOD,TACULING,45010365,VICE_PRESIDENT,"DUTERTE, SARA (LAKAS)",346,54.83 %
REGION VI,NEGROS OCCIDENTAL,CITY OF BACOLOD,TACULING,45010365,VICE_PRESIDENT,"LOPEZ, MANNY SD (WPP)",1,0.15 %
REGION VI,NEGROS OCCIDENTAL,CITY OF BACOLOD,TACULING,45010365,VICE_PRESIDENT,"ONG, DOC WILLIE (AKSYON)",26,4.12 %
REGION VI,NEGROS OCCIDENTAL,CITY OF BACOLOD,TACULING,45010365,VICE_PRESIDENT,"PANGILINAN, KIKO (LP)",123,19.49 %
REGION VI,NEGROS OCCIDENTAL,CITY OF BACOLOD,TACULING,45010365,VICE_PRESIDENT,"SERAPIO, CARLOS (KTPNAN)",0,0.00 %
REGION VI,NEGROS OCCIDENTAL,CITY OF BACOLOD,TACULING,45010365,VICE_PRESIDENT,"SOTTO, VICENTE TITO (NPC)",132,20.91 %
REGION VI,NEGROS OCCIDENTAL,CITY OF BACOLOD,TACULING,45010365,SENATOR,Candidate,Votes,Percentage
REGION VI,NEGROS OCCIDENTAL,CITY OF BACOLOD,TACULING,45010365,SENATOR,"AFUANG, ABNER (IND)",18,0.28 %
REGION VI,NEGROS OCCIDENTAL,CITY OF BACOLOD,TACULING,45010365,SENATOR,"ALBANI, IBRAHIM (WPP)",8,0.12 %
REGION VI,NEGROS OCCIDENTAL,CITY OF BACOLOD,TACULING,45010365,SENATOR,"ARRANZA, MANG JESS (IND)",1,0.01 %
REGION VI,NEGROS OCCIDENTAL,CITY OF BACOLOD,TACULING,45010365,SENATOR,"BAGUILAT, TEDDY (LP)",56,0.87 %
REGION VI,NEGROS OCCIDENTAL,CITY OF BACOLOD,TACULING,45010365,SENATOR,"BAILEN, AGNES (IND)",6,0.09 %
REGION VI,NEGROS OCCIDENTAL,CITY OF BACOLOD,TACULING,45010365,SENATOR,"BALITA, CARL (AKSYON)",47,0.73 %
REGION VI,NEGROS OCCIDENTAL,CITY OF BACOLOD,TACULING,45010365,SENATOR,"BARBO, LUTZ (PDPLBN)",5,0.07 %
REGION VI,NEGROS OCCIDENTAL,CITY OF BACOLOD,TACULING,45010365,SENATOR,"BAUTISTA, HERBERT BISTEK (NPC)",191,2.98 %
REGION VI,NEGROS OCCIDENTAL,CITY OF BACOLOD,TACULING,45010365,SENATOR,"BELGICA, GRECO (PDDS)",12,0.18 %
REGION VI,NEGROS OCCIDENTAL,CITY OF BACOLOD,TACULING,45010365,SENATOR,"BELLO, SILVESTRE JR. (PDPLBN)",31,0.48 %
REGION VI,NEGROS OCCIDENTAL,CITY OF BACOLOD,TACULING,45010365,SENATOR,"BINAY, JOJO (UNA)",120,1.87 %
REGION VI,NEGROS OCCIDENTAL,CITY OF BACOLOD,TACULING,45010365,SENATOR,"CABONEGRO, ROY (PLM)",6,0.09 %
REGION VI,NEGROS OCCIDENTAL,CITY OF BACOLOD,TACULING,45010365,SENATOR,"CASTRICIONES, BRO JOHN(PDPLBN)",4,0.06 %
REGION VI,NEGROS OCCIDENTAL,CITY OF BACOLOD,TACULING,45010365,SENATOR,"CAYETANO, ALAN PETER (IND)",270,4.22 %
REGION VI,NEGROS OCCIDENTAL,CITY OF BACOLOD,TACULING,45010365,SENATOR,"CHAVEZ, MELCHOR (WPP)",11,0.17 %
REGION VI,NEGROS OCCIDENTAL,CITY OF BACOLOD,TACULING,45010365,SENATOR,"COLMENARES, NERI (MKBYN)",190,2.97 %
REGION VI,NEGROS OCCIDENTAL,CITY OF BACOLOD,TACULING,45010365,SENATOR,"D'ANGELO, DAVID (PLM)",3,0.04 %
REGION VI,NEGROS OCCIDENTAL,CITY OF BACOLOD,TACULING,45010365,SENATOR,"DE LIMA, LEILA (LP)",133,2.08 %
REGION VI,NEGROS OCCIDENTAL,CITY OF BACOLOD,TACULING,45010365,SENATOR,"DEL ROSARIO, MONSOUR (PDR)",63,0.98 %
REGION VI,NEGROS OCCIDENTAL,CITY OF BACOLOD,TACULING,45010365,SENATOR,"DIAZ, DING (PPP)",7,0.10 %
REGION VI,NEGROS OCCIDENTAL,CITY OF BACOLOD,TACULING,45010365,SENATOR,"DIOKNO, CHEL (KANP)",171,2.67 %
REGION VI,NEGROS OCCIDENTAL,CITY OF BACOLOD,TACULING,45010365,SENATOR,"EJERCITO, JV ESTRADA (NPC)",172,2.69 %
REGION VI,NEGROS OCCIDENTAL,CITY OF BACOLOD,TACULING,45010365,SENATOR,"ELEAZAR, GEN. GUILLERMO (PDR)",173,2.70 %
REGION VI,NEGROS OCCIDENTAL,CITY OF BACOLOD,TACULING,45010365,SENATOR,"EREÑO, BRO. ERNIE (PM)",6,0.09 %
REGION VI,NEGROS OCCIDENTAL,CITY OF BACOLOD,TACULING,45010365,SENATOR,"ESCUDERO, CHIZ (NPC)",324,5.06 %
REGION VI,NEGROS OCCIDENTAL,CITY OF BACOLOD,TACULING,45010365,SENATOR,"ESPIRITU, LUKE (PLM)",84,1.31 %
REGION VI,NEGROS OCCIDENTAL,CITY OF BACOLOD,TACULING,45010365,SENATOR,"ESTRADA, JINGGOY (PMP)",116,1.81 %
REGION VI,NEGROS OCCIDENTAL,CITY OF BACOLOD,TACULING,45010365,SENATOR,"FALCONE, BAL FALCON (DPP)",7,0.10 %
REGION VI,NEGROS OCCIDENTAL,CITY OF BACOLOD,TACULING,45010365,SENATOR,"GADON, LARRY (KBL)",164,2.56 %
REGION VI,NEGROS OCCIDENTAL,CITY OF BACOLOD,TACULING,45010365,SENATOR,"GATCHALIAN, WIN (NPC)",287,4.48 %
REGION VI,NEGROS OCCIDENTAL,CITY OF BACOLOD,TACULING,45010365,SENATOR,"GORDON, WOW DICK (BVNP)",176,2.75 %
REGION VI,NEGROS OCCIDENTAL,CITY OF BACOLOD,TACULING,45010365,SENATOR,"GUTOC, SAMIRA (AKSYON)",11,0.17 %
REGION VI,NEGROS OCCIDENTAL,CITY OF BACOLOD,TACULING,45010365,SENATOR,"HONASAN, GRINGO (IND)",171,2.67 %
REGION VI,NEGROS OCCIDENTAL,CITY OF BACOLOD,TACULING,45010365,SENATOR,"HONTIVEROS, RISA (AKBAYAN)",248,3.87 %
REGION VI,NEGROS OCCIDENTAL,CITY OF BACOLOD,TACULING,45010365,SENATOR,"JAVELLANA, RJ (IND)",13,0.20 %
REGION VI,NEGROS OCCIDENTAL,CITY OF BACOLOD,TACULING,45010365,SENATOR,"KIRAM, NUR-MAHAL (IND)",10,0.15 %
REGION VI,NEGROS OCCIDENTAL,CITY OF BACOLOD,TACULING,45010365,SENATOR,"LABOG, ELMER (MKBYN)",14,0.21 %
REGION VI,NEGROS OCCIDENTAL,CITY OF BACOLOD,TACULING,45010365,SENATOR,"LACSON, KUYA ALEX (KP)",118,1.84 %
REGION VI,NEGROS OCCIDENTAL,CITY OF BACOLOD,TACULING,45010365,SENATOR,"LANGIT, REY (PDPLBN)",12,0.18 %
REGION VI,NEGROS OCCIDENTAL,CITY OF BACOLOD,TACULING,45010365,SENATOR,"LEGARDA, LOREN (NPC)",342,5.34 %
REGION VI,NEGROS OCCIDENTAL,CITY OF BACOLOD,TACULING,45010365,SENATOR,"LIM, ARIEL (IND)",8,0.12 %
REGION VI,NEGROS OCCIDENTAL,CITY OF BACOLOD,TACULING,45010365,SENATOR,"MALLILLIN, EMILY (PPM)",5,0.07 %
REGION VI,NEGROS OCCIDENTAL,CITY OF BACOLOD,TACULING,45010365,SENATOR,"MARCOLETA, RODANTE (PDPLBN)",67,1.04 %
REGION VI,NEGROS OCCIDENTAL,CITY OF BACOLOD,TACULING,45010365,SENATOR,"MARCOS, FRANCIS LEO (IND)",59,0.92 %
REGION VI,NEGROS OCCIDENTAL,CITY OF BACOLOD,TACULING,45010365,SENATOR,"MATULA, SONNY (IND)",45,0.70 %
REGION VI,NEGROS OCCIDENTAL,CITY OF BACOLOD,TACULING,45010365,SENATOR,"MINDALANO-ADAM,MARIETA(KTPNAN)",3,0.04 %
REGION VI,NEGROS OCCIDENTAL,CITY OF BACOLOD,TACULING,45010365,SENATOR,"OLARTE, ATTY/DR. LEO (BIGKIS)",94,1.47 %
REGION VI,NEGROS OCCIDENTAL,CITY OF BACOLOD,TACULING,45010365,SENATOR,"PADILLA, DRA. MINGUITA (PDR)",56,0.87 %
REGION VI,NEGROS OCCIDENTAL,CITY OF BACOLOD,TACULING,45010365,SENATOR,"PADILLA, ROBIN (PDPLBN)",240,3.75 %
REGION VI,NEGROS OCCIDENTAL,CITY OF BACOLOD,TACULING,45010365,SENATOR,"PANELO, SAL PANALO (PDPLBN)",99,1.54 %
REGION VI,NEGROS OCCIDENTAL,CITY OF BACOLOD,TACULING,45010365,SENATOR,"PIMENTEL, ASTRA (PDPLBN)",36,0.56 %
REGION VI,NEGROS OCCIDENTAL,CITY OF BACOLOD,TACULING,45010365,SENATOR,"PIÑOL, MANNY (NPC)",50,0.78 %
REGION VI,NEGROS OCCIDENTAL,CITY OF BACOLOD,TACULING,45010365,SENATOR,"RICABLANCA, WILLIE JR. (PM)",2,0.03 %
REGION VI,NEGROS OCCIDENTAL,CITY OF BACOLOD,TACULING,45010365,SENATOR,"ROQUE, HARRY SPOX (PRP)",153,2.39 %
REGION VI,NEGROS OCCIDENTAL,CITY OF BACOLOD,TACULING,45010365,SENATOR,"SAHIDULLA, LADY ANNE (PDDS)",3,0.04 %
REGION VI,NEGROS OCCIDENTAL,CITY OF BACOLOD,TACULING,45010365,SENATOR,"SISON, JOPET (AKSYON)",30,0.46 %
REGION VI,NEGROS OCCIDENTAL,CITY OF BACOLOD,TACULING,45010365,SENATOR,"TEODORO, GIBO (PRP)",272,4.25 %
REGION VI,NEGROS OCCIDENTAL,CITY OF BACOLOD,TACULING,45010365,SENATOR,"TRILLANES, ANTONIO IV (LP)",155,2.42 %
REGION VI,NEGROS OCCIDENTAL,CITY OF BACOLOD,TACULING,45010365,SENATOR,"TULFO, IDOL RAFFY (IND)",336,5.25 %
REGION VI,NEGROS OCCIDENTAL,CITY OF BACOLOD,TACULING,45010365,SENATOR,"VALEROS, REY (IND)",9,0.14 %
REGION VI,NEGROS OCCIDENTAL,CITY OF BACOLOD,TACULING,45010365,SENATOR,"VILLANUEVA,JOEL TESDAMAN (IND)",226,3.53 %
REGION VI,NEGROS OCCIDENTAL,CITY OF BACOLOD,TACULING,45010365,SENATOR,"VILLAR, MARK (NP)",255,3.98 %
REGION VI,NEGROS OCCIDENTAL,CITY OF BACOLOD,TACULING,45010365,SENATOR,"ZUBIAGA, CARMEN (IND)",23,0.35 %
REGION VI,NEGROS OCCIDENTAL,CITY OF BACOLOD,TACULING,45010365,SENATOR,"ZUBIRI, MIGZ (IND)",367,5.73 %
REGION VI,NEGROS OCCIDENTAL,CITY OF BACOLOD,TACULING,45010365,PARTYLIST,Candidate,Votes,Percentage
REGION VI,NEGROS OCCIDENTAL,CITY OF BACOLOD,TACULING,45010365,PARTYLIST,01 KAMALAYAN,0,0.00 %
REGION VI,NEGROS OCCIDENTAL,CITY OF BACOLOD,TACULING,45010365,PARTYLIST,02 KM NGAYON NA,0,0.00 %
REGION VI,NEGROS OCCIDENTAL,CITY OF BACOLOD,TACULING,45010365,PARTYLIST,03 PSIS,0,0.00 %
REGION VI,NEGROS OCCIDENTAL,CITY OF BACOLOD,TACULING,45010365,PARTYLIST,04 AGAP,3,0.53 %
REGION VI,NEGROS OCCIDENTAL,CITY OF BACOLOD,TACULING,45010365,PARTYLIST,05 KABAYAN,1,0.17 %
REGION VI,NEGROS OCCIDENTAL,CITY OF BACOLOD,TACULING,45010365,PARTYLIST,06 HOME OWNER,0,0.00 %
REGION VI,NEGROS OCCIDENTAL,CITY OF BACOLOD,TACULING,45010365,PARTYLIST,07 KAPUSO-PM,4,0.71 %
REGION VI,NEGROS OCCIDENTAL,CITY OF BACOLOD,TACULING,45010365,PARTYLIST,08 PDP CARES,2,0.35 %
REGION VI,NEGROS OCCIDENTAL,CITY OF BACOLOD,TACULING,45010365,PARTYLIST,09 MARVELOUS TAYO,0,0.00 %
REGION VI,NEGROS OCCIDENTAL,CITY OF BACOLOD,TACULING,45010365,PARTYLIST,10 AKO OFW,3,0.53 %
REGION VI,NEGROS OCCIDENTAL,CITY OF BACOLOD,TACULING,45010365,PARTYLIST,11 UNITED SENIOR CITIZEN,14,2.48 %
REGION VI,NEGROS OCCIDENTAL,CITY OF BACOLOD,TACULING,45010365,PARTYLIST,12 WOW PILIPINAS,1,0.17 %
REGION VI,NEGROS OCCIDENTAL,CITY OF BACOLOD,TACULING,45010365,PARTYLIST,13 ALTERNATIBA,0,0.00 %
REGION VI,NEGROS OCCIDENTAL,CITY OF BACOLOD,TACULING,45010365,PARTYLIST,14 1-RIDER PARTYLIST,10,1.77 %
REGION VI,NEGROS OCCIDENTAL,CITY OF BACOLOD,TACULING,45010365,PARTYLIST,15 1-CARE,2,0.35 %
REGION VI,NEGROS OCCIDENTAL,CITY OF BACOLOD,TACULING,45010365,PARTYLIST,16 ABP,1,0.17 %
REGION VI,NEGROS OCCIDENTAL,CITY OF BACOLOD,TACULING,45010365,PARTYLIST,17 AKO MUSIKERO,0,0.00 %
REGION VI,NEGROS OCCIDENTAL,CITY OF BACOLOD,TACULING,45010365,PARTYLIST,18 AKO BICOL,1,0.17 %
REGION VI,NEGROS OCCIDENTAL,CITY OF BACOLOD,TACULING,45010365,PARTYLIST,19 PRAI,1,0.17 %
REGION VI,NEGROS OCCIDENTAL,CITY OF BACOLOD,TACULING,45010365,PARTYLIST,20 4PS,0,0.00 %
REGION VI,NEGROS OCCIDENTAL,CITY OF BACOLOD,TACULING,45010365,PARTYLIST,21 MAAGAP,0,0.00 %
REGION VI,NEGROS OCCIDENTAL,CITY OF BACOLOD,TACULING,45010365,PARTYLIST,22 ABANTE PILIPINAS,3,0.53 %
REGION VI,NEGROS OCCIDENTAL,CITY OF BACOLOD,TACULING,45010365,PARTYLIST,23 AKTIBONG KAAGAPAY,0,0.00 %
REGION VI,NEGROS OCCIDENTAL,CITY OF BACOLOD,TACULING,45010365,PARTYLIST,24 ALSA BISAYA,0,0.00 %
REGION VI,NEGROS OCCIDENTAL,CITY OF BACOLOD,TACULING,45010365,PARTYLIST,25 PROBINSYANO AKO,3,0.53 %
REGION VI,NEGROS OCCIDENTAL,CITY OF BACOLOD,TACULING,45010365,PARTYLIST,26 YACAP,2,0.35 %
REGION VI,NEGROS OCCIDENTAL,CITY OF BACOLOD,TACULING,45010365,PARTYLIST,27 MAGDALO,2,0.35 %
REGION VI,NEGROS OCCIDENTAL,CITY OF BACOLOD,TACULING,45010365,PARTYLIST,28 ACT-CIS,51,9.05 %
REGION VI,NEGROS OCCIDENTAL,CITY OF BACOLOD,TACULING,45010365,PARTYLIST,29 HUGPONG FEDERAL,2,0.35 %
REGION VI,NEGROS OCCIDENTAL,CITY OF BACOLOD,TACULING,45010365,PARTYLIST,30 TGP,0,0.00 %
REGION VI,NEGROS OCCIDENTAL,CITY OF BACOLOD,TACULING,45010365,PARTYLIST,31 ONE COOP,0,0.00 %
REGION VI,NEGROS OCCIDENTAL,CITY OF BACOLOD,TACULING,45010365,PARTYLIST,32 BARKADAHAN,0,0.00 %
REGION VI,NEGROS OCCIDENTAL,CITY OF BACOLOD,TACULING,45010365,PARTYLIST,33 DUMPER PTDA,0,0.00 %
REGION VI,NEGROS OCCIDENTAL,CITY OF BACOLOD,TACULING,45010365,PARTYLIST,34 MALABUNG,0,0.00 %
REGION VI,NEGROS OCCIDENTAL,CITY OF BACOLOD,TACULING,45010365,PARTYLIST,35 BH (BAGONG HENERASYON),1,0.17 %
REGION VI,NEGROS OCCIDENTAL,CITY OF BACOLOD,TACULING,45010365,PARTYLIST,36 AKMA-PTM,0,0.00 %
REGION VI,NEGROS OCCIDENTAL,CITY OF BACOLOD,TACULING,45010365,PARTYLIST,37 IPATUPAD,5,0.88 %
REGION VI,NEGROS OCCIDENTAL,CITY OF BACOLOD,TACULING,45010365,PARTYLIST,38 PINUNO,0,0.00 %
REGION VI,NEGROS OCCIDENTAL,CITY OF BACOLOD,TACULING,45010365,PARTYLIST,39 LPGMA,0,0.00 %
REGION VI,NEGROS OCCIDENTAL,CITY OF BACOLOD,TACULING,45010365,PARTYLIST,40 CLICK PARTY,0,0.00 %
REGION VI,NEGROS OCCIDENTAL,CITY OF BACOLOD,TACULING,45010365,PARTYLIST,41 TODA,0,0.00 %
REGION VI,NEGROS OCCIDENTAL,CITY OF BACOLOD,TACULING,45010365,PARTYLIST,42 BHW,0,0.00 %
REGION VI,NEGROS OCCIDENTAL,CITY OF BACOLOD,TACULING,45010365,PARTYLIST,43 MALASAKIT@BAYANIHAN,63,11.19 %
REGION VI,NEGROS OCCIDENTAL,CITY OF BACOLOD,TACULING,45010365,PARTYLIST,44 ABS,1,0.17 %
REGION VI,NEGROS OCCIDENTAL,CITY OF BACOLOD,TACULING,45010365,PARTYLIST,45 PASAHERO PARTYLIST,1,0.17 %
REGION VI,NEGROS OCCIDENTAL,CITY OF BACOLOD,TACULING,45010365,PARTYLIST,46 ANGAT,25,4.44 %
REGION VI,NEGROS OCCIDENTAL,CITY OF BACOLOD,TACULING,45010365,PARTYLIST,47 SOLID-CHANGE,3,0.53 %
REGION VI,NEGROS OCCIDENTAL,CITY OF BACOLOD,TACULING,45010365,PARTYLIST,48 BICOL SARO,2,0.35 %
REGION VI,NEGROS OCCIDENTAL,CITY OF BACOLOD,TACULING,45010365,PARTYLIST,49 OFW,4,0.71 %
REGION VI,NEGROS OCCIDENTAL,CITY OF BACOLOD,TACULING,45010365,PARTYLIST,50 ANG PROBINSIYANO,2,0.35 %
REGION VI,NEGROS OCCIDENTAL,CITY OF BACOLOD,TACULING,45010365,PARTYLIST,51 ANAKALUSUGAN,2,0.35 %
REGION VI,NEGROS OCCIDENTAL,CITY OF BACOLOD,TACULING,45010365,PARTYLIST,52 PBA,1,0.17 %
REGION VI,NEGROS OCCIDENTAL,CITY OF BACOLOD,TACULING,45010365,PARTYLIST,53 PEACE,1,0.17 %
REGION VI,NEGROS OCCIDENTAL,CITY OF BACOLOD,TACULING,45010365,PARTYLIST,54 P3PWD,19,3.37 %
REGION VI,NEGROS OCCIDENTAL,CITY OF BACOLOD,TACULING,45010365,PARTYLIST,55 S.M.I.L.E,0,0.00 %
REGION VI,NEGROS OCCIDENTAL,CITY OF BACOLOD,TACULING,45010365,PARTYLIST,56 AAMBIS-OWA,0,0.00 %
REGION VI,NEGROS OCCIDENTAL,CITY OF BACOLOD,TACULING,45010365,PARTYLIST,57 BUTIL,0,0.00 %
REGION VI,NEGROS OCCIDENTAL,CITY OF BACOLOD,TACULING,45010365,PARTYLIST,58 LUNAS,1,0.17 %
REGION VI,NEGROS OCCIDENTAL,CITY OF BACOLOD,TACULING,45010365,PARTYLIST,59 ANG KOMADRONA,0,0.00 %
REGION VI,NEGROS OCCIDENTAL,CITY OF BACOLOD,TACULING,45010365,PARTYLIST,60 KABAKA,0,0.00 %
REGION VI,NEGROS OCCIDENTAL,CITY OF BACOLOD,TACULING,45010365,PARTYLIST,61 SAGIP,2,0.35 %
REGION VI,NEGROS OCCIDENTAL,CITY OF BACOLOD,TACULING,45010365,PARTYLIST,62 ANG KABUHAYAN,2,0.35 %
REGION VI,NEGROS OCCIDENTAL,CITY OF BACOLOD,TACULING,45010365,PARTYLIST,63 AKO I.P.,0,0.00 %
REGION VI,NEGROS OCCIDENTAL,CITY OF BACOLOD,TACULING,45010365,PARTYLIST,64 PHILRECA,0,0.00 %
REGION VI,NEGROS OCCIDENTAL,CITY OF BACOLOD,TACULING,45010365,PARTYLIST,65 BABAE AKO,1,0.17 %
REGION VI,NEGROS OCCIDENTAL,CITY OF BACOLOD,TACULING,45010365,PARTYLIST,66 KB,0,0.00 %
REGION VI,NEGROS OCCIDENTAL,CITY OF BACOLOD,TACULING,45010365,PARTYLIST,67 GABRIELA,6,1.06 %
REGION VI,NEGROS OCCIDENTAL,CITY OF BACOLOD,TACULING,45010365,PARTYLIST,68 KALINGA,3,0.53 %
REGION VI,NEGROS OCCIDENTAL,CITY OF BACOLOD,TACULING,45010365,PARTYLIST,69 STL,1,0.17 %
REGION VI,NEGROS OCCIDENTAL,CITY OF BACOLOD,TACULING,45010365,PARTYLIST,70 RECOBODA,0,0.00 %
REGION VI,NEGROS OCCIDENTAL,CITY OF BACOLOD,TACULING,45010365,PARTYLIST,71 ANGAT PINOY,1,0.17 %
REGION VI,NEGROS OCCIDENTAL,CITY OF BACOLOD,TACULING,45010365,PARTYLIST,72 ANAC-IP,0,0.00 %
REGION VI,NEGROS OCCIDENTAL,CITY OF BACOLOD,TACULING,45010365,PARTYLIST,73 DIWA,0,0.00 %
REGION VI,NEGROS OCCIDENTAL,CITY OF BACOLOD,TACULING,45010365,PARTYLIST,74 ASENSO PINOY,3,0.53 %
REGION VI,NEGROS OCCIDENTAL,CITY OF BACOLOD,TACULING,45010365,PARTYLIST,75 PPP,0,0.00 %
REGION VI,NEGROS OCCIDENTAL,CITY OF BACOLOD,TACULING,45010365,PARTYLIST,76 PAMILYA MUNA,0,0.00 %
REGION VI,NEGROS OCCIDENTAL,CITY OF BACOLOD,TACULING,45010365,PARTYLIST,77 AYUDA SANDUGO,0,0.00 %
REGION VI,NEGROS OCCIDENTAL,CITY OF BACOLOD,TACULING,45010365,PARTYLIST,78 BUKLOD FILIPINO,0,0.00 %
REGION VI,NEGROS OCCIDENTAL,CITY OF BACOLOD,TACULING,45010365,PARTYLIST,79 BTS,0,0.00 %
REGION VI,NEGROS OCCIDENTAL,CITY OF BACOLOD,TACULING,45010365,PARTYLIST,80 MOCHA,1,0.17 %
REGION VI,NEGROS OCCIDENTAL,CITY OF BACOLOD,TACULING,45010365,PARTYLIST,81 ACT TEACHERS,8,1.42 %
REGION VI,NEGROS OCCIDENTAL,CITY OF BACOLOD,TACULING,45010365,PARTYLIST,82 ALONA,0,0.00 %
REGION VI,NEGROS OCCIDENTAL,CITY OF BACOLOD,TACULING,45010365,PARTYLIST,83 KABALIKAT,0,0.00 %
REGION VI,NEGROS OCCIDENTAL,CITY OF BACOLOD,TACULING,45010365,PARTYLIST,84 ALIF,0,0.00 %
REGION VI,NEGROS OCCIDENTAL,CITY OF BACOLOD,TACULING,45010365,PARTYLIST,85 1-UTAP BICOL,0,0.00 %
REGION VI,NEGROS OCCIDENTAL,CITY OF BACOLOD,TACULING,45010365,PARTYLIST,86 TINGOG,3,0.53 %
REGION VI,NEGROS OCCIDENTAL,CITY OF BACOLOD,TACULING,45010365,PARTYLIST,87 H.E.L.P. PILIPINAS,2,0.35 %
REGION VI,NEGROS OCCIDENTAL,CITY OF BACOLOD,TACULING,45010365,PARTYLIST,88 TUCP,0,0.00 %
REGION VI,NEGROS OCCIDENTAL,CITY OF BACOLOD,TACULING,45010365,PARTYLIST,89 PTA,0,0.00 %
REGION VI,NEGROS OCCIDENTAL,CITY OF BACOLOD,TACULING,45010365,PARTYLIST,90 AGIMAT,1,0.17 %
REGION VI,NEGROS OCCIDENTAL,CITY OF BACOLOD,TACULING,45010365,PARTYLIST,91 KONTRA BROWNOUT,2,0.35 %
REGION VI,NEGROS OCCIDENTAL,CITY OF BACOLOD,TACULING,45010365,PARTYLIST,92 TULUNGAN TAYO,2,0.35 %
REGION VI,NEGROS OCCIDENTAL,CITY OF BACOLOD,TACULING,45010365,PARTYLIST,93 DUTERTE YOUTH,14,2.48 %
REGION VI,NEGROS OCCIDENTAL,CITY OF BACOLOD,TACULING,45010365,PARTYLIST,94 ABEKA,1,0.17 %
REGION VI,NEGROS OCCIDENTAL,CITY OF BACOLOD,TACULING,45010365,PARTYLIST,95 KABATAAN,10,1.77 %
REGION VI,NEGROS OCCIDENTAL,CITY OF BACOLOD,TACULING,45010365,PARTYLIST,97 ACTS-OFW,5,0.88 %
REGION VI,NEGROS OCCIDENTAL,CITY OF BACOLOD,TACULING,45010365,PARTYLIST,98 RAM,4,0.71 %
REGION VI,NEGROS OCCIDENTAL,CITY OF BACOLOD,TACULING,45010365,PARTYLIST,99 USWAG ILONGGO,41,7.28 %
REGION VI,NEGROS OCCIDENTAL,CITY OF BACOLOD,TACULING,45010365,PARTYLIST,100 AKO BISAYA,0,0.00 %
REGION VI,NEGROS OCCIDENTAL,CITY OF BACOLOD,TACULING,45010365,PARTYLIST,101 KAPAMILYA,2,0.35 %
REGION VI,NEGROS OCCIDENTAL,CITY OF BACOLOD,TACULING,45010365,PARTYLIST,102 PUSONG PINOY,0,0.00 %
REGION VI,NEGROS OCCIDENTAL,CITY OF BACOLOD,TACULING,45010365,PARTYLIST,103 CWS,0,0.00 %
REGION VI,NEGROS OCCIDENTAL,CITY OF BACOLOD,TACULING,45010365,PARTYLIST,104 SILBI,0,0.00 %
REGION VI,NEGROS OCCIDENTAL,CITY OF BACOLOD,TACULING,45010365,PARTYLIST,105 CIBAC,3,0.53 %
REGION VI,NEGROS OCCIDENTAL,CITY OF BACOLOD,TACULING,45010365,PARTYLIST,106 SUBANEN,0,0.00 %
REGION VI,NEGROS OCCIDENTAL,CITY OF BACOLOD,TACULING,45010365,PARTYLIST,107 AKKK,0,0.00 %
REGION VI,NEGROS OCCIDENTAL,CITY OF BACOLOD,TACULING,45010365,PARTYLIST,108 BG PARTY-LIST,0,0.00 %
REGION VI,NEGROS OCCIDENTAL,CITY OF BACOLOD,TACULING,45010365,PARTYLIST,109 PAMILYANG MAGSASAKA,3,0.53 %
REGION VI,NEGROS OCCIDENTAL,CITY OF BACOLOD,TACULING,45010365,PARTYLIST,110 COOP NATCCO,1,0.17 %
REGION VI,NEGROS OCCIDENTAL,CITY OF BACOLOD,TACULING,45010365,PARTYLIST,111 FRONTLINERS ANG BIDA,4,0.71 %
REGION VI,NEGROS OCCIDENTAL,CITY OF BACOLOD,TACULING,45010365,PARTYLIST,112 KASAMA,0,0.00 %
REGION VI,NEGROS OCCIDENTAL,CITY OF BACOLOD,TACULING,45010365,PARTYLIST,113 AKO BISDAK,0,0.00 %
REGION VI,NEGROS OCCIDENTAL,CITY OF BACOLOD,TACULING,45010365,PARTYLIST,114 GP PARTY,0,0.00 %
REGION VI,NEGROS OCCIDENTAL,CITY OF BACOLOD,TACULING,45010365,PARTYLIST,115 BAHAY,1,0.17 %
REGION VI,NEGROS OCCIDENTAL,CITY OF BACOLOD,TACULING,45010365,PARTYLIST,116 MAGSASAKA,3,0.53 %
REGION VI,NEGROS OCCIDENTAL,CITY OF BACOLOD,TACULING,45010365,PARTYLIST,117 MARINO,2,0.35 %
REGION VI,NEGROS OCCIDENTAL,CITY OF BACOLOD,TACULING,45010365,PARTYLIST,118 UNITED FRONTLINERS,0,0.00 %
REGION VI,NEGROS OCCIDENTAL,CITY OF BACOLOD,TACULING,45010365,PARTYLIST,119 L.O.G.R.O. KUSINERO,0,0.00 %
REGION VI,NEGROS OCCIDENTAL,CITY OF BACOLOD,TACULING,45010365,PARTYLIST,120 BPO,3,0.53 %
REGION VI,NEGROS OCCIDENTAL,CITY OF BACOLOD,TACULING,45010365,PARTYLIST,121 ABANG LINGKOD,100,17.76 %
REGION VI,NEGROS OCCIDENTAL,CITY OF BACOLOD,TACULING,45010365,PARTYLIST,122 KUSUG TAUSUG,0,0.00 %
REGION VI,NEGROS OCCIDENTAL,CITY OF BACOLOD,TACULING,45010365,PARTYLIST,123 PLM,0,0.00 %
REGION VI,NEGROS OCCIDENTAL,CITY OF BACOLOD,TACULING,45010365,PARTYLIST,124 OK PARTYLIST,1,0.17 %
REGION VI,NEGROS OCCIDENTAL,CITY OF BACOLOD,TACULING,45010365,PARTYLIST,125 A TEACHER,2,0.35 %
REGION VI,NEGROS OCCIDENTAL,CITY OF BACOLOD,TACULING,45010365,PARTYLIST,126 PASADA-CC,0,0.00 %
REGION VI,NEGROS OCCIDENTAL,CITY OF BACOLOD,TACULING,45010365,PARTYLIST,127 OFW FAMILY,2,0.35 %
REGION VI,NEGROS OCCIDENTAL,CITY OF BACOLOD,TACULING,45010365,PARTYLIST,128 ANGKLA,3,0.53 %
REGION VI,NEGROS OCCIDENTAL,CITY OF BACOLOD,TACULING,45010365,PARTYLIST,129 COCOMAN,0,0.00 %
REGION VI,NEGROS OCCIDENTAL,CITY OF BACOLOD,TACULING,45010365,PARTYLIST,130 ACT AS ONE,2,0.35 %
REGION VI,NEGROS OCCIDENTAL,CITY OF BACOLOD,TACULING,45010365,PARTYLIST,131 AKO ILOCANO AKO,7,1.24 %
REGION VI,NEGROS OCCIDENTAL,CITY OF BACOLOD,TACULING,45010365,PARTYLIST,132 TRABAHO,0,0.00 %
REGION VI,NEGROS OCCIDENTAL,CITY OF BACOLOD,TACULING,45010365,PARTYLIST,133 PATROL,0,0.00 %
REGION VI,NEGROS OCCIDENTAL,CITY OF BACOLOD,TACULING,45010365,PARTYLIST,134 AKO PADAYON,0,0.00 %
REGION VI,NEGROS OCCIDENTAL,CITY OF BACOLOD,TACULING,45010365,PARTYLIST,135 ABONO,0,0.00 %
REGION VI,NEGROS OCCIDENTAL,CITY OF BACOLOD,TACULING,45010365,PARTYLIST,136 MANILA TEACHERS,1,0.17 %
REGION VI,NEGROS OCCIDENTAL,CITY OF BACOLOD,TACULING,45010365,PARTYLIST,137 KOOP-KAMPI,1,0.17 %
REGION VI,NEGROS OCCIDENTAL,CITY OF BACOLOD,TACULING,45010365,PARTYLIST,138 MAYPAGASA,0,0.00 %
REGION VI,NEGROS OCCIDENTAL,CITY OF BACOLOD,TACULING,45010365,PARTYLIST,139 PVAID,0,0.00 %
REGION VI,NEGROS OCCIDENTAL,CITY OF BACOLOD,TACULING,45010365,PARTYLIST,140 TUTOK TO WIN,7,1.24 %
REGION VI,NEGROS OCCIDENTAL,CITY OF BACOLOD,TACULING,45010365,PARTYLIST,141 BAYAN MUNA,2,0.35 %
REGION VI,NEGROS OCCIDENTAL,CITY OF BACOLOD,TACULING,45010365,PARTYLIST,142 API,0,0.00 %
REGION VI,NEGROS OCCIDENTAL,CITY OF BACOLOD,TACULING,45010365,PARTYLIST,143 ARTE,0,0.00 %
REGION VI,NEGROS OCCIDENTAL,CITY OF BACOLOD,TACULING,45010365,PARTYLIST,144 ASAP,1,0.17 %
REGION VI,NEGROS OCCIDENTAL,CITY OF BACOLOD,TACULING,45010365,PARTYLIST,145 BUNYOG,0,0.00 %
REGION VI,NEGROS OCCIDENTAL,CITY OF BACOLOD,TACULING,45010365,PARTYLIST,146 AKBAYAN,1,0.17 %
REGION VI,NEGROS OCCIDENTAL,CITY OF BACOLOD,TACULING,45010365,PARTYLIST,147 DAMAYAN,0,0.00 %
REGION VI,NEGROS OCCIDENTAL,CITY OF BACOLOD,TACULING,45010365,PARTYLIST,148 WIFI,5,0.88 %
REGION VI,NEGROS OCCIDENTAL,CITY OF BACOLOD,TACULING,45010365,PARTYLIST,149 CANCER PARTY LIST,1,0.17 %
REGION VI,NEGROS OCCIDENTAL,CITY OF BACOLOD,TACULING,45010365,PARTYLIST,150 1-ANG EDUKASYON,3,0.53 %
REGION VI,NEGROS OCCIDENTAL,CITY OF BACOLOD,TACULING,45010365,PARTYLIST,151 UFCC,0,0.00 %
REGION VI,NEGROS OCCIDENTAL,CITY OF BACOLOD,TACULING,45010365,PARTYLIST,152 AGRI,5,0.88 %
REGION VI,NEGROS OCCIDENTAL,CITY OF BACOLOD,TACULING,45010365,PARTYLIST,153 MAHARLIKA,0,0.00 %
REGION VI,NEGROS OCCIDENTAL,CITY OF BACOLOD,TACULING,45010365,PARTYLIST,154 ANAKPAWIS,0,0.00 %
REGION VI,NEGROS OCCIDENTAL,CITY OF BACOLOD,TACULING,45010365,PARTYLIST,155 1TAHANAN,0,0.00 %
REGION VI,NEGROS OCCIDENTAL,CITY OF BACOLOD,TACULING,45010365,PARTYLIST,156 TURISMO,1,0.17 %
REGION VI,NEGROS OCCIDENTAL,CITY OF BACOLOD,TACULING,45010365,PARTYLIST,157 APEC,1,0.17 %
REGION VI,NEGROS OCCIDENTAL,CITY OF BACOLOD,TACULING,45010365,PARTYLIST,158 SENIOR CITIZENS PARTYLIST,10,1.77 %
REGION VI,NEGROS OCCIDENTAL,CITY OF BACOLOD,TACULING,45010365,PARTYLIST,159 AASENSO,1,0.17 %
REGION VI,NEGROS OCCIDENTAL,CITY OF BACOLOD,TACULING,45010365,PARTYLIST,160 AMIN,0,0.00 %
REGION VI,NEGROS OCCIDENTAL,CITY OF BACOLOD,TACULING,45010365,PARTYLIST,161 1-PACMAN,2,0.35 %
REGION VI,NEGROS OCCIDENTAL,CITY OF BACOLOD,TACULING,45010365,PARTYLIST,162 ABB-NFCPI,0,0.00 %
REGION VI,NEGROS OCCIDENTAL,CITY OF BACOLOD,TACULING,45010365,PARTYLIST,163 AN WARAY,4,0.71 %
REGION VI,NEGROS OCCIDENTAL,CITY OF BACOLOD,TACULING,45010365,PARTYLIST,164 AP PARTYLIST,1,0.17 %
REGION VI,NEGROS OCCIDENTAL,CITY OF BACOLOD,TACULING,45010365,PARTYLIST,165 AKAP PINOY,2,0.35 %
REGION VI,NEGROS OCCIDENTAL,CITY OF BACOLOD,TACULING,45010365,PARTYLIST,166 BUHAY,0,0.00 %
REGION VI,NEGROS OCCIDENTAL,CITY OF BACOLOD,TACULING,45010365,PARTYLIST,167 ARISE,0,0.00 %
REGION VI,NEGROS OCCIDENTAL,CITY OF BACOLOD,TACULING,45010365,PARTYLIST,168 IWI,0,0.00 %
REGION VI,NEGROS OCCIDENTAL,CITY OF BACOLOD,TACULING,45010365,PARTYLIST,169 ANG TINIG NG SENIORS,3,0.53 %
REGION VI,NEGROS OCCIDENTAL,CITY OF BACOLOD,TACULING,45010365,PARTYLIST,170 LBP,1,0.17 %
REGION VI,NEGROS OCCIDENTAL,CITY OF BACOLOD,TACULING,45010365,PARTYLIST,171 IPEACE EPANAW,1,0.17 %
REGION VI,NEGROS OCCIDENTAL,CITY OF BACOLOD,TACULING,45010365,PARTYLIST,172 APAT-DAPAT,0,0.00 %
REGION VI,NEGROS OCCIDENTAL,CITY OF BACOLOD,TACULING,45010365,PARTYLIST,173 UMA ILONGGO,13,2.30 %
REGION VI,NEGROS OCCIDENTAL,CITY OF BACOLOD,TACULING,45010365,PARTYLIST,174 AYUDA,0,0.00 %
REGION VI,NEGROS OCCIDENTAL,CITY OF BACOLOD,TACULING,45010365,PARTYLIST,175 SAMBAYANAN,3,0.53 %
REGION VI,NEGROS OCCIDENTAL,CITY OF BACOLOD,TACULING,45010365,PARTYLIST,176 AKO BREEDER,2,0.35 %
REGION VI,NEGROS OCCIDENTAL,CITY OF BACOLOD,TACULING,45010365,PARTYLIST,177 FPJ,2,0.35 %
REGION VI,NEGROS OCCIDENTAL,CITY OF BACOLOD,TACULING,45010365,PARTYLIST,178 LIBRO,0,0.00 %
REGION VI,NEGROS OCCIDENTAL,CITY OF BACOLOD,TACULING,45010365,REP,Candidate,Votes,Percentage
REGION VI,NEGROS OCCIDENTAL,CITY OF BACOLOD,TACULING,45010365,REP,"ATAYDE, DAN (IND)",262,42.32 %
REGION VI,NEGROS OCCIDENTAL,CITY OF BACOLOD,TACULING,45010365,REP,"DAVID, WILLY (IND)",2,0.32 %
REGION VI,NEGROS OCCIDENTAL,CITY OF BACOLOD,TACULING,45010365,REP,"GASATAYA, GREG (NPC)",348,56.21 %
REGION VI,NEGROS OCCIDENTAL,CITY OF BACOLOD,TACULING,45010365,REP,"GUSTILO, ROMY (IND)",3,0.48 %
REGION VI,NEGROS OCCIDENTAL,CITY OF BACOLOD,TACULING,45010365,REP,"SAN MIGUEL, NONONG (PDDS)",4,0.64 %
REGION VI,NEGROS OCCIDENTAL,CITY OF BACOLOD,TACULING,45010365,MAYOR,Candidate,Votes,Percentage
REGION VI,NEGROS OCCIDENTAL,CITY OF BACOLOD,TACULING,45010365,MAYOR,"BENITEZ, ALBEE (PDPLBN)",298,47.22 %
REGION VI,NEGROS OCCIDENTAL,CITY OF BACOLOD,TACULING,45010365,MAYOR,"LEONARDIA, BING (NP)",333,52.77 %
REGION VI,NEGROS OCCIDENTAL,CITY OF BACOLOD,TACULING,45010365,VICE_MAYOR,Candidate,Votes,Percentage
REGION VI,NEGROS OCCIDENTAL,CITY OF BACOLOD,TACULING,45010365,VICE_MAYOR,"DISTRITO, CAESAR (PDPLBN)",157,25.52 %
REGION VI,NEGROS OCCIDENTAL,CITY OF BACOLOD,TACULING,45010365,VICE_MAYOR,"FAMILIARAN, EL CID (NP)",368,59.83 %
REGION VI,NEGROS OCCIDENTAL,CITY OF BACOLOD,TACULING,45010365,VICE_MAYOR,"GAMBOA, WILSON JR. (IND)",90,14.63 %
REGION VI,NEGROS OCCIDENTAL,CITY OF BACOLOD,TACULING,45010365,SP,Candidate,Votes,Percentage
REGION VI,NEGROS OCCIDENTAL,CITY OF BACOLOD,TACULING,45010365,SP,"ANG, EM (NP)",372,5.71 %
REGION VI,NEGROS OCCIDENTAL,CITY OF BACOLOD,TACULING,45010365,SP,"ARROYO, ALAN (IND)",38,0.58 %
REGION VI,NEGROS OCCIDENTAL,CITY OF BACOLOD,TACULING,45010365,SP,"AUJERO, JORGE THE WISE (IND)",15,0.23 %
REGION VI,NEGROS OCCIDENTAL,CITY OF BACOLOD,TACULING,45010365,SP,"BAIS, HOMER (PDPLBN)",176,2.70 %
REGION VI,NEGROS OCCIDENTAL,CITY OF BACOLOD,TACULING,45010365,SP,"BARIBAR, ARCHIE (PROMDI)",291,4.47 %
REGION VI,NEGROS OCCIDENTAL,CITY OF BACOLOD,TACULING,45010365,SP,"BELARIO, 007 (IND)",10,0.15 %
REGION VI,NEGROS OCCIDENTAL,CITY OF BACOLOD,TACULING,45010365,SP,"BELORIA, TOTO CESAR (IND)",103,1.58 %
REGION VI,NEGROS OCCIDENTAL,CITY OF BACOLOD,TACULING,45010365,SP,"CONTRERAS, LR (PRP)",29,0.44 %
REGION VI,NEGROS OCCIDENTAL,CITY OF BACOLOD,TACULING,45010365,SP,"DIAZ, JONATHAN JR. (NP)",145,2.22 %
REGION VI,NEGROS OCCIDENTAL,CITY OF BACOLOD,TACULING,45010365,SP,"DISTRITO, SIMPLE (PDPLBN)",188,2.89 %
REGION VI,NEGROS OCCIDENTAL,CITY OF BACOLOD,TACULING,45010365,SP,"ESPINO, AL (NPC)",226,3.47 %
REGION VI,NEGROS OCCIDENTAL,CITY OF BACOLOD,TACULING,45010365,SP,"FLOR, CELIA (IND)",228,3.50 %
REGION VI,NEGROS OCCIDENTAL,CITY OF BACOLOD,TACULING,45010365,SP,"GICO, VIC (IND)",27,0.41 %
REGION VI,NEGROS OCCIDENTAL,CITY OF BACOLOD,TACULING,45010365,SP,"GONZALEZ, VLADI (PDPLBN)",254,3.90 %
REGION VI,NEGROS OCCIDENTAL,CITY OF BACOLOD,TACULING,45010365,SP,"GUILLEM, ED (NP)",200,3.07 %
REGION VI,NEGROS OCCIDENTAL,CITY OF BACOLOD,TACULING,45010365,SP,"HERMOSURA, BONG (IND)",40,0.61 %
REGION VI,NEGROS OCCIDENTAL,CITY OF BACOLOD,TACULING,45010365,SP,"JAUOD, JIFFY (IND)",13,0.19 %
REGION VI,NEGROS OCCIDENTAL,CITY OF BACOLOD,TACULING,45010365,SP,"LACSON, PATRICK (PDPLBN)",182,2.79 %
REGION VI,NEGROS OCCIDENTAL,CITY OF BACOLOD,TACULING,45010365,SP,"LOPEZ, CARL (NP)",258,3.96 %
REGION VI,NEGROS OCCIDENTAL,CITY OF BACOLOD,TACULING,45010365,SP,"MAYO, MARK STEVEN (NPC)",59,0.90 %
REGION VI,NEGROS OCCIDENTAL,CITY OF BACOLOD,TACULING,45010365,SP,"MONTALVO, CASH (NP)",222,3.41 %
REGION VI,NEGROS OCCIDENTAL,CITY OF BACOLOD,TACULING,45010365,SP,"NACIONALES, FERMIN (IND)",21,0.32 %
REGION VI,NEGROS OCCIDENTAL,CITY OF BACOLOD,TACULING,45010365,SP,"NOVERO, RENECITO (NP)",360,5.53 %
REGION VI,NEGROS OCCIDENTAL,CITY OF BACOLOD,TACULING,45010365,SP,"OROLA, BART (PDPLBN)",179,2.75 %
REGION VI,NEGROS OCCIDENTAL,CITY OF BACOLOD,TACULING,45010365,SP,"PADIOS, EDUARDO (PPM)",45,0.69 %
REGION VI,NEGROS OCCIDENTAL,CITY OF BACOLOD,TACULING,45010365,SP,"PUENTEVELLA, KALAW (PROMDI)",211,3.24 %
REGION VI,NEGROS OCCIDENTAL,CITY OF BACOLOD,TACULING,45010365,SP,"RAMOS, DINDO (NP)",305,4.68 %
REGION VI,NEGROS OCCIDENTAL,CITY OF BACOLOD,TACULING,45010365,SP,"ROJAS, CINDY (NP)",374,5.74 %
REGION VI,NEGROS OCCIDENTAL,CITY OF BACOLOD,TACULING,45010365,SP,"SALANGA, ISRAEL (NP)",333,5.11 %
REGION VI,NEGROS OCCIDENTAL,CITY OF BACOLOD,TACULING,45010365,SP,"SAYSON, THADDY (PDPLBN)",317,4.87 %
REGION VI,NEGROS OCCIDENTAL,CITY OF BACOLOD,TACULING,45010365,SP,"SOLIDUM, MARLON (NPC)",216,3.32 %
REGION VI,NEGROS OCCIDENTAL,CITY OF BACOLOD,TACULING,45010365,SP,"SORONGON, CHRIS (NP)",256,3.93 %
REGION VI,NEGROS OCCIDENTAL,CITY OF BACOLOD,TACULING,45010365,SP,"SY, PAO (NPC)",170,2.61 %
REGION VI,NEGROS OCCIDENTAL,CITY OF BACOLOD,TACULING,45010365,SP,"TAN, CANO GWAPO (AKSYON)",173,2.65 %
REGION VI,NEGROS OCCIDENTAL,CITY OF BACOLOD,TACULING,45010365,SP,"VERDEFLOR, SONYA (UNEGA)",218,3.35 %
REGION VI,NEGROS OCCIDENTAL,CITY OF BACOLOD,TACULING,45010365,SP,"VILLAFUERTE, RICO (IND)",38,0.58 %
REGION VI,NEGROS OCCIDENTAL,CITY OF BACOLOD,TACULING,45010365,SP,"VILLAROSA, JASON (LAKAS)",186,2.85 %
REGION VI,NEGROS OCCIDENTAL,CITY OF BACOLOD,TACULING,45010365,SP,"WEBER, CHRISTIAN (IND)",27,0.41 %
region,province,city,barangay,precinct,position,candidate,votes,percentage
REGION VI,NEGROS OCCIDENTAL,CITY OF BACOLOD,TACULING,45010366,PRESIDENT,Candidate,Votes,Percentage
REGION VI,NEGROS OCCIDENTAL,CITY OF BACOLOD,TACULING,45010366,PRESIDENT,"ABELLA, ERNIE (IND)",3,0.43 %
REGION VI,NEGROS OCCIDENTAL,CITY OF BACOLOD,TACULING,45010366,PRESIDENT,"DE GUZMAN, LEODY (PLM)",1,0.14 %
REGION VI,NEGROS OCCIDENTAL,CITY OF BACOLOD,TACULING,45010366,PRESIDENT,"DOMAGOSO, ISKO MORENO (AKSYON)",36,5.25 %
REGION VI,NEGROS OCCIDENTAL,CITY OF BACOLOD,TACULING,45010366,PRESIDENT,"GONZALES, NORBERTO (PDSP)",2,0.29 %
REGION VI,NEGROS OCCIDENTAL,CITY OF BACOLOD,TACULING,45010366,PRESIDENT,"LACSON, PING (PDR)",7,1.02 %
REGION VI,NEGROS OCCIDENTAL,CITY OF BACOLOD,TACULING,45010366,PRESIDENT,"MANGONDATO, FAISAL (KTPNAN)",1,0.14 %
REGION VI,NEGROS OCCIDENTAL,CITY OF BACOLOD,TACULING,45010366,PRESIDENT,"MARCOS, BONGBONG (PFP)",331,48.32 %
REGION VI,NEGROS OCCIDENTAL,CITY OF BACOLOD,TACULING,45010366,PRESIDENT,"MONTEMAYOR, JOSE JR. (DPP)",0,0.00 %
REGION VI,NEGROS OCCIDENTAL,CITY OF BACOLOD,TACULING,45010366,PRESIDENT,"PACQUIAO, MANNY PACMAN(PROMDI)",51,7.44 %
REGION VI,NEGROS OCCIDENTAL,CITY OF BACOLOD,TACULING,45010366,PRESIDENT,"ROBREDO, LENI (IND)",253,36.93 %
REGION VI,NEGROS OCCIDENTAL,CITY OF BACOLOD,TACULING,45010366,VICE_PRESIDENT,Candidate,Votes,Percentage
REGION VI,NEGROS OCCIDENTAL,CITY OF BACOLOD,TACULING,45010366,VICE_PRESIDENT,"ATIENZA, LITO (PROMDI)",2,0.29 %
REGION VI,NEGROS OCCIDENTAL,CITY OF BACOLOD,TACULING,45010366,VICE_PRESIDENT,"BELLO, WALDEN (PLM)",1,0.14 %
REGION VI,NEGROS OCCIDENTAL,CITY OF BACOLOD,TACULING,45010366,VICE_PRESIDENT,"DAVID, RIZALITO (DPP)",1,0.14 %
REGION VI,NEGROS OCCIDENTAL,CITY OF BACOLOD,TACULING,45010366,VICE_PRESIDENT,"DUTERTE, SARA (LAKAS)",317,47.17 %
REGION VI,NEGROS OCCIDENTAL,CITY OF BACOLOD,TACULING,45010366,VICE_PRESIDENT,"LOPEZ, MANNY SD (WPP)",1,0.14 %
REGION VI,NEGROS OCCIDENTAL,CITY OF BACOLOD,TACULING,45010366,VICE_PRESIDENT,"ONG, DOC WILLIE (AKSYON)",30,4.46 %
REGION VI,NEGROS OCCIDENTAL,CITY OF BACOLOD,TACULING,45010366,VICE_PRESIDENT,"PANGILINAN, KIKO (LP)",182,27.08 %
REGION VI,NEGROS OCCIDENTAL,CITY OF BACOLOD,TACULING,45010366,VICE_PRESIDENT,"SERAPIO, CARLOS (KTPNAN)",1,0.14 %
REGION VI,NEGROS OCCIDENTAL,CITY OF BACOLOD,TACULING,45010366,VICE_PRESIDENT,"SOTTO, VICENTE TITO (NPC)",137,20.38 %
REGION VI,NEGROS OCCIDENTAL,CITY OF BACOLOD,TACULING,45010366,SENATOR,Candidate,Votes,Percentage
REGION VI,NEGROS OCCIDENTAL,CITY OF BACOLOD,TACULING,45010366,SENATOR,"AFUANG, ABNER (IND)",13,0.20 %
REGION VI,NEGROS OCCIDENTAL,CITY OF BACOLOD,TACULING,45010366,SENATOR,"ALBANI, IBRAHIM (WPP)",5,0.07 %
REGION VI,NEGROS OCCIDENTAL,CITY OF BACOLOD,TACULING,45010366,SENATOR,"ARRANZA, MANG JESS (IND)",6,0.09 %
REGION VI,NEGROS OCCIDENTAL,CITY OF BACOLOD,TACULING,45010366,SENATOR,"BAGUILAT, TEDDY (LP)",76,1.18 %
REGION VI,NEGROS OCCIDENTAL,CITY OF BACOLOD,TACULING,45010366,SENATOR,"BAILEN, AGNES (IND)",12,0.18 %
REGION VI,NEGROS OCCIDENTAL,CITY OF BACOLOD,TACULING,45010366,SENATOR,"BALITA, CARL (AKSYON)",49,0.76 %
REGION VI,NEGROS OCCIDENTAL,CITY OF BACOLOD,TACULING,45010366,SENATOR,"BARBO, LUTZ (PDPLBN)",10,0.15 %
REGION VI,NEGROS OCCIDENTAL,CITY OF BACOLOD,TACULING,45010366,SENATOR,"BAUTISTA, HERBERT BISTEK (NPC)",158,2.47 %
REGION VI,NEGROS OCCIDENTAL,CITY OF BACOLOD,TACULING,45010366,SENATOR,"BELGICA, GRECO (PDDS)",12,0.18 %
REGION VI,NEGROS OCCIDENTAL,CITY OF BACOLOD,TACULING,45010366,SENATOR,"BELLO, SILVESTRE JR. (PDPLBN)",27,0.42 %
REGION VI,NEGROS OCCIDENTAL,CITY OF BACOLOD,TACULING,45010366,SENATOR,"BINAY, JOJO (UNA)",153,2.39 %
REGION VI,NEGROS OCCIDENTAL,CITY OF BACOLOD,TACULING,45010366,SENATOR,"CABONEGRO, ROY (PLM)",12,0.18 %
REGION VI,NEGROS OCCIDENTAL,CITY OF BACOLOD,TACULING,45010366,SENATOR,"CASTRICIONES, BRO JOHN(PDPLBN)",6,0.09 %
REGION VI,NEGROS OCCIDENTAL,CITY OF BACOLOD,TACULING,45010366,SENATOR,"CAYETANO, ALAN PETER (IND)",282,4.41 %
REGION VI,NEGROS OCCIDENTAL,CITY OF BACOLOD,TACULING,45010366,SENATOR,"CHAVEZ, MELCHOR (WPP)",21,0.32 %
REGION VI,NEGROS OCCIDENTAL,CITY OF BACOLOD,TACULING,45010366,SENATOR,"COLMENARES, NERI (MKBYN)",193,3.01 %
REGION VI,NEGROS OCCIDENTAL,CITY OF BACOLOD,TACULING,45010366,SENATOR,"D'ANGELO, DAVID (PLM)",13,0.20 %
REGION VI,NEGROS OCCIDENTAL,CITY OF BACOLOD,TACULING,45010366,SENATOR,"DE LIMA, LEILA (LP)",148,2.31 %
REGION VI,NEGROS OCCIDENTAL,CITY OF BACOLOD,TACULING,45010366,SENATOR,"DEL ROSARIO, MONSOUR (PDR)",55,0.86 %
REGION VI,NEGROS OCCIDENTAL,CITY OF BACOLOD,TACULING,45010366,SENATOR,"DIAZ, DING (PPP)",4,0.06 %
REGION VI,NEGROS OCCIDENTAL,CITY OF BACOLOD,TACULING,45010366,SENATOR,"DIOKNO, CHEL (KANP)",212,3.31 %
REGION VI,NEGROS OCCIDENTAL,CITY OF BACOLOD,TACULING,45010366,SENATOR,"EJERCITO, JV ESTRADA (NPC)",193,3.01 %
REGION VI,NEGROS OCCIDENTAL,CITY OF BACOLOD,TACULING,45010366,SENATOR,"ELEAZAR, GEN. GUILLERMO (PDR)",148,2.31 %
REGION VI,NEGROS OCCIDENTAL,CITY OF BACOLOD,TACULING,45010366,SENATOR,"EREÑO, BRO. ERNIE (PM)",12,0.18 %
REGION VI,NEGROS OCCIDENTAL,CITY OF BACOLOD,TACULING,45010366,SENATOR,"ESCUDERO, CHIZ (NPC)",295,4.61 %
REGION VI,NEGROS OCCIDENTAL,CITY OF BACOLOD,TACULING,45010366,SENATOR,"ESPIRITU, LUKE (PLM)",105,1.64 %
REGION VI,NEGROS OCCIDENTAL,CITY OF BACOLOD,TACULING,45010366,SENATOR,"ESTRADA, JINGGOY (PMP)",146,2.28 %
REGION VI,NEGROS OCCIDENTAL,CITY OF BACOLOD,TACULING,45010366,SENATOR,"FALCONE, BAL FALCON (DPP)",9,0.14 %
REGION VI,NEGROS OCCIDENTAL,CITY OF BACOLOD,TACULING,45010366,SENATOR,"GADON, LARRY (KBL)",126,1.97 %
REGION VI,NEGROS OCCIDENTAL,CITY OF BACOLOD,TACULING,45010366,SENATOR,"GATCHALIAN, WIN (NPC)",286,4.47 %
REGION VI,NEGROS OCCIDENTAL,CITY OF BACOLOD,TACULING,45010366,SENATOR,"GORDON, WOW DICK (BVNP)",155,2.42 %
REGION VI,NEGROS OCCIDENTAL,CITY OF BACOLOD,TACULING,45010366,SENATOR,"GUTOC, SAMIRA (AKSYON)",20,0.31 %
REGION VI,NEGROS OCCIDENTAL,CITY OF BACOLOD,TACULING,45010366,SENATOR,"HONASAN, GRINGO (IND)",162,2.53 %
REGION VI,NEGROS OCCIDENTAL,CITY OF BACOLOD,TACULING,45010366,SENATOR,"HONTIVEROS, RISA (AKBAYAN)",299,4.67 %
REGION VI,NEGROS OCCIDENTAL,CITY OF BACOLOD,TACULING,45010366,SENATOR,"JAVELLANA, RJ (IND)",9,0.14 %
REGION VI,NEGROS OCCIDENTAL,CITY OF BACOLOD,TACULING,45010366,SENATOR,"KIRAM, NUR-MAHAL (IND)",6,0.09 %
REGION VI,NEGROS OCCIDENTAL,CITY OF BACOLOD,TACULING,45010366,SENATOR,"LABOG, ELMER (MKBYN)",29,0.45 %
REGION VI,NEGROS OCCIDENTAL,CITY OF BACOLOD,TACULING,45010366,SENATOR,"LACSON, KUYA ALEX (KP)",132,2.06 %
REGION VI,NEGROS OCCIDENTAL,CITY OF BACOLOD,TACULING,45010366,SENATOR,"LANGIT, REY (PDPLBN)",16,0.25 %
REGION VI,NEGROS OCCIDENTAL,CITY OF BACOLOD,TACULING,45010366,SENATOR,"LEGARDA, LOREN (NPC)",351,5.48 %
REGION VI,NEGROS OCCIDENTAL,CITY OF BACOLOD,TACULING,45010366,SENATOR,"LIM, ARIEL (IND)",9,0.14 %
REGION VI,NEGROS OCCIDENTAL,CITY OF BACOLOD,TACULING,45010366,SENATOR,"MALLILLIN, EMILY (PPM)",4,0.06 %
REGION VI,NEGROS OCCIDENTAL,CITY OF BACOLOD,TACULING,45010366,SENATOR,"MARCOLETA, RODANTE (PDPLBN)",43,0.67 %
REGION VI,NEGROS OCCIDENTAL,CITY OF BACOLOD,TACULING,45010366,SENATOR,"MARCOS, FRANCIS LEO (IND)",69,1.07 %
REGION VI,NEGROS OCCIDENTAL,CITY OF BACOLOD,TACULING,45010366,SENATOR,"MATULA, SONNY (IND)",50,0.78 %
REGION VI,NEGROS OCCIDENTAL,CITY OF BACOLOD,TACULING,45010366,SENATOR,"MINDALANO-ADAM,MARIETA(KTPNAN)",4,0.06 %
REGION VI,NEGROS OCCIDENTAL,CITY OF BACOLOD,TACULING,45010366,SENATOR,"OLARTE, ATTY/DR. LEO (BIGKIS)",39,0.60 %
REGION VI,NEGROS OCCIDENTAL,CITY OF BACOLOD,TACULING,45010366,SENATOR,"PADILLA, DRA. MINGUITA (PDR)",41,0.64 %
REGION VI,NEGROS OCCIDENTAL,CITY OF BACOLOD,TACULING,45010366,SENATOR,"PADILLA, ROBIN (PDPLBN)",270,4.22 %
REGION VI,NEGROS OCCIDENTAL,CITY OF BACOLOD,TACULING,45010366,SENATOR,"PANELO, SAL PANALO (PDPLBN)",62,0.96 %
REGION VI,NEGROS OCCIDENTAL,CITY OF BACOLOD,TACULING,45010366,SENATOR,"PIMENTEL, ASTRA (PDPLBN)",63,0.98 %
REGION VI,NEGROS OCCIDENTAL,CITY OF BACOLOD,TACULING,45010366,SENATOR,"PIÑOL, MANNY (NPC)",37,0.57 %
REGION VI,NEGROS OCCIDENTAL,CITY OF BACOLOD,TACULING,45010366,SENATOR,"RICABLANCA, WILLIE JR. (PM)",7,0.10 %
REGION VI,NEGROS OCCIDENTAL,CITY OF BACOLOD,TACULING,45010366,SENATOR,"ROQUE, HARRY SPOX (PRP)",103,1.61 %
REGION VI,NEGROS OCCIDENTAL,CITY OF BACOLOD,TACULING,45010366,SENATOR,"SAHIDULLA, LADY ANNE (PDDS)",4,0.06 %
REGION VI,NEGROS OCCIDENTAL,CITY OF BACOLOD,TACULING,45010366,SENATOR,"SISON, JOPET (AKSYON)",37,0.57 %
REGION VI,NEGROS OCCIDENTAL,CITY OF BACOLOD,TACULING,45010366,SENATOR,"TEODORO, GIBO (PRP)",249,3.89 %
REGION VI,NEGROS OCCIDENTAL,CITY OF BACOLOD,TACULING,45010366,SENATOR,"TRILLANES, ANTONIO IV (LP)",169,2.64 %
REGION VI,NEGROS OCCIDENTAL,CITY OF BACOLOD,TACULING,45010366,SENATOR,"TULFO, IDOL RAFFY (IND)",327,5.11 %
REGION VI,NEGROS OCCIDENTAL,CITY OF BACOLOD,TACULING,45010366,SENATOR,"VALEROS, REY (IND)",7,0.10 %
REGION VI,NEGROS OCCIDENTAL,CITY OF BACOLOD,TACULING,45010366,SENATOR,"VILLANUEVA,JOEL TESDAMAN (IND)",235,3.67 %
REGION VI,NEGROS OCCIDENTAL,CITY OF BACOLOD,TACULING,45010366,SENATOR,"VILLAR, MARK (NP)",236,3.69 %
REGION VI,NEGROS OCCIDENTAL,CITY OF BACOLOD,TACULING,45010366,SENATOR,"ZUBIAGA, CARMEN (IND)",24,0.37 %
REGION VI,NEGROS OCCIDENTAL,CITY OF BACOLOD,TACULING,45010366,SENATOR,"ZUBIRI, MIGZ (IND)",339,5.30 %
REGION VI,NEGROS OCCIDENTAL,CITY OF BACOLOD,TACULING,45010366,PARTYLIST,Candidate,Votes,Percentage
REGION VI,NEGROS OCCIDENTAL,CITY OF BACOLOD,TACULING,45010366,PARTYLIST,01 KAMALAYAN,0,0.00 %
REGION VI,NEGROS OCCIDENTAL,CITY OF BACOLOD,TACULING,45010366,PARTYLIST,02 KM NGAYON NA,0,0.00 %
REGION VI,NEGROS OCCIDENTAL,CITY OF BACOLOD,TACULING,45010366,PARTYLIST,03 PSIS,0,0.00 %
REGION VI,NEGROS OCCIDENTAL,CITY OF BACOLOD,TACULING,45010366,PARTYLIST,04 AGAP,1,0.18 %
REGION VI,NEGROS OCCIDENTAL,CITY OF BACOLOD,TACULING,45010366,PARTYLIST,05 KABAYAN,2,0.36 %
REGION VI,NEGROS OCCIDENTAL,CITY OF BACOLOD,TACULING,45010366,PARTYLIST,06 HOME OWNER,0,0.00 %
REGION VI,NEGROS OCCIDENTAL,CITY OF BACOLOD,TACULING,45010366,PARTYLIST,07 KAPUSO-PM,1,0.18 %
REGION VI,NEGROS OCCIDENTAL,CITY OF BACOLOD,TACULING,45010366,PARTYLIST,08 PDP CARES,2,0.36 %
REGION VI,NEGROS OCCIDENTAL,CITY OF BACOLOD,TACULING,45010366,PARTYLIST,09 MARVELOUS TAYO,0,0.00 %
REGION VI,NEGROS OCCIDENTAL,CITY OF BACOLOD,TACULING,45010366,PARTYLIST,10 AKO OFW,0,0.00 %
REGION VI,NEGROS OCCIDENTAL,CITY OF BACOLOD,TACULING,45010366,PARTYLIST,11 UNITED SENIOR CITIZEN,5,0.90 %
REGION VI,NEGROS OCCIDENTAL,CITY OF BACOLOD,TACULING,45010366,PARTYLIST,12 WOW PILIPINAS,0,0.00 %
REGION VI,NEGROS OCCIDENTAL,CITY OF BACOLOD,TACULING,45010366,PARTYLIST,13 ALTERNATIBA,0,0.00 %
REGION VI,NEGROS OCCIDENTAL,CITY OF BACOLOD,TACULING,45010366,PARTYLIST,14 1-RIDER PARTYLIST,12,2.16 %
REGION VI,NEGROS OCCIDENTAL,CITY OF BACOLOD,TACULING,45010366,PARTYLIST,15 1-CARE,3,0.54 %
REGION VI,NEGROS OCCIDENTAL,CITY OF BACOLOD,TACULING,45010366,PARTYLIST,16 ABP,0,0.00 %
REGION VI,NEGROS OCCIDENTAL,CITY OF BACOLOD,TACULING,45010366,PARTYLIST,17 AKO MUSIKERO,2,0.36 %
REGION VI,NEGROS OCCIDENTAL,CITY OF BACOLOD,TACULING,45010366,PARTYLIST,18 AKO BICOL,1,0.18 %
REGION VI,NEGROS OCCIDENTAL,CITY OF BACOLOD,TACULING,45010366,PARTYLIST,19 PRAI,2,0.36 %
REGION VI,NEGROS OCCIDENTAL,CITY OF BACOLOD,TACULING,45010366,PARTYLIST,20 4PS,4,0.72 %
REGION VI,NEGROS OCCIDENTAL,CITY OF BACOLOD,TACULING,45010366,PARTYLIST,21 MAAGAP,1,0.18 %
REGION VI,NEGROS OCCIDENTAL,CITY OF BACOLOD,TACULING,45010366,PARTYLIST,22 ABANTE PILIPINAS,1,0.18 %
REGION VI,NEGROS OCCIDENTAL,CITY OF BACOLOD,TACULING,45010366,PARTYLIST,23 AKTIBONG KAAGAPAY,1,0.18 %
REGION VI,NEGROS OCCIDENTAL,CITY OF BACOLOD,TACULING,45010366,PARTYLIST,24 ALSA BISAYA,1,0.18 %
REGION VI,NEGROS OCCIDENTAL,CITY OF BACOLOD,TACULING,45010366,PARTYLIST,25 PROBINSYANO AKO,1,0.18 %
REGION VI,NEGROS OCCIDENTAL,CITY OF BACOLOD,TACULING,45010366,PARTYLIST,26 YACAP,0,0.00 %
REGION VI,NEGROS OCCIDENTAL,CITY OF BACOLOD,TACULING,45010366,PARTYLIST,27 MAGDALO,3,0.54 %
REGION VI,NEGROS OCCIDENTAL,CITY OF BACOLOD,TACULING,45010366,PARTYLIST,28 ACT-CIS,19,3.42 %
REGION VI,NEGROS OCCIDENTAL,CITY OF BACOLOD,TACULING,45010366,PARTYLIST,29 HUGPONG FEDERAL,0,0.00 %
REGION VI,NEGROS OCCIDENTAL,CITY OF BACOLOD,TACULING,45010366,PARTYLIST,30 TGP,1,0.18 %
REGION VI,NEGROS OCCIDENTAL,CITY OF BACOLOD,TACULING,45010366,PARTYLIST,31 ONE COOP,0,0.00 %
REGION VI,NEGROS OCCIDENTAL,CITY OF BACOLOD,TACULING,45010366,PARTYLIST,32 BARKADAHAN,1,0.18 %
REGION VI,NEGROS OCCIDENTAL,CITY OF BACOLOD,TACULING,45010366,PARTYLIST,33 DUMPER PTDA,1,0.18 %
REGION VI,NEGROS OCCIDENTAL,CITY OF BACOLOD,TACULING,45010366,PARTYLIST,34 MALABUNG,0,0.00 %
REGION VI,NEGROS OCCIDENTAL,CITY OF BACOLOD,TACULING,45010366,PARTYLIST,35 BH (BAGONG HENERASYON),2,0.36 %
REGION VI,NEGROS OCCIDENTAL,CITY OF BACOLOD,TACULING,45010366,PARTYLIST,36 AKMA-PTM,0,0.00 %
REGION VI,NEGROS OCCIDENTAL,CITY OF BACOLOD,TACULING,45010366,PARTYLIST,37 IPATUPAD,1,0.18 %
REGION VI,NEGROS OCCIDENTAL,CITY OF BACOLOD,TACULING,45010366,PARTYLIST,38 PINUNO,0,0.00 %
REGION VI,NEGROS OCCIDENTAL,CITY OF BACOLOD,TACULING,45010366,PARTYLIST,39 LPGMA,0,0.00 %
REGION VI,NEGROS OCCIDENTAL,CITY OF BACOLOD,TACULING,45010366,PARTYLIST,40 CLICK PARTY,0,0.00 %
REGION VI,NEGROS OCCIDENTAL,CITY OF BACOLOD,TACULING,45010366,PARTYLIST,41 TODA,0,0.00 %
REGION VI,NEGROS OCCIDENTAL,CITY OF BACOLOD,TACULING,45010366,PARTYLIST,42 BHW,2,0.36 %
REGION VI,NEGROS OCCIDENTAL,CITY OF BACOLOD,TACULING,45010366,PARTYLIST,43 MALASAKIT@BAYANIHAN,94,16.96 %
REGION VI,NEGROS OCCIDENTAL,CITY OF BACOLOD,TACULING,45010366,PARTYLIST,44 ABS,0,0.00 %
REGION VI,NEGROS OCCIDENTAL,CITY OF BACOLOD,TACULING,45010366,PARTYLIST,45 PASAHERO PARTYLIST,0,0.00 %
REGION VI,NEGROS OCCIDENTAL,CITY OF BACOLOD,TACULING,45010366,PARTYLIST,46 ANGAT,11,1.98 %
REGION VI,NEGROS OCCIDENTAL,CITY OF BACOLOD,TACULING,45010366,PARTYLIST,47 SOLID-CHANGE,1,0.18 %
REGION VI,NEGROS OCCIDENTAL,CITY OF BACOLOD,TACULING,45010366,PARTYLIST,48 BICOL SARO,0,0.00 %
REGION VI,NEGROS OCCIDENTAL,CITY OF BACOLOD,TACULING,45010366,PARTYLIST,49 OFW,2,0.36 %
REGION VI,NEGROS OCCIDENTAL,CITY OF BACOLOD,TACULING,45010366,PARTYLIST,50 ANG PROBINSIYANO,8,1.44 %
REGION VI,NEGROS OCCIDENTAL,CITY OF BACOLOD,TACULING,45010366,PARTYLIST,51 ANAKALUSUGAN,0,0.00 %
REGION VI,NEGROS OCCIDENTAL,CITY OF BACOLOD,TACULING,45010366,PARTYLIST,52 PBA,0,0.00 %
REGION VI,NEGROS OCCIDENTAL,CITY OF BACOLOD,TACULING,45010366,PARTYLIST,53 PEACE,7,1.26 %
REGION VI,NEGROS OCCIDENTAL,CITY OF BACOLOD,TACULING,45010366,PARTYLIST,54 P3PWD,13,2.34 %
REGION VI,NEGROS OCCIDENTAL,CITY OF BACOLOD,TACULING,45010366,PARTYLIST,55 S.M.I.L.E,4,0.72 %
REGION VI,NEGROS OCCIDENTAL,CITY OF BACOLOD,TACULING,45010366,PARTYLIST,56 AAMBIS-OWA,0,0.00 %
REGION VI,NEGROS OCCIDENTAL,CITY OF BACOLOD,TACULING,45010366,PARTYLIST,57 BUTIL,0,0.00 %
REGION VI,NEGROS OCCIDENTAL,CITY OF BACOLOD,TACULING,45010366,PARTYLIST,58 LUNAS,0,0.00 %
REGION VI,NEGROS OCCIDENTAL,CITY OF BACOLOD,TACULING,45010366,PARTYLIST,59 ANG KOMADRONA,1,0.18 %
REGION VI,NEGROS OCCIDENTAL,CITY OF BACOLOD,TACULING,45010366,PARTYLIST,60 KABAKA,0,0.00 %
REGION VI,NEGROS OCCIDENTAL,CITY OF BACOLOD,TACULING,45010366,PARTYLIST,61 SAGIP,0,0.00 %
REGION VI,NEGROS OCCIDENTAL,CITY OF BACOLOD,TACULING,45010366,PARTYLIST,62 ANG KABUHAYAN,0,0.00 %
REGION VI,NEGROS OCCIDENTAL,CITY OF BACOLOD,TACULING,45010366,PARTYLIST,63 AKO I.P.,1,0.18 %
REGION VI,NEGROS OCCIDENTAL,CITY OF BACOLOD,TACULING,45010366,PARTYLIST,64 PHILRECA,0,0.00 %
REGION VI,NEGROS OCCIDENTAL,CITY OF BACOLOD,TACULING,45010366,PARTYLIST,65 BABAE AKO,2,0.36 %
REGION VI,NEGROS OCCIDENTAL,CITY OF BACOLOD,TACULING,45010366,PARTYLIST,66 KB,0,0.00 %
REGION VI,NEGROS OCCIDENTAL,CITY OF BACOLOD,TACULING,45010366,PARTYLIST,67 GABRIELA,4,0.72 %
REGION VI,NEGROS OCCIDENTAL,CITY OF BACOLOD,TACULING,45010366,PARTYLIST,68 KALINGA,5,0.90 %
REGION VI,NEGROS OCCIDENTAL,CITY OF BACOLOD,TACULING,45010366,PARTYLIST,69 STL,0,0.00 %
REGION VI,NEGROS OCCIDENTAL,CITY OF BACOLOD,TACULING,45010366,PARTYLIST,70 RECOBODA,0,0.00 %
REGION VI,NEGROS OCCIDENTAL,CITY OF BACOLOD,TACULING,45010366,PARTYLIST,71 ANGAT PINOY,1,0.18 %
REGION VI,NEGROS OCCIDENTAL,CITY OF BACOLOD,TACULING,45010366,PARTYLIST,72 ANAC-IP,0,0.00 %
REGION VI,NEGROS OCCIDENTAL,CITY OF BACOLOD,TACULING,45010366,PARTYLIST,73 DIWA,1,0.18 %
REGION VI,NEGROS OCCIDENTAL,CITY OF BACOLOD,TACULING,45010366,PARTYLIST,74 ASENSO PINOY,2,0.36 %
REGION VI,NEGROS OCCIDENTAL,CITY OF BACOLOD,TACULING,45010366,PARTYLIST,75 PPP,0,0.00 %
REGION VI,NEGROS OCCIDENTAL,CITY OF BACOLOD,TACULING,45010366,PARTYLIST,76 PAMILYA MUNA,0,0.00 %
REGION VI,NEGROS OCCIDENTAL,CITY OF BACOLOD,TACULING,45010366,PARTYLIST,77 AYUDA SANDUGO,0,0.00 %
REGION VI,NEGROS OCCIDENTAL,CITY OF BACOLOD,TACULING,45010366,PARTYLIST,78 BUKLOD FILIPINO,0,0.00 %
REGION VI,NEGROS OCCIDENTAL,CITY OF BACOLOD,TACULING,45010366,PARTYLIST,79 BTS,0,0.00 %
REGION VI,NEGROS OCCIDENTAL,CITY OF BACOLOD,TACULING,45010366,PARTYLIST,80 MOCHA,4,0.72 %
REGION VI,NEGROS OCCIDENTAL,CITY OF BACOLOD,TACULING,45010366,PARTYLIST,81 ACT TEACHERS,6,1.08 %
REGION VI,NEGROS OCCIDENTAL,CITY OF BACOLOD,TACULING,45010366,PARTYLIST,82 ALONA,0,0.00 %
REGION VI,NEGROS OCCIDENTAL,CITY OF BACOLOD,TACULING,45010366,PARTYLIST,83 KABALIKAT,0,0.00 %
REGION VI,NEGROS OCCIDENTAL,CITY OF BACOLOD,TACULING,45010366,PARTYLIST,84 ALIF,0,0.00 %
REGION VI,NEGROS OCCIDENTAL,CITY OF BACOLOD,TACULING,45010366,PARTYLIST,85 1-UTAP BICOL,0,0.00 %
REGION VI,NEGROS OCCIDENTAL,CITY OF BACOLOD,TACULING,45010366,PARTYLIST,86 TINGOG,1,0.18 %
REGION VI,NEGROS OCCIDENTAL,CITY OF BACOLOD,TACULING,45010366,PARTYLIST,87 H.E.L.P. PILIPINAS,2,0.36 %
REGION VI,NEGROS OCCIDENTAL,CITY OF BACOLOD,TACULING,45010366,PARTYLIST,88 TUCP,1,0.18 %
REGION VI,NEGROS OCCIDENTAL,CITY OF BACOLOD,TACULING,45010366,PARTYLIST,89 PTA,1,0.18 %
REGION VI,NEGROS OCCIDENTAL,CITY OF BACOLOD,TACULING,45010366,PARTYLIST,90 AGIMAT,0,0.00 %
REGION VI,NEGROS OCCIDENTAL,CITY OF BACOLOD,TACULING,45010366,PARTYLIST,91 KONTRA BROWNOUT,3,0.54 %
REGION VI,NEGROS OCCIDENTAL,CITY OF BACOLOD,TACULING,45010366,PARTYLIST,92 TULUNGAN TAYO,0,0.00 %
REGION VI,NEGROS OCCIDENTAL,CITY OF BACOLOD,TACULING,45010366,PARTYLIST,93 DUTERTE YOUTH,7,1.26 %
REGION VI,NEGROS OCCIDENTAL,CITY OF BACOLOD,TACULING,45010366,PARTYLIST,94 ABEKA,0,0.00 %
REGION VI,NEGROS OCCIDENTAL,CITY OF BACOLOD,TACULING,45010366,PARTYLIST,95 KABATAAN,12,2.16 %
REGION VI,NEGROS OCCIDENTAL,CITY OF BACOLOD,TACULING,45010366,PARTYLIST,97 ACTS-OFW,1,0.18 %
REGION VI,NEGROS OCCIDENTAL,CITY OF BACOLOD,TACULING,45010366,PARTYLIST,98 RAM,4,0.72 %
REGION VI,NEGROS OCCIDENTAL,CITY OF BACOLOD,TACULING,45010366,PARTYLIST,99 USWAG ILONGGO,18,3.24 %
REGION VI,NEGROS OCCIDENTAL,CITY OF BACOLOD,TACULING,45010366,PARTYLIST,100 AKO BISAYA,2,0.36 %
REGION VI,NEGROS OCCIDENTAL,CITY OF BACOLOD,TACULING,45010366,PARTYLIST,101 KAPAMILYA,1,0.18 %
REGION VI,NEGROS OCCIDENTAL,CITY OF BACOLOD,TACULING,45010366,PARTYLIST,102 PUSONG PINOY,0,0.00 %
REGION VI,NEGROS OCCIDENTAL,CITY OF BACOLOD,TACULING,45010366,PARTYLIST,103 CWS,0,0.00 %
REGION VI,NEGROS OCCIDENTAL,CITY OF BACOLOD,TACULING,45010366,PARTYLIST,104 SILBI,0,0.00 %
REGION VI,NEGROS OCCIDENTAL,CITY OF BACOLOD,TACULING,45010366,PARTYLIST,105 CIBAC,7,1.26 %
REGION VI,NEGROS OCCIDENTAL,CITY OF BACOLOD,TACULING,45010366,PARTYLIST,106 SUBANEN,0,0.00 %
REGION VI,NEGROS OCCIDENTAL,CITY OF BACOLOD,TACULING,45010366,PARTYLIST,107 AKKK,0,0.00 %
REGION VI,NEGROS OCCIDENTAL,CITY OF BACOLOD,TACULING,45010366,PARTYLIST,108 BG PARTY-LIST,0,0.00 %
REGION VI,NEGROS OCCIDENTAL,CITY OF BACOLOD,TACULING,45010366,PARTYLIST,109 PAMILYANG MAGSASAKA,0,0.00 %
REGION VI,NEGROS OCCIDENTAL,CITY OF BACOLOD,TACULING,45010366,PARTYLIST,110 COOP NATCCO,1,0.18 %
REGION VI,NEGROS OCCIDENTAL,CITY OF BACOLOD,TACULING,45010366,PARTYLIST,111 FRONTLINERS ANG BIDA,5,0.90 %
REGION VI,NEGROS OCCIDENTAL,CITY OF BACOLOD,TACULING,45010366,PARTYLIST,112 KASAMA,0,0.00 %
REGION VI,NEGROS OCCIDENTAL,CITY OF BACOLOD,TACULING,45010366,PARTYLIST,113 AKO BISDAK,0,0.00 %
REGION VI,NEGROS OCCIDENTAL,CITY OF BACOLOD,TACULING,45010366,PARTYLIST,114 GP PARTY,0,0.00 %
REGION VI,NEGROS OCCIDENTAL,CITY OF BACOLOD,TACULING,45010366,PARTYLIST,115 BAHAY,0,0.00 %
REGION VI,NEGROS OCCIDENTAL,CITY OF BACOLOD,TACULING,45010366,PARTYLIST,116 MAGSASAKA,0,0.00 %
REGION VI,NEGROS OCCIDENTAL,CITY OF BACOLOD,TACULING,45010366,PARTYLIST,117 MARINO,3,0.54 %
REGION VI,NEGROS OCCIDENTAL,CITY OF BACOLOD,TACULING,45010366,PARTYLIST,118 UNITED FRONTLINERS,2,0.36 %
REGION VI,NEGROS OCCIDENTAL,CITY OF BACOLOD,TACULING,45010366,PARTYLIST,119 L.O.G.R.O. KUSINERO,0,0.00 %
REGION VI,NEGROS OCCIDENTAL,CITY OF BACOLOD,TACULING,45010366,PARTYLIST,120 BPO,0,0.00 %
REGION VI,NEGROS OCCIDENTAL,CITY OF BACOLOD,TACULING,45010366,PARTYLIST,121 ABANG LINGKOD,153,27.61 %
REGION VI,NEGROS OCCIDENTAL,CITY OF BACOLOD,TACULING,45010366,PARTYLIST,122 KUSUG TAUSUG,0,0.00 %
REGION VI,NEGROS OCCIDENTAL,CITY OF BACOLOD,TACULING,45010366,PARTYLIST,123 PLM,1,0.18 %
REGION VI,NEGROS OCCIDENTAL,CITY OF BACOLOD,TACULING,45010366,PARTYLIST,124 OK PARTYLIST,0,0.00 %
REGION VI,NEGROS OCCIDENTAL,CITY OF BACOLOD,TACULING,45010366,PARTYLIST,125 A TEACHER,2,0.36 %
REGION VI,NEGROS OCCIDENTAL,CITY OF BACOLOD,TACULING,45010366,PARTYLIST,126 PASADA-CC,0,0.00 %
REGION VI,NEGROS OCCIDENTAL,CITY OF BACOLOD,TACULING,45010366,PARTYLIST,127 OFW FAMILY,1,0.18 %
REGION VI,NEGROS OCCIDENTAL,CITY OF BACOLOD,TACULING,45010366,PARTYLIST,128 ANGKLA,6,1.08 %
REGION VI,NEGROS OCCIDENTAL,CITY OF BACOLOD,TACULING,45010366,PARTYLIST,129 COCOMAN,0,0.00 %
REGION VI,NEGROS OCCIDENTAL,CITY OF BACOLOD,TACULING,45010366,PARTYLIST,130 ACT AS ONE,1,0.18 %
REGION VI,NEGROS OCCIDENTAL,CITY OF BACOLOD,TACULING,45010366,PARTYLIST,131 AKO ILOCANO AKO,17,3.06 %
REGION VI,NEGROS OCCIDENTAL,CITY OF BACOLOD,TACULING,45010366,PARTYLIST,132 TRABAHO,1,0.18 %
REGION VI,NEGROS OCCIDENTAL,CITY OF BACOLOD,TACULING,45010366,PARTYLIST,133 PATROL,0,0.00 %
REGION VI,NEGROS OCCIDENTAL,CITY OF BACOLOD,TACULING,45010366,PARTYLIST,134 AKO PADAYON,0,0.00 %
REGION VI,NEGROS OCCIDENTAL,CITY OF BACOLOD,TACULING,45010366,PARTYLIST,135 ABONO,0,0.00 %
REGION VI,NEGROS OCCIDENTAL,CITY OF BACOLOD,TACULING,45010366,PARTYLIST,136 MANILA TEACHERS,2,0.36 %
REGION VI,NEGROS OCCIDENTAL,CITY OF BACOLOD,TACULING,45010366,PARTYLIST,137 KOOP-KAMPI,0,0.00 %
REGION VI,NEGROS OCCIDENTAL,CITY OF BACOLOD,TACULING,45010366,PARTYLIST,138 MAYPAGASA,0,0.00 %
REGION VI,NEGROS OCCIDENTAL,CITY OF BACOLOD,TACULING,45010366,PARTYLIST,139 PVAID,1,0.18 %
REGION VI,NEGROS OCCIDENTAL,CITY OF BACOLOD,TACULING,45010366,PARTYLIST,140 TUTOK TO WIN,8,1.44 %
REGION VI,NEGROS OCCIDENTAL,CITY OF BACOLOD,TACULING,45010366,PARTYLIST,141 BAYAN MUNA,5,0.90 %
REGION VI,NEGROS OCCIDENTAL,CITY OF BACOLOD,TACULING,45010366,PARTYLIST,142 API,0,0.00 %
REGION VI,NEGROS OCCIDENTAL,CITY OF BACOLOD,TACULING,45010366,PARTYLIST,143 ARTE,0,0.00 %
REGION VI,NEGROS OCCIDENTAL,CITY OF BACOLOD,TACULING,45010366,PARTYLIST,144 ASAP,0,0.00 %
REGION VI,NEGROS OCCIDENTAL,CITY OF BACOLOD,TACULING,45010366,PARTYLIST,145 BUNYOG,2,0.36 %
REGION VI,NEGROS OCCIDENTAL,CITY OF BACOLOD,TACULING,45010366,PARTYLIST,146 AKBAYAN,2,0.36 %
REGION VI,NEGROS OCCIDENTAL,CITY OF BACOLOD,TACULING,45010366,PARTYLIST,147 DAMAYAN,0,0.00 %
REGION VI,NEGROS OCCIDENTAL,CITY OF BACOLOD,TACULING,45010366,PARTYLIST,148 WIFI,4,0.72 %
REGION VI,NEGROS OCCIDENTAL,CITY OF BACOLOD,TACULING,45010366,PARTYLIST,149 CANCER PARTY LIST,0,0.00 %
REGION VI,NEGROS OCCIDENTAL,CITY OF BACOLOD,TACULING,45010366,PARTYLIST,150 1-ANG EDUKASYON,0,0.00 %
REGION VI,NEGROS OCCIDENTAL,CITY OF BACOLOD,TACULING,45010366,PARTYLIST,151 UFCC,1,0.18 %
REGION VI,NEGROS OCCIDENTAL,CITY OF BACOLOD,TACULING,45010366,PARTYLIST,152 AGRI,5,0.90 %
REGION VI,NEGROS OCCIDENTAL,CITY OF BACOLOD,TACULING,45010366,PARTYLIST,153 MAHARLIKA,0,0.00 %
REGION VI,NEGROS OCCIDENTAL,CITY OF BACOLOD,TACULING,45010366,PARTYLIST,154 ANAKPAWIS,1,0.18 %
REGION VI,NEGROS OCCIDENTAL,CITY OF BACOLOD,TACULING,45010366,PARTYLIST,155 1TAHANAN,1,0.18 %
REGION VI,NEGROS OCCIDENTAL,CITY OF BACOLOD,TACULING,45010366,PARTYLIST,156 TURISMO,0,0.00 %
REGION VI,NEGROS OCCIDENTAL,CITY OF BACOLOD,TACULING,45010366,PARTYLIST,157 APEC,0,0.00 %
REGION VI,NEGROS OCCIDENTAL,CITY OF BACOLOD,TACULING,45010366,PARTYLIST,158 SENIOR CITIZENS PARTYLIST,7,1.26 %
REGION VI,NEGROS OCCIDENTAL,CITY OF BACOLOD,TACULING,45010366,PARTYLIST,159 AASENSO,0,0.00 %
REGION VI,NEGROS OCCIDENTAL,CITY OF BACOLOD,TACULING,45010366,PARTYLIST,160 AMIN,0,0.00 %
REGION VI,NEGROS OCCIDENTAL,CITY OF BACOLOD,TACULING,45010366,PARTYLIST,161 1-PACMAN,7,1.26 %
REGION VI,NEGROS OCCIDENTAL,CITY OF BACOLOD,TACULING,45010366,PARTYLIST,162 ABB-NFCPI,0,0.00 %
REGION VI,NEGROS OCCIDENTAL,CITY OF BACOLOD,TACULING,45010366,PARTYLIST,163 AN WARAY,0,0.00 %
REGION VI,NEGROS OCCIDENTAL,CITY OF BACOLOD,TACULING,45010366,PARTYLIST,164 AP PARTYLIST,1,0.18 %
REGION VI,NEGROS OCCIDENTAL,CITY OF BACOLOD,TACULING,45010366,PARTYLIST,165 AKAP PINOY,1,0.18 %
REGION VI,NEGROS OCCIDENTAL,CITY OF BACOLOD,TACULING,45010366,PARTYLIST,166 BUHAY,0,0.00 %
REGION VI,NEGROS OCCIDENTAL,CITY OF BACOLOD,TACULING,45010366,PARTYLIST,167 ARISE,0,0.00 %
REGION VI,NEGROS OCCIDENTAL,CITY OF BACOLOD,TACULING,45010366,PARTYLIST,168 IWI,0,0.00 %
REGION VI,NEGROS OCCIDENTAL,CITY OF BACOLOD,TACULING,45010366,PARTYLIST,169 ANG TINIG NG SENIORS,0,0.00 %
REGION VI,NEGROS OCCIDENTAL,CITY OF BACOLOD,TACULING,45010366,PARTYLIST,170 LBP,0,0.00 %
REGION VI,NEGROS OCCIDENTAL,CITY OF BACOLOD,TACULING,45010366,PARTYLIST,171 IPEACE EPANAW,0,0.00 %
REGION VI,NEGROS OCCIDENTAL,CITY OF BACOLOD,TACULING,45010366,PARTYLIST,172 APAT-DAPAT,0,0.00 %
REGION VI,NEGROS OCCIDENTAL,CITY OF BACOLOD,TACULING,45010366,PARTYLIST,173 UMA ILONGGO,9,1.62 %
REGION VI,NEGROS OCCIDENTAL,CITY OF BACOLOD,TACULING,45010366,PARTYLIST,174 AYUDA,1,0.18 %
REGION VI,NEGROS OCCIDENTAL,CITY OF BACOLOD,TACULING,45010366,PARTYLIST,175 SAMBAYANAN,2,0.36 %
REGION VI,NEGROS OCCIDENTAL,CITY OF BACOLOD,TACULING,45010366,PARTYLIST,176 AKO BREEDER,4,0.72 %
REGION VI,NEGROS OCCIDENTAL,CITY OF BACOLOD,TACULING,45010366,PARTYLIST,177 FPJ,0,0.00 %
REGION VI,NEGROS OCCIDENTAL,CITY OF BACOLOD,TACULING,45010366,PARTYLIST,178 LIBRO,0,0.00 %
REGION VI,NEGROS OCCIDENTAL,CITY OF BACOLOD,TACULING,45010366,REP,Candidate,Votes,Percentage
REGION VI,NEGROS OCCIDENTAL,CITY OF BACOLOD,TACULING,45010366,REP,"ATAYDE, DAN (IND)",196,29.87 %
REGION VI,NEGROS OCCIDENTAL,CITY OF BACOLOD,TACULING,45010366,REP,"DAVID, WILLY (IND)",1,0.15 %
REGION VI,NEGROS OCCIDENTAL,CITY OF BACOLOD,TACULING,45010366,REP,"GASATAYA, GREG (NPC)",458,69.81 %
REGION VI,NEGROS OCCIDENTAL,CITY OF BACOLOD,TACULING,45010366,REP,"GUSTILO, ROMY (IND)",0,0.00 %
REGION VI,NEGROS OCCIDENTAL,CITY OF BACOLOD,TACULING,45010366,REP,"SAN MIGUEL, NONONG (PDDS)",1,0.15 %
REGION VI,NEGROS OCCIDENTAL,CITY OF BACOLOD,TACULING,45010366,MAYOR,Candidate,Votes,Percentage
REGION VI,NEGROS OCCIDENTAL,CITY OF BACOLOD,TACULING,45010366,MAYOR,"BENITEZ, ALBEE (PDPLBN)",416,61.17 %
REGION VI,NEGROS OCCIDENTAL,CITY OF BACOLOD,TACULING,45010366,MAYOR,"LEONARDIA, BING (NP)",264,38.82 %
REGION VI,NEGROS OCCIDENTAL,CITY OF BACOLOD,TACULING,45010366,VICE_MAYOR,Candidate,Votes,Percentage
REGION VI,NEGROS OCCIDENTAL,CITY OF BACOLOD,TACULING,45010366,VICE_MAYOR,"DISTRITO, CAESAR (PDPLBN)",247,38.11 %
REGION VI,NEGROS OCCIDENTAL,CITY OF BACOLOD,TACULING,45010366,VICE_MAYOR,"FAMILIARAN, EL CID (NP)",334,51.54 %
REGION VI,NEGROS OCCIDENTAL,CITY OF BACOLOD,TACULING,45010366,VICE_MAYOR,"GAMBOA, WILSON JR. (IND)",67,10.33 %
REGION VI,NEGROS OCCIDENTAL,CITY OF BACOLOD,TACULING,45010366,SP,Candidate,Votes,Percentage
REGION VI,NEGROS OCCIDENTAL,CITY OF BACOLOD,TACULING,45010366,SP,"ANG, EM (NP)",324,4.99 %
REGION VI,NEGROS OCCIDENTAL,CITY OF BACOLOD,TACULING,45010366,SP,"ARROYO, ALAN (IND)",46,0.70 %
REGION VI,NEGROS OCCIDENTAL,CITY OF BACOLOD,TACULING,45010366,SP,"AUJERO, JORGE THE WISE (IND)",10,0.15 %
REGION VI,NEGROS OCCIDENTAL,CITY OF BACOLOD,TACULING,45010366,SP,"BAIS, HOMER (PDPLBN)",220,3.39 %
REGION VI,NEGROS OCCIDENTAL,CITY OF BACOLOD,TACULING,45010366,SP,"BARIBAR, ARCHIE (PROMDI)",250,3.85 %
REGION VI,NEGROS OCCIDENTAL,CITY OF BACOLOD,TACULING,45010366,SP,"BELARIO, 007 (IND)",25,0.38 %
REGION VI,NEGROS OCCIDENTAL,CITY OF BACOLOD,TACULING,45010366,SP,"BELORIA, TOTO CESAR (IND)",98,1.51 %
REGION VI,NEGROS OCCIDENTAL,CITY OF BACOLOD,TACULING,45010366,SP,"CONTRERAS, LR (PRP)",18,0.27 %
REGION VI,NEGROS OCCIDENTAL,CITY OF BACOLOD,TACULING,45010366,SP,"DIAZ, JONATHAN JR. (NP)",133,2.05 %
REGION VI,NEGROS OCCIDENTAL,CITY OF BACOLOD,TACULING,45010366,SP,"DISTRITO, SIMPLE (PDPLBN)",275,4.24 %
REGION VI,NEGROS OCCIDENTAL,CITY OF BACOLOD,TACULING,45010366,SP,"ESPINO, AL (NPC)",260,4.01 %
REGION VI,NEGROS OCCIDENTAL,CITY OF BACOLOD,TACULING,45010366,SP,"FLOR, CELIA (IND)",253,3.90 %
REGION VI,NEGROS OCCIDENTAL,CITY OF BACOLOD,TACULING,45010366,SP,"GICO, VIC (IND)",24,0.37 %
REGION VI,NEGROS OCCIDENTAL,CITY OF BACOLOD,TACULING,45010366,SP,"GONZALEZ, VLADI (PDPLBN)",268,4.13 %
REGION VI,NEGROS OCCIDENTAL,CITY OF BACOLOD,TACULING,45010366,SP,"GUILLEM, ED (NP)",167,2.57 %
REGION VI,NEGROS OCCIDENTAL,CITY OF BACOLOD,TACULING,45010366,SP,"HERMOSURA, BONG (IND)",35,0.53 %
REGION VI,NEGROS OCCIDENTAL,CITY OF BACOLOD,TACULING,45010366,SP,"JAUOD, JIFFY (IND)",16,0.24 %
REGION VI,NEGROS OCCIDENTAL,CITY OF BACOLOD,TACULING,45010366,SP,"LACSON, PATRICK (PDPLBN)",192,2.96 %
REGION VI,NEGROS OCCIDENTAL,CITY OF BACOLOD,TACULING,45010366,SP,"LOPEZ, CARL (NP)",247,3.80 %
REGION VI,NEGROS OCCIDENTAL,CITY OF BACOLOD,TACULING,45010366,SP,"MAYO, MARK STEVEN (NPC)",79,1.21 %
REGION VI,NEGROS OCCIDENTAL,CITY OF BACOLOD,TACULING,45010366,SP,"MONTALVO, CASH (NP)",206,3.17 %
REGION VI,NEGROS OCCIDENTAL,CITY OF BACOLOD,TACULING,45010366,SP,"NACIONALES, FERMIN (IND)",22,0.33 %
REGION VI,NEGROS OCCIDENTAL,CITY OF BACOLOD,TACULING,45010366,SP,"NOVERO, RENECITO (NP)",284,4.38 %
REGION VI,NEGROS OCCIDENTAL,CITY OF BACOLOD,TACULING,45010366,SP,"OROLA, BART (PDPLBN)",218,3.36 %
REGION VI,NEGROS OCCIDENTAL,CITY OF BACOLOD,TACULING,45010366,SP,"PADIOS, EDUARDO (PPM)",57,0.87 %
REGION VI,NEGROS OCCIDENTAL,CITY OF BACOLOD,TACULING,45010366,SP,"PUENTEVELLA, KALAW (PROMDI)",258,3.97 %
REGION VI,NEGROS OCCIDENTAL,CITY OF BACOLOD,TACULING,45010366,SP,"RAMOS, DINDO (NP)",267,4.11 %
REGION VI,NEGROS OCCIDENTAL,CITY OF BACOLOD,TACULING,45010366,SP,"ROJAS, CINDY (NP)",342,5.27 %
REGION VI,NEGROS OCCIDENTAL,CITY OF BACOLOD,TACULING,45010366,SP,"SALANGA, ISRAEL (NP)",338,5.21 %
REGION VI,NEGROS OCCIDENTAL,CITY OF BACOLOD,TACULING,45010366,SP,"SAYSON, THADDY (PDPLBN)",295,4.55 %
REGION VI,NEGROS OCCIDENTAL,CITY OF BACOLOD,TACULING,45010366,SP,"SOLIDUM, MARLON (NPC)",187,2.88 %
REGION VI,NEGROS OCCIDENTAL,CITY OF BACOLOD,TACULING,45010366,SP,"SORONGON, CHRIS (NP)",204,3.14 %
REGION VI,NEGROS OCCIDENTAL,CITY OF BACOLOD,TACULING,45010366,SP,"SY, PAO (NPC)",206,3.17 %
REGION VI,NEGROS OCCIDENTAL,CITY OF BACOLOD,TACULING,45010366,SP,"TAN, CANO GWAPO (AKSYON)",141,2.17 %
REGION VI,NEGROS OCCIDENTAL,CITY OF BACOLOD,TACULING,45010366,SP,"VERDEFLOR, SONYA (UNEGA)",187,2.88 %
REGION VI,NEGROS OCCIDENTAL,CITY OF BACOLOD,TACULING,45010366,SP,"VILLAFUERTE, RICO (IND)",44,0.67 %
REGION VI,NEGROS OCCIDENTAL,CITY OF BACOLOD,TACULING,45010366,SP,"VILLAROSA, JASON (LAKAS)",249,3.84 %
REGION VI,NEGROS OCCIDENTAL,CITY OF BACOLOD,TACULING,45010366,SP,"WEBER, CHRISTIAN (IND)",38,0.58 %
region,province,city,barangay,precinct,position,candidate,votes,percentage
REGION VI,NEGROS OCCIDENTAL,CITY OF BACOLOD,TACULING,45010367,PRESIDENT,Candidate,Votes,Percentage
REGION VI,NEGROS OCCIDENTAL,CITY OF BACOLOD,TACULING,45010367,PRESIDENT,"ABELLA, ERNIE (IND)",9,1.46 %
REGION VI,NEGROS OCCIDENTAL,CITY OF BACOLOD,TACULING,45010367,PRESIDENT,"DE GUZMAN, LEODY (PLM)",2,0.32 %
REGION VI,NEGROS OCCIDENTAL,CITY OF BACOLOD,TACULING,45010367,PRESIDENT,"DOMAGOSO, ISKO MORENO (AKSYON)",36,5.84 %
REGION VI,NEGROS OCCIDENTAL,CITY OF BACOLOD,TACULING,45010367,PRESIDENT,"GONZALES, NORBERTO (PDSP)",1,0.16 %
REGION VI,NEGROS OCCIDENTAL,CITY OF BACOLOD,TACULING,45010367,PRESIDENT,"LACSON, PING (PDR)",6,0.97 %
REGION VI,NEGROS OCCIDENTAL,CITY OF BACOLOD,TACULING,45010367,PRESIDENT,"MANGONDATO, FAISAL (KTPNAN)",0,0.00 %
REGION VI,NEGROS OCCIDENTAL,CITY OF BACOLOD,TACULING,45010367,PRESIDENT,"MARCOS, BONGBONG (PFP)",257,41.72 %
REGION VI,NEGROS OCCIDENTAL,CITY OF BACOLOD,TACULING,45010367,PRESIDENT,"MONTEMAYOR, JOSE JR. (DPP)",0,0.00 %
REGION VI,NEGROS OCCIDENTAL,CITY OF BACOLOD,TACULING,45010367,PRESIDENT,"PACQUIAO, MANNY PACMAN(PROMDI)",36,5.84 %
REGION VI,NEGROS OCCIDENTAL,CITY OF BACOLOD,TACULING,45010367,PRESIDENT,"ROBREDO, LENI (IND)",269,43.66 %
REGION VI,NEGROS OCCIDENTAL,CITY OF BACOLOD,TACULING,45010367,VICE_PRESIDENT,Candidate,Votes,Percentage
REGION VI,NEGROS OCCIDENTAL,CITY OF BACOLOD,TACULING,45010367,VICE_PRESIDENT,"ATIENZA, LITO (PROMDI)",6,0.97 %
REGION VI,NEGROS OCCIDENTAL,CITY OF BACOLOD,TACULING,45010367,VICE_PRESIDENT,"BELLO, WALDEN (PLM)",6,0.97 %
REGION VI,NEGROS OCCIDENTAL,CITY OF BACOLOD,TACULING,45010367,VICE_PRESIDENT,"DAVID, RIZALITO (DPP)",0,0.00 %
REGION VI,NEGROS OCCIDENTAL,CITY OF BACOLOD,TACULING,45010367,VICE_PRESIDENT,"DUTERTE, SARA (LAKAS)",270,43.97 %
REGION VI,NEGROS OCCIDENTAL,CITY OF BACOLOD,TACULING,45010367,VICE_PRESIDENT,"LOPEZ, MANNY SD (WPP)",0,0.00 %
REGION VI,NEGROS OCCIDENTAL,CITY OF BACOLOD,TACULING,45010367,VICE_PRESIDENT,"ONG, DOC WILLIE (AKSYON)",31,5.04 %
REGION VI,NEGROS OCCIDENTAL,CITY OF BACOLOD,TACULING,45010367,VICE_PRESIDENT,"PANGILINAN, KIKO (LP)",184,29.96 %
REGION VI,NEGROS OCCIDENTAL,CITY OF BACOLOD,TACULING,45010367,VICE_PRESIDENT,"SERAPIO, CARLOS (KTPNAN)",3,0.48 %
REGION VI,NEGROS OCCIDENTAL,CITY OF BACOLOD,TACULING,45010367,VICE_PRESIDENT,"SOTTO, VICENTE TITO (NPC)",114,18.56 %
REGION VI,NEGROS OCCIDENTAL,CITY OF BACOLOD,TACULING,45010367,SENATOR,Candidate,Votes,Percentage
REGION VI,NEGROS OCCIDENTAL,CITY OF BACOLOD,TACULING,45010367,SENATOR,"AFUANG, ABNER (IND)",17,0.29 %
REGION VI,NEGROS OCCIDENTAL,CITY OF BACOLOD,TACULING,45010367,SENATOR,"ALBANI, IBRAHIM (WPP)",13,0.22 %
REGION VI,NEGROS OCCIDENTAL,CITY OF BACOLOD,TACULING,45010367,SENATOR,"ARRANZA, MANG JESS (IND)",10,0.17 %
REGION VI,NEGROS OCCIDENTAL,CITY OF BACOLOD,TACULING,45010367,SENATOR,"BAGUILAT, TEDDY (LP)",105,1.81 %
REGION VI,NEGROS OCCIDENTAL,CITY OF BACOLOD,TACULING,45010367,SENATOR,"BAILEN, AGNES (IND)",13,0.22 %
REGION VI,NEGROS OCCIDENTAL,CITY OF BACOLOD,TACULING,45010367,SENATOR,"BALITA, CARL (AKSYON)",52,0.89 %
REGION VI,NEGROS OCCIDENTAL,CITY OF BACOLOD,TACULING,45010367,SENATOR,"BARBO, LUTZ (PDPLBN)",8,0.13 %
REGION VI,NEGROS OCCIDENTAL,CITY OF BACOLOD,TACULING,45010367,SENATOR,"BAUTISTA, HERBERT BISTEK (NPC)",139,2.40 %
REGION VI,NEGROS OCCIDENTAL,CITY OF BACOLOD,TACULING,45010367,SENATOR,"BELGICA, GRECO (PDDS)",32,0.55 %
REGION VI,NEGROS OCCIDENTAL,CITY OF BACOLOD,TACULING,45010367,SENATOR,"BELLO, SILVESTRE JR. (PDPLBN)",24,0.41 %
REGION VI,NEGROS OCCIDENTAL,CITY OF BACOLOD,TACULING,45010367,SENATOR,"BINAY, JOJO (UNA)",89,1.53 %
REGION VI,NEGROS OCCIDENTAL,CITY OF BACOLOD,TACULING,45010367,SENATOR,"CABONEGRO, ROY (PLM)",12,0.20 %
REGION VI,NEGROS OCCIDENTAL,CITY OF BACOLOD,TACULING,45010367,SENATOR,"CASTRICIONES, BRO JOHN(PDPLBN)",8,0.13 %
REGION VI,NEGROS OCCIDENTAL,CITY OF BACOLOD,TACULING,45010367,SENATOR,"CAYETANO, ALAN PETER (IND)",195,3.37 %
REGION VI,NEGROS OCCIDENTAL,CITY OF BACOLOD,TACULING,45010367,SENATOR,"CHAVEZ, MELCHOR (WPP)",9,0.15 %
REGION VI,NEGROS OCCIDENTAL,CITY OF BACOLOD,TACULING,45010367,SENATOR,"COLMENARES, NERI (MKBYN)",204,3.52 %
REGION VI,NEGROS OCCIDENTAL,CITY OF BACOLOD,TACULING,45010367,SENATOR,"D'ANGELO, DAVID (PLM)",10,0.17 %
REGION VI,NEGROS OCCIDENTAL,CITY OF BACOLOD,TACULING,45010367,SENATOR,"DE LIMA, LEILA (LP)",153,2.64 %
REGION VI,NEGROS OCCIDENTAL,CITY OF BACOLOD,TACULING,45010367,SENATOR,"DEL ROSARIO, MONSOUR (PDR)",69,1.19 %
REGION VI,NEGROS OCCIDENTAL,CITY OF BACOLOD,TACULING,45010367,SENATOR,"DIAZ, DING (PPP)",14,0.24 %
REGION VI,NEGROS OCCIDENTAL,CITY OF BACOLOD,TACULING,45010367,SENATOR,"DIOKNO, CHEL (KANP)",224,3.87 %
REGION VI,NEGROS OCCIDENTAL,CITY OF BACOLOD,TACULING,45010367,SENATOR,"EJERCITO, JV ESTRADA (NPC)",154,2.66 %
REGION VI,NEGROS OCCIDENTAL,CITY OF BACOLOD,TACULING,45010367,SENATOR,"ELEAZAR, GEN. GUILLERMO (PDR)",144,2.49 %
REGION VI,NEGROS OCCIDENTAL,CITY OF BACOLOD,TACULING,45010367,SENATOR,"EREÑO, BRO. ERNIE (PM)",7,0.12 %
REGION VI,NEGROS OCCIDENTAL,CITY OF BACOLOD,TACULING,45010367,SENATOR,"ESCUDERO, CHIZ (NPC)",246,4.25 %
REGION VI,NEGROS OCCIDENTAL,CITY OF BACOLOD,TACULING,45010367,SENATOR,"ESPIRITU, LUKE (PLM)",117,2.02 %
REGION VI,NEGROS OCCIDENTAL,CITY OF BACOLOD,TACULING,45010367,SENATOR,"ESTRADA, JINGGOY (PMP)",112,1.93 %
REGION VI,NEGROS OCCIDENTAL,CITY OF BACOLOD,TACULING,45010367,SENATOR,"FALCONE, BAL FALCON (DPP)",7,0.12 %
REGION VI,NEGROS OCCIDENTAL,CITY OF BACOLOD,TACULING,45010367,SENATOR,"GADON, LARRY (KBL)",114,1.97 %
REGION VI,NEGROS OCCIDENTAL,CITY OF BACOLOD,TACULING,45010367,SENATOR,"GATCHALIAN, WIN (NPC)",243,4.20 %
REGION VI,NEGROS OCCIDENTAL,CITY OF BACOLOD,TACULING,45010367,SENATOR,"GORDON, WOW DICK (BVNP)",189,3.26 %
REGION VI,NEGROS OCCIDENTAL,CITY OF BACOLOD,TACULING,45010367,SENATOR,"GUTOC, SAMIRA (AKSYON)",33,0.57 %
REGION VI,NEGROS OCCIDENTAL,CITY OF BACOLOD,TACULING,45010367,SENATOR,"HONASAN, GRINGO (IND)",142,2.45 %
REGION VI,NEGROS OCCIDENTAL,CITY OF BACOLOD,TACULING,45010367,SENATOR,"HONTIVEROS, RISA (AKBAYAN)",266,4.60 %
REGION VI,NEGROS OCCIDENTAL,CITY OF BACOLOD,TACULING,45010367,SENATOR,"JAVELLANA, RJ (IND)",15,0.25 %
REGION VI,NEGROS OCCIDENTAL,CITY OF BACOLOD,TACULING,45010367,SENATOR,"KIRAM, NUR-MAHAL (IND)",6,0.10 %
REGION VI,NEGROS OCCIDENTAL,CITY OF BACOLOD,TACULING,45010367,SENATOR,"LABOG, ELMER (MKBYN)",22,0.38 %
REGION VI,NEGROS OCCIDENTAL,CITY OF BACOLOD,TACULING,45010367,SENATOR,"LACSON, KUYA ALEX (KP)",159,2.75 %
REGION VI,NEGROS OCCIDENTAL,CITY OF BACOLOD,TACULING,45010367,SENATOR,"LANGIT, REY (PDPLBN)",7,0.12 %
REGION VI,NEGROS OCCIDENTAL,CITY OF BACOLOD,TACULING,45010367,SENATOR,"LEGARDA, LOREN (NPC)",277,4.79 %
REGION VI,NEGROS OCCIDENTAL,CITY OF BACOLOD,TACULING,45010367,SENATOR,"LIM, ARIEL (IND)",11,0.19 %
REGION VI,NEGROS OCCIDENTAL,CITY OF BACOLOD,TACULING,45010367,SENATOR,"MALLILLIN, EMILY (PPM)",7,0.12 %
REGION VI,NEGROS OCCIDENTAL,CITY OF BACOLOD,TACULING,45010367,SENATOR,"MARCOLETA, RODANTE (PDPLBN)",41,0.70 %
REGION VI,NEGROS OCCIDENTAL,CITY OF BACOLOD,TACULING,45010367,SENATOR,"MARCOS, FRANCIS LEO (IND)",49,0.84 %
REGION VI,NEGROS OCCIDENTAL,CITY OF BACOLOD,TACULING,45010367,SENATOR,"MATULA, SONNY (IND)",73,1.26 %
REGION VI,NEGROS OCCIDENTAL,CITY OF BACOLOD,TACULING,45010367,SENATOR,"MINDALANO-ADAM,MARIETA(KTPNAN)",6,0.10 %
REGION VI,NEGROS OCCIDENTAL,CITY OF BACOLOD,TACULING,45010367,SENATOR,"OLARTE, ATTY/DR. LEO (BIGKIS)",19,0.32 %
REGION VI,NEGROS OCCIDENTAL,CITY OF BACOLOD,TACULING,45010367,SENATOR,"PADILLA, DRA. MINGUITA (PDR)",38,0.65 %
REGION VI,NEGROS OCCIDENTAL,CITY OF BACOLOD,TACULING,45010367,SENATOR,"PADILLA, ROBIN (PDPLBN)",209,3.61 %
REGION VI,NEGROS OCCIDENTAL,CITY OF BACOLOD,TACULING,45010367,SENATOR,"PANELO, SAL PANALO (PDPLBN)",57,0.98 %
REGION VI,NEGROS OCCIDENTAL,CITY OF BACOLOD,TACULING,45010367,SENATOR,"PIMENTEL, ASTRA (PDPLBN)",51,0.88 %
REGION VI,NEGROS OCCIDENTAL,CITY OF BACOLOD,TACULING,45010367,SENATOR,"PIÑOL, MANNY (NPC)",46,0.79 %
REGION VI,NEGROS OCCIDENTAL,CITY OF BACOLOD,TACULING,45010367,SENATOR,"RICABLANCA, WILLIE JR. (PM)",12,0.20 %
REGION VI,NEGROS OCCIDENTAL,CITY OF BACOLOD,TACULING,45010367,SENATOR,"ROQUE, HARRY SPOX (PRP)",106,1.83 %
REGION VI,NEGROS OCCIDENTAL,CITY OF BACOLOD,TACULING,45010367,SENATOR,"SAHIDULLA, LADY ANNE (PDDS)",6,0.10 %
REGION VI,NEGROS OCCIDENTAL,CITY OF BACOLOD,TACULING,45010367,SENATOR,"SISON, JOPET (AKSYON)",34,0.58 %
REGION VI,NEGROS OCCIDENTAL,CITY OF BACOLOD,TACULING,45010367,SENATOR,"TEODORO, GIBO (PRP)",228,3.94 %
REGION VI,NEGROS OCCIDENTAL,CITY OF BACOLOD,TACULING,45010367,SENATOR,"TRILLANES, ANTONIO IV (LP)",169,2.92 %
REGION VI,NEGROS OCCIDENTAL,CITY OF BACOLOD,TACULING,45010367,SENATOR,"TULFO, IDOL RAFFY (IND)",282,4.87 %
REGION VI,NEGROS OCCIDENTAL,CITY OF BACOLOD,TACULING,45010367,SENATOR,"VALEROS, REY (IND)",3,0.05 %
REGION VI,NEGROS OCCIDENTAL,CITY OF BACOLOD,TACULING,45010367,SENATOR,"VILLANUEVA,JOEL TESDAMAN (IND)",210,3.63 %
REGION VI,NEGROS OCCIDENTAL,CITY OF BACOLOD,TACULING,45010367,SENATOR,"VILLAR, MARK (NP)",175,3.02 %
REGION VI,NEGROS OCCIDENTAL,CITY OF BACOLOD,TACULING,45010367,SENATOR,"ZUBIAGA, CARMEN (IND)",22,0.38 %
REGION VI,NEGROS OCCIDENTAL,CITY OF BACOLOD,TACULING,45010367,SENATOR,"ZUBIRI, MIGZ (IND)",267,4.61 %
REGION VI,NEGROS OCCIDENTAL,CITY OF BACOLOD,TACULING,45010367,PARTYLIST,Candidate,Votes,Percentage
REGION VI,NEGROS OCCIDENTAL,CITY OF BACOLOD,TACULING,45010367,PARTYLIST,01 KAMALAYAN,0,0.00 %
REGION VI,NEGROS OCCIDENTAL,CITY OF BACOLOD,TACULING,45010367,PARTYLIST,02 KM NGAYON NA,0,0.00 %
REGION VI,NEGROS OCCIDENTAL,CITY OF BACOLOD,TACULING,45010367,PARTYLIST,03 PSIS,1,0.22 %
REGION VI,NEGROS OCCIDENTAL,CITY OF BACOLOD,TACULING,45010367,PARTYLIST,04 AGAP,0,0.00 %
REGION VI,NEGROS OCCIDENTAL,CITY OF BACOLOD,TACULING,45010367,PARTYLIST,05 KABAYAN,2,0.44 %
REGION VI,NEGROS OCCIDENTAL,CITY OF BACOLOD,TACULING,45010367,PARTYLIST,06 HOME OWNER,0,0.00 %
REGION VI,NEGROS OCCIDENTAL,CITY OF BACOLOD,TACULING,45010367,PARTYLIST,07 KAPUSO-PM,2,0.44 %
REGION VI,NEGROS OCCIDENTAL,CITY OF BACOLOD,TACULING,45010367,PARTYLIST,08 PDP CARES,1,0.22 %
REGION VI,NEGROS OCCIDENTAL,CITY OF BACOLOD,TACULING,45010367,PARTYLIST,09 MARVELOUS TAYO,0,0.00 %
REGION VI,NEGROS OCCIDENTAL,CITY OF BACOLOD,TACULING,45010367,PARTYLIST,10 AKO OFW,3,0.67 %
REGION VI,NEGROS OCCIDENTAL,CITY OF BACOLOD,TACULING,45010367,PARTYLIST,11 UNITED SENIOR CITIZEN,4,0.89 %
REGION VI,NEGROS OCCIDENTAL,CITY OF BACOLOD,TACULING,45010367,PARTYLIST,12 WOW PILIPINAS,0,0.00 %
REGION VI,NEGROS OCCIDENTAL,CITY OF BACOLOD,TACULING,45010367,PARTYLIST,13 ALTERNATIBA,0,0.00 %
REGION VI,NEGROS OCCIDENTAL,CITY OF BACOLOD,TACULING,45010367,PARTYLIST,14 1-RIDER PARTYLIST,6,1.34 %
REGION VI,NEGROS OCCIDENTAL,CITY OF BACOLOD,TACULING,45010367,PARTYLIST,15 1-CARE,3,0.67 %
REGION VI,NEGROS OCCIDENTAL,CITY OF BACOLOD,TACULING,45010367,PARTYLIST,16 ABP,0,0.00 %
REGION VI,NEGROS OCCIDENTAL,CITY OF BACOLOD,TACULING,45010367,PARTYLIST,17 AKO MUSIKERO,0,0.00 %
REGION VI,NEGROS OCCIDENTAL,CITY OF BACOLOD,TACULING,45010367,PARTYLIST,18 AKO BICOL,0,0.00 %
REGION VI,NEGROS OCCIDENTAL,CITY OF BACOLOD,TACULING,45010367,PARTYLIST,19 PRAI,0,0.00 %
REGION VI,NEGROS OCCIDENTAL,CITY OF BACOLOD,TACULING,45010367,PARTYLIST,20 4PS,2,0.44 %
REGION VI,NEGROS OCCIDENTAL,CITY OF BACOLOD,TACULING,45010367,PARTYLIST,21 MAAGAP,1,0.22 %
REGION VI,NEGROS OCCIDENTAL,CITY OF BACOLOD,TACULING,45010367,PARTYLIST,22 ABANTE PILIPINAS,0,0.00 %
REGION VI,NEGROS OCCIDENTAL,CITY OF BACOLOD,TACULING,45010367,PARTYLIST,23 AKTIBONG KAAGAPAY,0,0.00 %
REGION VI,NEGROS OCCIDENTAL,CITY OF BACOLOD,TACULING,45010367,PARTYLIST,24 ALSA BISAYA,0,0.00 %
REGION VI,NEGROS OCCIDENTAL,CITY OF BACOLOD,TACULING,45010367,PARTYLIST,25 PROBINSYANO AKO,0,0.00 %
REGION VI,NEGROS OCCIDENTAL,CITY OF BACOLOD,TACULING,45010367,PARTYLIST,26 YACAP,2,0.44 %
REGION VI,NEGROS OCCIDENTAL,CITY OF BACOLOD,TACULING,45010367,PARTYLIST,27 MAGDALO,4,0.89 %
REGION VI,NEGROS OCCIDENTAL,CITY OF BACOLOD,TACULING,45010367,PARTYLIST,28 ACT-CIS,25,5.60 %
REGION VI,NEGROS OCCIDENTAL,CITY OF BACOLOD,TACULING,45010367,PARTYLIST,29 HUGPONG FEDERAL,1,0.22 %
REGION VI,NEGROS OCCIDENTAL,CITY OF BACOLOD,TACULING,45010367,PARTYLIST,30 TGP,0,0.00 %
REGION VI,NEGROS OCCIDENTAL,CITY OF BACOLOD,TACULING,45010367,PARTYLIST,31 ONE COOP,1,0.22 %
REGION VI,NEGROS OCCIDENTAL,CITY OF BACOLOD,TACULING,45010367,PARTYLIST,32 BARKADAHAN,0,0.00 %
REGION VI,NEGROS OCCIDENTAL,CITY OF BACOLOD,TACULING,45010367,PARTYLIST,33 DUMPER PTDA,2,0.44 %
REGION VI,NEGROS OCCIDENTAL,CITY OF BACOLOD,TACULING,45010367,PARTYLIST,34 MALABUNG,0,0.00 %
REGION VI,NEGROS OCCIDENTAL,CITY OF BACOLOD,TACULING,45010367,PARTYLIST,35 BH (BAGONG HENERASYON),2,0.44 %
REGION VI,NEGROS OCCIDENTAL,CITY OF BACOLOD,TACULING,45010367,PARTYLIST,36 AKMA-PTM,0,0.00 %
REGION VI,NEGROS OCCIDENTAL,CITY OF BACOLOD,TACULING,45010367,PARTYLIST,37 IPATUPAD,0,0.00 %
REGION VI,NEGROS OCCIDENTAL,CITY OF BACOLOD,TACULING,45010367,PARTYLIST,38 PINUNO,0,0.00 %
REGION VI,NEGROS OCCIDENTAL,CITY OF BACOLOD,TACULING,45010367,PARTYLIST,39 LPGMA,0,0.00 %
REGION VI,NEGROS OCCIDENTAL,CITY OF BACOLOD,TACULING,45010367,PARTYLIST,40 CLICK PARTY,1,0.22 %
REGION VI,NEGROS OCCIDENTAL,CITY OF BACOLOD,TACULING,45010367,PARTYLIST,41 TODA,1,0.22 %
REGION VI,NEGROS OCCIDENTAL,CITY OF BACOLOD,TACULING,45010367,PARTYLIST,42 BHW,0,0.00 %
REGION VI,NEGROS OCCIDENTAL,CITY OF BACOLOD,TACULING,45010367,PARTYLIST,43 MALASAKIT@BAYANIHAN,79,17.71 %
REGION VI,NEGROS OCCIDENTAL,CITY OF BACOLOD,TACULING,45010367,PARTYLIST,44 ABS,0,0.00 %
REGION VI,NEGROS OCCIDENTAL,CITY OF BACOLOD,TACULING,45010367,PARTYLIST,45 PASAHERO PARTYLIST,0,0.00 %
REGION VI,NEGROS OCCIDENTAL,CITY OF BACOLOD,TACULING,45010367,PARTYLIST,46 ANGAT,12,2.69 %
REGION VI,NEGROS OCCIDENTAL,CITY OF BACOLOD,TACULING,45010367,PARTYLIST,47 SOLID-CHANGE,0,0.00 %
REGION VI,NEGROS OCCIDENTAL,CITY OF BACOLOD,TACULING,45010367,PARTYLIST,48 BICOL SARO,3,0.67 %
REGION VI,NEGROS OCCIDENTAL,CITY OF BACOLOD,TACULING,45010367,PARTYLIST,49 OFW,1,0.22 %
REGION VI,NEGROS OCCIDENTAL,CITY OF BACOLOD,TACULING,45010367,PARTYLIST,50 ANG PROBINSIYANO,0,0.00 %
REGION VI,NEGROS OCCIDENTAL,CITY OF BACOLOD,TACULING,45010367,PARTYLIST,51 ANAKALUSUGAN,3,0.67 %
REGION VI,NEGROS OCCIDENTAL,CITY OF BACOLOD,TACULING,45010367,PARTYLIST,52 PBA,0,0.00 %
REGION VI,NEGROS OCCIDENTAL,CITY OF BACOLOD,TACULING,45010367,PARTYLIST,53 PEACE,2,0.44 %
REGION VI,NEGROS OCCIDENTAL,CITY OF BACOLOD,TACULING,45010367,PARTYLIST,54 P3PWD,26,5.82 %
REGION VI,NEGROS OCCIDENTAL,CITY OF BACOLOD,TACULING,45010367,PARTYLIST,55 S.M.I.L.E,0,0.00 %
REGION VI,NEGROS OCCIDENTAL,CITY OF BACOLOD,TACULING,45010367,PARTYLIST,56 AAMBIS-OWA,0,0.00 %
REGION VI,NEGROS OCCIDENTAL,CITY OF BACOLOD,TACULING,45010367,PARTYLIST,57 BUTIL,0,0.00 %
REGION VI,NEGROS OCCIDENTAL,CITY OF BACOLOD,TACULING,45010367,PARTYLIST,58 LUNAS,0,0.00 %
REGION VI,NEGROS OCCIDENTAL,CITY OF BACOLOD,TACULING,45010367,PARTYLIST,59 ANG KOMADRONA,0,0.00 %
REGION VI,NEGROS OCCIDENTAL,CITY OF BACOLOD,TACULING,45010367,PARTYLIST,60 KABAKA,0,0.00 %
REGION VI,NEGROS OCCIDENTAL,CITY OF BACOLOD,TACULING,45010367,PARTYLIST,61 SAGIP,1,0.22 %
REGION VI,NEGROS OCCIDENTAL,CITY OF BACOLOD,TACULING,45010367,PARTYLIST,62 ANG KABUHAYAN,0,0.00 %
REGION VI,NEGROS OCCIDENTAL,CITY OF BACOLOD,TACULING,45010367,PARTYLIST,63 AKO I.P.,0,0.00 %
REGION VI,NEGROS OCCIDENTAL,CITY OF BACOLOD,TACULING,45010367,PARTYLIST,64 PHILRECA,0,0.00 %
REGION VI,NEGROS OCCIDENTAL,CITY OF BACOLOD,TACULING,45010367,PARTYLIST,65 BABAE AKO,0,0.00 %
REGION VI,NEGROS OCCIDENTAL,CITY OF BACOLOD,TACULING,45010367,PARTYLIST,66 KB,0,0.00 %
REGION VI,NEGROS OCCIDENTAL,CITY OF BACOLOD,TACULING,45010367,PARTYLIST,67 GABRIELA,8,1.79 %
REGION VI,NEGROS OCCIDENTAL,CITY OF BACOLOD,TACULING,45010367,PARTYLIST,68 KALINGA,8,1.79 %
REGION VI,NEGROS OCCIDENTAL,CITY OF BACOLOD,TACULING,45010367,PARTYLIST,69 STL,1,0.22 %
REGION VI,NEGROS OCCIDENTAL,CITY OF BACOLOD,TACULING,45010367,PARTYLIST,70 RECOBODA,0,0.00 %
REGION VI,NEGROS OCCIDENTAL,CITY OF BACOLOD,TACULING,45010367,PARTYLIST,71 ANGAT PINOY,1,0.22 %
REGION VI,NEGROS OCCIDENTAL,CITY OF BACOLOD,TACULING,45010367,PARTYLIST,72 ANAC-IP,0,0.00 %
REGION VI,NEGROS OCCIDENTAL,CITY OF BACOLOD,TACULING,45010367,PARTYLIST,73 DIWA,3,0.67 %
REGION VI,NEGROS OCCIDENTAL,CITY OF BACOLOD,TACULING,45010367,PARTYLIST,74 ASENSO PINOY,1,0.22 %
REGION VI,NEGROS OCCIDENTAL,CITY OF BACOLOD,TACULING,45010367,PARTYLIST,75 PPP,0,0.00 %
REGION VI,NEGROS OCCIDENTAL,CITY OF BACOLOD,TACULING,45010367,PARTYLIST,76 PAMILYA MUNA,0,0.00 %
REGION VI,NEGROS OCCIDENTAL,CITY OF BACOLOD,TACULING,45010367,PARTYLIST,77 AYUDA SANDUGO,0,0.00 %
REGION VI,NEGROS OCCIDENTAL,CITY OF BACOLOD,TACULING,45010367,PARTYLIST,78 BUKLOD FILIPINO,0,0.00 %
REGION VI,NEGROS OCCIDENTAL,CITY OF BACOLOD,TACULING,45010367,PARTYLIST,79 BTS,0,0.00 %
REGION VI,NEGROS OCCIDENTAL,CITY OF BACOLOD,TACULING,45010367,PARTYLIST,80 MOCHA,0,0.00 %
REGION VI,NEGROS OCCIDENTAL,CITY OF BACOLOD,TACULING,45010367,PARTYLIST,81 ACT TEACHERS,6,1.34 %
REGION VI,NEGROS OCCIDENTAL,CITY OF BACOLOD,TACULING,45010367,PARTYLIST,82 ALONA,0,0.00 %
REGION VI,NEGROS OCCIDENTAL,CITY OF BACOLOD,TACULING,45010367,PARTYLIST,83 KABALIKAT,1,0.22 %
REGION VI,NEGROS OCCIDENTAL,CITY OF BACOLOD,TACULING,45010367,PARTYLIST,84 ALIF,0,0.00 %
REGION VI,NEGROS OCCIDENTAL,CITY OF BACOLOD,TACULING,45010367,PARTYLIST,85 1-UTAP BICOL,0,0.00 %
REGION VI,NEGROS OCCIDENTAL,CITY OF BACOLOD,TACULING,45010367,PARTYLIST,86 TINGOG,1,0.22 %
REGION VI,NEGROS OCCIDENTAL,CITY OF BACOLOD,TACULING,45010367,PARTYLIST,87 H.E.L.P. PILIPINAS,1,0.22 %
REGION VI,NEGROS OCCIDENTAL,CITY OF BACOLOD,TACULING,45010367,PARTYLIST,88 TUCP,1,0.22 %
REGION VI,NEGROS OCCIDENTAL,CITY OF BACOLOD,TACULING,45010367,PARTYLIST,89 PTA,0,0.00 %
REGION VI,NEGROS OCCIDENTAL,CITY OF BACOLOD,TACULING,45010367,PARTYLIST,90 AGIMAT,0,0.00 %
REGION VI,NEGROS OCCIDENTAL,CITY OF BACOLOD,TACULING,45010367,PARTYLIST,91 KONTRA BROWNOUT,1,0.22 %
REGION VI,NEGROS OCCIDENTAL,CITY OF BACOLOD,TACULING,45010367,PARTYLIST,92 TULUNGAN TAYO,0,0.00 %
REGION VI,NEGROS OCCIDENTAL,CITY OF BACOLOD,TACULING,45010367,PARTYLIST,93 DUTERTE YOUTH,6,1.34 %
REGION VI,NEGROS OCCIDENTAL,CITY OF BACOLOD,TACULING,45010367,PARTYLIST,94 ABEKA,0,0.00 %
REGION VI,NEGROS OCCIDENTAL,CITY OF BACOLOD,TACULING,45010367,PARTYLIST,95 KABATAAN,3,0.67 %
REGION VI,NEGROS OCCIDENTAL,CITY OF BACOLOD,TACULING,45010367,PARTYLIST,97 ACTS-OFW,3,0.67 %
REGION VI,NEGROS OCCIDENTAL,CITY OF BACOLOD,TACULING,45010367,PARTYLIST,98 RAM,2,0.44 %
REGION VI,NEGROS OCCIDENTAL,CITY OF BACOLOD,TACULING,45010367,PARTYLIST,99 USWAG ILONGGO,17,3.81 %
REGION VI,NEGROS OCCIDENTAL,CITY OF BACOLOD,TACULING,45010367,PARTYLIST,100 AKO BISAYA,0,0.00 %
REGION VI,NEGROS OCCIDENTAL,CITY OF BACOLOD,TACULING,45010367,PARTYLIST,101 KAPAMILYA,0,0.00 %
REGION VI,NEGROS OCCIDENTAL,CITY OF BACOLOD,TACULING,45010367,PARTYLIST,102 PUSONG PINOY,0,0.00 %
REGION VI,NEGROS OCCIDENTAL,CITY OF BACOLOD,TACULING,45010367,PARTYLIST,103 CWS,0,0.00 %
REGION VI,NEGROS OCCIDENTAL,CITY OF BACOLOD,TACULING,45010367,PARTYLIST,104 SILBI,0,0.00 %
REGION VI,NEGROS OCCIDENTAL,CITY OF BACOLOD,TACULING,45010367,PARTYLIST,105 CIBAC,9,2.01 %
REGION VI,NEGROS OCCIDENTAL,CITY OF BACOLOD,TACULING,45010367,PARTYLIST,106 SUBANEN,0,0.00 %
REGION VI,NEGROS OCCIDENTAL,CITY OF BACOLOD,TACULING,45010367,PARTYLIST,107 AKKK,0,0.00 %
REGION VI,NEGROS OCCIDENTAL,CITY OF BACOLOD,TACULING,45010367,PARTYLIST,108 BG PARTY-LIST,0,0.00 %
REGION VI,NEGROS OCCIDENTAL,CITY OF BACOLOD,TACULING,45010367,PARTYLIST,109 PAMILYANG MAGSASAKA,2,0.44 %
REGION VI,NEGROS OCCIDENTAL,CITY OF BACOLOD,TACULING,45010367,PARTYLIST,110 COOP NATCCO,2,0.44 %
REGION VI,NEGROS OCCIDENTAL,CITY OF BACOLOD,TACULING,45010367,PARTYLIST,111 FRONTLINERS ANG BIDA,0,0.00 %
REGION VI,NEGROS OCCIDENTAL,CITY OF BACOLOD,TACULING,45010367,PARTYLIST,112 KASAMA,0,0.00 %
REGION VI,NEGROS OCCIDENTAL,CITY OF BACOLOD,TACULING,45010367,PARTYLIST,113 AKO BISDAK,0,0.00 %
REGION VI,NEGROS OCCIDENTAL,CITY OF BACOLOD,TACULING,45010367,PARTYLIST,114 GP PARTY,0,0.00 %
REGION VI,NEGROS OCCIDENTAL,CITY OF BACOLOD,TACULING,45010367,PARTYLIST,115 BAHAY,1,0.22 %
REGION VI,NEGROS OCCIDENTAL,CITY OF BACOLOD,TACULING,45010367,PARTYLIST,116 MAGSASAKA,0,0.00 %
REGION VI,NEGROS OCCIDENTAL,CITY OF BACOLOD,TACULING,45010367,PARTYLIST,117 MARINO,1,0.22 %
REGION VI,NEGROS OCCIDENTAL,CITY OF BACOLOD,TACULING,45010367,PARTYLIST,118 UNITED FRONTLINERS,0,0.00 %
REGION VI,NEGROS OCCIDENTAL,CITY OF BACOLOD,TACULING,45010367,PARTYLIST,119 L.O.G.R.O. KUSINERO,0,0.00 %
REGION VI,NEGROS OCCIDENTAL,CITY OF BACOLOD,TACULING,45010367,PARTYLIST,120 BPO,1,0.22 %
REGION VI,NEGROS OCCIDENTAL,CITY OF BACOLOD,TACULING,45010367,PARTYLIST,121 ABANG LINGKOD,106,23.76 %
REGION VI,NEGROS OCCIDENTAL,CITY OF BACOLOD,TACULING,45010367,PARTYLIST,122 KUSUG TAUSUG,0,0.00 %
REGION VI,NEGROS OCCIDENTAL,CITY OF BACOLOD,TACULING,45010367,PARTYLIST,123 PLM,1,0.22 %
REGION VI,NEGROS OCCIDENTAL,CITY OF BACOLOD,TACULING,45010367,PARTYLIST,124 OK PARTYLIST,0,0.00 %
REGION VI,NEGROS OCCIDENTAL,CITY OF BACOLOD,TACULING,45010367,PARTYLIST,125 A TEACHER,2,0.44 %
REGION VI,NEGROS OCCIDENTAL,CITY OF BACOLOD,TACULING,45010367,PARTYLIST,126 PASADA-CC,0,0.00 %
REGION VI,NEGROS OCCIDENTAL,CITY OF BACOLOD,TACULING,45010367,PARTYLIST,127 OFW FAMILY,1,0.22 %
REGION VI,NEGROS OCCIDENTAL,CITY OF BACOLOD,TACULING,45010367,PARTYLIST,128 ANGKLA,5,1.12 %
REGION VI,NEGROS OCCIDENTAL,CITY OF BACOLOD,TACULING,45010367,PARTYLIST,129 COCOMAN,1,0.22 %
REGION VI,NEGROS OCCIDENTAL,CITY OF BACOLOD,TACULING,45010367,PARTYLIST,130 ACT AS ONE,3,0.67 %
REGION VI,NEGROS OCCIDENTAL,CITY OF BACOLOD,TACULING,45010367,PARTYLIST,131 AKO ILOCANO AKO,3,0.67 %
REGION VI,NEGROS OCCIDENTAL,CITY OF BACOLOD,TACULING,45010367,PARTYLIST,132 TRABAHO,1,0.22 %
REGION VI,NEGROS OCCIDENTAL,CITY OF BACOLOD,TACULING,45010367,PARTYLIST,133 PATROL,0,0.00 %
REGION VI,NEGROS OCCIDENTAL,CITY OF BACOLOD,TACULING,45010367,PARTYLIST,134 AKO PADAYON,0,0.00 %
REGION VI,NEGROS OCCIDENTAL,CITY OF BACOLOD,TACULING,45010367,PARTYLIST,135 ABONO,0,0.00 %
REGION VI,NEGROS OCCIDENTAL,CITY OF BACOLOD,TACULING,45010367,PARTYLIST,136 MANILA TEACHERS,0,0.00 %
REGION VI,NEGROS OCCIDENTAL,CITY OF BACOLOD,TACULING,45010367,PARTYLIST,137 KOOP-KAMPI,0,0.00 %
REGION VI,NEGROS OCCIDENTAL,CITY OF BACOLOD,TACULING,45010367,PARTYLIST,138 MAYPAGASA,0,0.00 %
REGION VI,NEGROS OCCIDENTAL,CITY OF BACOLOD,TACULING,45010367,PARTYLIST,139 PVAID,0,0.00 %
REGION VI,NEGROS OCCIDENTAL,CITY OF BACOLOD,TACULING,45010367,PARTYLIST,140 TUTOK TO WIN,5,1.12 %
REGION VI,NEGROS OCCIDENTAL,CITY OF BACOLOD,TACULING,45010367,PARTYLIST,141 BAYAN MUNA,3,0.67 %
REGION VI,NEGROS OCCIDENTAL,CITY OF BACOLOD,TACULING,45010367,PARTYLIST,142 API,0,0.00 %
REGION VI,NEGROS OCCIDENTAL,CITY OF BACOLOD,TACULING,45010367,PARTYLIST,143 ARTE,0,0.00 %
REGION VI,NEGROS OCCIDENTAL,CITY OF BACOLOD,TACULING,45010367,PARTYLIST,144 ASAP,0,0.00 %
REGION VI,NEGROS OCCIDENTAL,CITY OF BACOLOD,TACULING,45010367,PARTYLIST,145 BUNYOG,2,0.44 %
REGION VI,NEGROS OCCIDENTAL,CITY OF BACOLOD,TACULING,45010367,PARTYLIST,146 AKBAYAN,8,1.79 %
REGION VI,NEGROS OCCIDENTAL,CITY OF BACOLOD,TACULING,45010367,PARTYLIST,147 DAMAYAN,1,0.22 %
REGION VI,NEGROS OCCIDENTAL,CITY OF BACOLOD,TACULING,45010367,PARTYLIST,148 WIFI,0,0.00 %
REGION VI,NEGROS OCCIDENTAL,CITY OF BACOLOD,TACULING,45010367,PARTYLIST,149 CANCER PARTY LIST,1,0.22 %
REGION VI,NEGROS OCCIDENTAL,CITY OF BACOLOD,TACULING,45010367,PARTYLIST,150 1-ANG EDUKASYON,0,0.00 %
REGION VI,NEGROS OCCIDENTAL,CITY OF BACOLOD,TACULING,45010367,PARTYLIST,151 UFCC,0,0.00 %
REGION VI,NEGROS OCCIDENTAL,CITY OF BACOLOD,TACULING,45010367,PARTYLIST,152 AGRI,0,0.00 %
REGION VI,NEGROS OCCIDENTAL,CITY OF BACOLOD,TACULING,45010367,PARTYLIST,153 MAHARLIKA,0,0.00 %
REGION VI,NEGROS OCCIDENTAL,CITY OF BACOLOD,TACULING,45010367,PARTYLIST,154 ANAKPAWIS,0,0.00 %
REGION VI,NEGROS OCCIDENTAL,CITY OF BACOLOD,TACULING,45010367,PARTYLIST,155 1TAHANAN,0,0.00 %
REGION VI,NEGROS OCCIDENTAL,CITY OF BACOLOD,TACULING,45010367,PARTYLIST,156 TURISMO,0,0.00 %
REGION VI,NEGROS OCCIDENTAL,CITY OF BACOLOD,TACULING,45010367,PARTYLIST,157 APEC,3,0.67 %
REGION VI,NEGROS OCCIDENTAL,CITY OF BACOLOD,TACULING,45010367,PARTYLIST,158 SENIOR CITIZENS PARTYLIST,14,3.13 %
REGION VI,NEGROS OCCIDENTAL,CITY OF BACOLOD,TACULING,45010367,PARTYLIST,159 AASENSO,0,0.00 %
REGION VI,NEGROS OCCIDENTAL,CITY OF BACOLOD,TACULING,45010367,PARTYLIST,160 AMIN,0,0.00 %
REGION VI,NEGROS OCCIDENTAL,CITY OF BACOLOD,TACULING,45010367,PARTYLIST,161 1-PACMAN,2,0.44 %
REGION VI,NEGROS OCCIDENTAL,CITY OF BACOLOD,TACULING,45010367,PARTYLIST,162 ABB-NFCPI,3,0.67 %
REGION VI,NEGROS OCCIDENTAL,CITY OF BACOLOD,TACULING,45010367,PARTYLIST,163 AN WARAY,0,0.00 %
REGION VI,NEGROS OCCIDENTAL,CITY OF BACOLOD,TACULING,45010367,PARTYLIST,164 AP PARTYLIST,1,0.22 %
REGION VI,NEGROS OCCIDENTAL,CITY OF BACOLOD,TACULING,45010367,PARTYLIST,165 AKAP PINOY,0,0.00 %
REGION VI,NEGROS OCCIDENTAL,CITY OF BACOLOD,TACULING,45010367,PARTYLIST,166 BUHAY,0,0.00 %
REGION VI,NEGROS OCCIDENTAL,CITY OF BACOLOD,TACULING,45010367,PARTYLIST,167 ARISE,0,0.00 %
REGION VI,NEGROS OCCIDENTAL,CITY OF BACOLOD,TACULING,45010367,PARTYLIST,168 IWI,0,0.00 %
REGION VI,NEGROS OCCIDENTAL,CITY OF BACOLOD,TACULING,45010367,PARTYLIST,169 ANG TINIG NG SENIORS,0,0.00 %
REGION VI,NEGROS OCCIDENTAL,CITY OF BACOLOD,TACULING,45010367,PARTYLIST,170 LBP,0,0.00 %
REGION VI,NEGROS OCCIDENTAL,CITY OF BACOLOD,TACULING,45010367,PARTYLIST,171 IPEACE EPANAW,0,0.00 %
REGION VI,NEGROS OCCIDENTAL,CITY OF BACOLOD,TACULING,45010367,PARTYLIST,172 APAT-DAPAT,1,0.22 %
REGION VI,NEGROS OCCIDENTAL,CITY OF BACOLOD,TACULING,45010367,PARTYLIST,173 UMA ILONGGO,5,1.12 %
REGION VI,NEGROS OCCIDENTAL,CITY OF BACOLOD,TACULING,45010367,PARTYLIST,174 AYUDA,0,0.00 %
REGION VI,NEGROS OCCIDENTAL,CITY OF BACOLOD,TACULING,45010367,PARTYLIST,175 SAMBAYANAN,0,0.00 %
REGION VI,NEGROS OCCIDENTAL,CITY OF BACOLOD,TACULING,45010367,PARTYLIST,176 AKO BREEDER,3,0.67 %
REGION VI,NEGROS OCCIDENTAL,CITY OF BACOLOD,TACULING,45010367,PARTYLIST,177 FPJ,0,0.00 %
REGION VI,NEGROS OCCIDENTAL,CITY OF BACOLOD,TACULING,45010367,PARTYLIST,178 LIBRO,0,0.00 %
REGION VI,NEGROS OCCIDENTAL,CITY OF BACOLOD,TACULING,45010367,REP,Candidate,Votes,Percentage
REGION VI,NEGROS OCCIDENTAL,CITY OF BACOLOD,TACULING,45010367,REP,"ATAYDE, DAN (IND)",219,36.99 %
REGION VI,NEGROS OCCIDENTAL,CITY OF BACOLOD,TACULING,45010367,REP,"DAVID, WILLY (IND)",1,0.16 %
REGION VI,NEGROS OCCIDENTAL,CITY OF BACOLOD,TACULING,45010367,REP,"GASATAYA, GREG (NPC)",365,61.65 %
REGION VI,NEGROS OCCIDENTAL,CITY OF BACOLOD,TACULING,45010367,REP,"GUSTILO, ROMY (IND)",1,0.16 %
REGION VI,NEGROS OCCIDENTAL,CITY OF BACOLOD,TACULING,45010367,REP,"SAN MIGUEL, NONONG (PDDS)",6,1.01 %
REGION VI,NEGROS OCCIDENTAL,CITY OF BACOLOD,TACULING,45010367,MAYOR,Candidate,Votes,Percentage
REGION VI,NEGROS OCCIDENTAL,CITY OF BACOLOD,TACULING,45010367,MAYOR,"BENITEZ, ALBEE (PDPLBN)",353,56.93 %
REGION VI,NEGROS OCCIDENTAL,CITY OF BACOLOD,TACULING,45010367,MAYOR,"LEONARDIA, BING (NP)",267,43.06 %
REGION VI,NEGROS OCCIDENTAL,CITY OF BACOLOD,TACULING,45010367,VICE_MAYOR,Candidate,Votes,Percentage
REGION VI,NEGROS OCCIDENTAL,CITY OF BACOLOD,TACULING,45010367,VICE_MAYOR,"DISTRITO, CAESAR (PDPLBN)",205,34.33 %
REGION VI,NEGROS OCCIDENTAL,CITY OF BACOLOD,TACULING,45010367,VICE_MAYOR,"FAMILIARAN, EL CID (NP)",289,48.40 %
REGION VI,NEGROS OCCIDENTAL,CITY OF BACOLOD,TACULING,45010367,VICE_MAYOR,"GAMBOA, WILSON JR. (IND)",103,17.25 %
REGION VI,NEGROS OCCIDENTAL,CITY OF BACOLOD,TACULING,45010367,SP,Candidate,Votes,Percentage
REGION VI,NEGROS OCCIDENTAL,CITY OF BACOLOD,TACULING,45010367,SP,"ANG, EM (NP)",313,5.32 %
REGION VI,NEGROS OCCIDENTAL,CITY OF BACOLOD,TACULING,45010367,SP,"ARROYO, ALAN (IND)",44,0.74 %
REGION VI,NEGROS OCCIDENTAL,CITY OF BACOLOD,TACULING,45010367,SP,"AUJERO, JORGE THE WISE (IND)",13,0.22 %
REGION VI,NEGROS OCCIDENTAL,CITY OF BACOLOD,TACULING,45010367,SP,"BAIS, HOMER (PDPLBN)",193,3.28 %
REGION VI,NEGROS OCCIDENTAL,CITY OF BACOLOD,TACULING,45010367,SP,"BARIBAR, ARCHIE (PROMDI)",230,3.91 %
REGION VI,NEGROS OCCIDENTAL,CITY OF BACOLOD,TACULING,45010367,SP,"BELARIO, 007 (IND)",12,0.20 %
REGION VI,NEGROS OCCIDENTAL,CITY OF BACOLOD,TACULING,45010367,SP,"BELORIA, TOTO CESAR (IND)",96,1.63 %
REGION VI,NEGROS OCCIDENTAL,CITY OF BACOLOD,TACULING,45010367,SP,"CONTRERAS, LR (PRP)",25,0.42 %
REGION VI,NEGROS OCCIDENTAL,CITY OF BACOLOD,TACULING,45010367,SP,"DIAZ, JONATHAN JR. (NP)",131,2.22 %
REGION VI,NEGROS OCCIDENTAL,CITY OF BACOLOD,TACULING,45010367,SP,"DISTRITO, SIMPLE (PDPLBN)",215,3.65 %
REGION VI,NEGROS OCCIDENTAL,CITY OF BACOLOD,TACULING,45010367,SP,"ESPINO, AL (NPC)",236,4.01 %
REGION VI,NEGROS OCCIDENTAL,CITY OF BACOLOD,TACULING,45010367,SP,"FLOR, CELIA (IND)",252,4.28 %
REGION VI,NEGROS OCCIDENTAL,CITY OF BACOLOD,TACULING,45010367,SP,"GICO, VIC (IND)",20,0.34 %
REGION VI,NEGROS OCCIDENTAL,CITY OF BACOLOD,TACULING,45010367,SP,"GONZALEZ, VLADI (PDPLBN)",253,4.30 %
REGION VI,NEGROS OCCIDENTAL,CITY OF BACOLOD,TACULING,45010367,SP,"GUILLEM, ED (NP)",148,2.51 %
REGION VI,NEGROS OCCIDENTAL,CITY OF BACOLOD,TACULING,45010367,SP,"HERMOSURA, BONG (IND)",35,0.59 %
REGION VI,NEGROS OCCIDENTAL,CITY OF BACOLOD,TACULING,45010367,SP,"JAUOD, JIFFY (IND)",16,0.27 %
REGION VI,NEGROS OCCIDENTAL,CITY OF BACOLOD,TACULING,45010367,SP,"LACSON, PATRICK (PDPLBN)",203,3.45 %
REGION VI,NEGROS OCCIDENTAL,CITY OF BACOLOD,TACULING,45010367,SP,"LOPEZ, CARL (NP)",206,3.50 %
REGION VI,NEGROS OCCIDENTAL,CITY OF BACOLOD,TACULING,45010367,SP,"MAYO, MARK STEVEN (NPC)",63,1.07 %
REGION VI,NEGROS OCCIDENTAL,CITY OF BACOLOD,TACULING,45010367,SP,"MONTALVO, CASH (NP)",163,2.77 %
REGION VI,NEGROS OCCIDENTAL,CITY OF BACOLOD,TACULING,45010367,SP,"NACIONALES, FERMIN (IND)",16,0.27 %
REGION VI,NEGROS OCCIDENTAL,CITY OF BACOLOD,TACULING,45010367,SP,"NOVERO, RENECITO (NP)",273,4.64 %
REGION VI,NEGROS OCCIDENTAL,CITY OF BACOLOD,TACULING,45010367,SP,"OROLA, BART (PDPLBN)",209,3.55 %
REGION VI,NEGROS OCCIDENTAL,CITY OF BACOLOD,TACULING,45010367,SP,"PADIOS, EDUARDO (PPM)",45,0.76 %
REGION VI,NEGROS OCCIDENTAL,CITY OF BACOLOD,TACULING,45010367,SP,"PUENTEVELLA, KALAW (PROMDI)",229,3.89 %
REGION VI,NEGROS OCCIDENTAL,CITY OF BACOLOD,TACULING,45010367,SP,"RAMOS, DINDO (NP)",227,3.86 %
REGION VI,NEGROS OCCIDENTAL,CITY OF BACOLOD,TACULING,45010367,SP,"ROJAS, CINDY (NP)",295,5.02 %
REGION VI,NEGROS OCCIDENTAL,CITY OF BACOLOD,TACULING,45010367,SP,"SALANGA, ISRAEL (NP)",285,4.85 %
REGION VI,NEGROS OCCIDENTAL,CITY OF BACOLOD,TACULING,45010367,SP,"SAYSON, THADDY (PDPLBN)",284,4.83 %
REGION VI,NEGROS OCCIDENTAL,CITY OF BACOLOD,TACULING,45010367,SP,"SOLIDUM, MARLON (NPC)",166,2.82 %
REGION VI,NEGROS OCCIDENTAL,CITY OF BACOLOD,TACULING,45010367,SP,"SORONGON, CHRIS (NP)",207,3.52 %
REGION VI,NEGROS OCCIDENTAL,CITY OF BACOLOD,TACULING,45010367,SP,"SY, PAO (NPC)",203,3.45 %
REGION VI,NEGROS OCCIDENTAL,CITY OF BACOLOD,TACULING,45010367,SP,"TAN, CANO GWAPO (AKSYON)",120,2.04 %
REGION VI,NEGROS OCCIDENTAL,CITY OF BACOLOD,TACULING,45010367,SP,"VERDEFLOR, SONYA (UNEGA)",185,3.14 %
REGION VI,NEGROS OCCIDENTAL,CITY OF BACOLOD,TACULING,45010367,SP,"VILLAFUERTE, RICO (IND)",37,0.62 %
REGION VI,NEGROS OCCIDENTAL,CITY OF BACOLOD,TACULING,45010367,SP,"VILLAROSA, JASON (LAKAS)",191,3.25 %
REGION VI,NEGROS OCCIDENTAL,CITY OF BACOLOD,TACULING,45010367,SP,"WEBER, CHRISTIAN (IND)",37,0.62 %
region,province,city,barangay,precinct,position,candidate,votes,percentage
REGION VI,NEGROS OCCIDENTAL,CITY OF BACOLOD,TACULING,45010368,PRESIDENT,Candidate,Votes,Percentage
REGION VI,NEGROS OCCIDENTAL,CITY OF BACOLOD,TACULING,45010368,PRESIDENT,"ABELLA, ERNIE (IND)",3,0.49 %
REGION VI,NEGROS OCCIDENTAL,CITY OF BACOLOD,TACULING,45010368,PRESIDENT,"DE GUZMAN, LEODY (PLM)",2,0.33 %
REGION VI,NEGROS OCCIDENTAL,CITY OF BACOLOD,TACULING,45010368,PRESIDENT,"DOMAGOSO, ISKO MORENO (AKSYON)",25,4.15 %
REGION VI,NEGROS OCCIDENTAL,CITY OF BACOLOD,TACULING,45010368,PRESIDENT,"GONZALES, NORBERTO (PDSP)",0,0.00 %
REGION VI,NEGROS OCCIDENTAL,CITY OF BACOLOD,TACULING,45010368,PRESIDENT,"LACSON, PING (PDR)",12,1.99 %
REGION VI,NEGROS OCCIDENTAL,CITY OF BACOLOD,TACULING,45010368,PRESIDENT,"MANGONDATO, FAISAL (KTPNAN)",0,0.00 %
REGION VI,NEGROS OCCIDENTAL,CITY OF BACOLOD,TACULING,45010368,PRESIDENT,"MARCOS, BONGBONG (PFP)",328,54.57 %
REGION VI,NEGROS OCCIDENTAL,CITY OF BACOLOD,TACULING,45010368,PRESIDENT,"MONTEMAYOR, JOSE JR. (DPP)",0,0.00 %
REGION VI,NEGROS OCCIDENTAL,CITY OF BACOLOD,TACULING,45010368,PRESIDENT,"PACQUIAO, MANNY PACMAN(PROMDI)",33,5.49 %
REGION VI,NEGROS OCCIDENTAL,CITY OF BACOLOD,TACULING,45010368,PRESIDENT,"ROBREDO, LENI (IND)",198,32.94 %
REGION VI,NEGROS OCCIDENTAL,CITY OF BACOLOD,TACULING,45010368,VICE_PRESIDENT,Candidate,Votes,Percentage
REGION VI,NEGROS OCCIDENTAL,CITY OF BACOLOD,TACULING,45010368,VICE_PRESIDENT,"ATIENZA, LITO (PROMDI)",2,0.33 %
REGION VI,NEGROS OCCIDENTAL,CITY OF BACOLOD,TACULING,45010368,VICE_PRESIDENT,"BELLO, WALDEN (PLM)",1,0.16 %
REGION VI,NEGROS OCCIDENTAL,CITY OF BACOLOD,TACULING,45010368,VICE_PRESIDENT,"DAVID, RIZALITO (DPP)",1,0.16 %
REGION VI,NEGROS OCCIDENTAL,CITY OF BACOLOD,TACULING,45010368,VICE_PRESIDENT,"DUTERTE, SARA (LAKAS)",320,53.96 %
REGION VI,NEGROS OCCIDENTAL,CITY OF BACOLOD,TACULING,45010368,VICE_PRESIDENT,"LOPEZ, MANNY SD (WPP)",1,0.16 %
REGION VI,NEGROS OCCIDENTAL,CITY OF BACOLOD,TACULING,45010368,VICE_PRESIDENT,"ONG, DOC WILLIE (AKSYON)",13,2.19 %
REGION VI,NEGROS OCCIDENTAL,CITY OF BACOLOD,TACULING,45010368,VICE_PRESIDENT,"PANGILINAN, KIKO (LP)",136,22.93 %
REGION VI,NEGROS OCCIDENTAL,CITY OF BACOLOD,TACULING,45010368,VICE_PRESIDENT,"SERAPIO, CARLOS (KTPNAN)",0,0.00 %
REGION VI,NEGROS OCCIDENTAL,CITY OF BACOLOD,TACULING,45010368,VICE_PRESIDENT,"SOTTO, VICENTE TITO (NPC)",119,20.06 %
REGION VI,NEGROS OCCIDENTAL,CITY OF BACOLOD,TACULING,45010368,SENATOR,Candidate,Votes,Percentage
REGION VI,NEGROS OCCIDENTAL,CITY OF BACOLOD,TACULING,45010368,SENATOR,"AFUANG, ABNER (IND)",14,0.25 %
REGION VI,NEGROS OCCIDENTAL,CITY OF BACOLOD,TACULING,45010368,SENATOR,"ALBANI, IBRAHIM (WPP)",7,0.12 %
REGION VI,NEGROS OCCIDENTAL,CITY OF BACOLOD,TACULING,45010368,SENATOR,"ARRANZA, MANG JESS (IND)",8,0.14 %
REGION VI,NEGROS OCCIDENTAL,CITY OF BACOLOD,TACULING,45010368,SENATOR,"BAGUILAT, TEDDY (LP)",69,1.24 %
REGION VI,NEGROS OCCIDENTAL,CITY OF BACOLOD,TACULING,45010368,SENATOR,"BAILEN, AGNES (IND)",10,0.17 %
REGION VI,NEGROS OCCIDENTAL,CITY OF BACOLOD,TACULING,45010368,SENATOR,"BALITA, CARL (AKSYON)",43,0.77 %
REGION VI,NEGROS OCCIDENTAL,CITY OF BACOLOD,TACULING,45010368,SENATOR,"BARBO, LUTZ (PDPLBN)",11,0.19 %
REGION VI,NEGROS OCCIDENTAL,CITY OF BACOLOD,TACULING,45010368,SENATOR,"BAUTISTA, HERBERT BISTEK (NPC)",157,2.82 %
REGION VI,NEGROS OCCIDENTAL,CITY OF BACOLOD,TACULING,45010368,SENATOR,"BELGICA, GRECO (PDDS)",23,0.41 %
REGION VI,NEGROS OCCIDENTAL,CITY OF BACOLOD,TACULING,45010368,SENATOR,"BELLO, SILVESTRE JR. (PDPLBN)",29,0.52 %
REGION VI,NEGROS OCCIDENTAL,CITY OF BACOLOD,TACULING,45010368,SENATOR,"BINAY, JOJO (UNA)",138,2.48 %
REGION VI,NEGROS OCCIDENTAL,CITY OF BACOLOD,TACULING,45010368,SENATOR,"CABONEGRO, ROY (PLM)",14,0.25 %
REGION VI,NEGROS OCCIDENTAL,CITY OF BACOLOD,TACULING,45010368,SENATOR,"CASTRICIONES, BRO JOHN(PDPLBN)",7,0.12 %
REGION VI,NEGROS OCCIDENTAL,CITY OF BACOLOD,TACULING,45010368,SENATOR,"CAYETANO, ALAN PETER (IND)",248,4.45 %
REGION VI,NEGROS OCCIDENTAL,CITY OF BACOLOD,TACULING,45010368,SENATOR,"CHAVEZ, MELCHOR (WPP)",21,0.37 %
REGION VI,NEGROS OCCIDENTAL,CITY OF BACOLOD,TACULING,45010368,SENATOR,"COLMENARES, NERI (MKBYN)",136,2.44 %
REGION VI,NEGROS OCCIDENTAL,CITY OF BACOLOD,TACULING,45010368,SENATOR,"D'ANGELO, DAVID (PLM)",4,0.07 %
REGION VI,NEGROS OCCIDENTAL,CITY OF BACOLOD,TACULING,45010368,SENATOR,"DE LIMA, LEILA (LP)",92,1.65 %
REGION VI,NEGROS OCCIDENTAL,CITY OF BACOLOD,TACULING,45010368,SENATOR,"DEL ROSARIO, MONSOUR (PDR)",71,1.27 %
REGION VI,NEGROS OCCIDENTAL,CITY OF BACOLOD,TACULING,45010368,SENATOR,"DIAZ, DING (PPP)",15,0.26 %
REGION VI,NEGROS OCCIDENTAL,CITY OF BACOLOD,TACULING,45010368,SENATOR,"DIOKNO, CHEL (KANP)",156,2.80 %
REGION VI,NEGROS OCCIDENTAL,CITY OF BACOLOD,TACULING,45010368,SENATOR,"EJERCITO, JV ESTRADA (NPC)",188,3.38 %
REGION VI,NEGROS OCCIDENTAL,CITY OF BACOLOD,TACULING,45010368,SENATOR,"ELEAZAR, GEN. GUILLERMO (PDR)",131,2.35 %
REGION VI,NEGROS OCCIDENTAL,CITY OF BACOLOD,TACULING,45010368,SENATOR,"EREÑO, BRO. ERNIE (PM)",5,0.08 %
REGION VI,NEGROS OCCIDENTAL,CITY OF BACOLOD,TACULING,45010368,SENATOR,"ESCUDERO, CHIZ (NPC)",256,4.60 %
REGION VI,NEGROS OCCIDENTAL,CITY OF BACOLOD,TACULING,45010368,SENATOR,"ESPIRITU, LUKE (PLM)",68,1.22 %
REGION VI,NEGROS OCCIDENTAL,CITY OF BACOLOD,TACULING,45010368,SENATOR,"ESTRADA, JINGGOY (PMP)",144,2.58 %
REGION VI,NEGROS OCCIDENTAL,CITY OF BACOLOD,TACULING,45010368,SENATOR,"FALCONE, BAL FALCON (DPP)",5,0.08 %
REGION VI,NEGROS OCCIDENTAL,CITY OF BACOLOD,TACULING,45010368,SENATOR,"GADON, LARRY (KBL)",122,2.19 %
REGION VI,NEGROS OCCIDENTAL,CITY OF BACOLOD,TACULING,45010368,SENATOR,"GATCHALIAN, WIN (NPC)",227,4.08 %
REGION VI,NEGROS OCCIDENTAL,CITY OF BACOLOD,TACULING,45010368,SENATOR,"GORDON, WOW DICK (BVNP)",111,1.99 %
REGION VI,NEGROS OCCIDENTAL,CITY OF BACOLOD,TACULING,45010368,SENATOR,"GUTOC, SAMIRA (AKSYON)",17,0.30 %
REGION VI,NEGROS OCCIDENTAL,CITY OF BACOLOD,TACULING,45010368,SENATOR,"HONASAN, GRINGO (IND)",169,3.03 %
REGION VI,NEGROS OCCIDENTAL,CITY OF BACOLOD,TACULING,45010368,SENATOR,"HONTIVEROS, RISA (AKBAYAN)",236,4.24 %
REGION VI,NEGROS OCCIDENTAL,CITY OF BACOLOD,TACULING,45010368,SENATOR,"JAVELLANA, RJ (IND)",9,0.16 %
REGION VI,NEGROS OCCIDENTAL,CITY OF BACOLOD,TACULING,45010368,SENATOR,"KIRAM, NUR-MAHAL (IND)",4,0.07 %
REGION VI,NEGROS OCCIDENTAL,CITY OF BACOLOD,TACULING,45010368,SENATOR,"LABOG, ELMER (MKBYN)",25,0.44 %
REGION VI,NEGROS OCCIDENTAL,CITY OF BACOLOD,TACULING,45010368,SENATOR,"LACSON, KUYA ALEX (KP)",97,1.74 %
REGION VI,NEGROS OCCIDENTAL,CITY OF BACOLOD,TACULING,45010368,SENATOR,"LANGIT, REY (PDPLBN)",17,0.30 %
REGION VI,NEGROS OCCIDENTAL,CITY OF BACOLOD,TACULING,45010368,SENATOR,"LEGARDA, LOREN (NPC)",290,5.21 %
REGION VI,NEGROS OCCIDENTAL,CITY OF BACOLOD,TACULING,45010368,SENATOR,"LIM, ARIEL (IND)",11,0.19 %
REGION VI,NEGROS OCCIDENTAL,CITY OF BACOLOD,TACULING,45010368,SENATOR,"MALLILLIN, EMILY (PPM)",3,0.05 %
REGION VI,NEGROS OCCIDENTAL,CITY OF BACOLOD,TACULING,45010368,SENATOR,"MARCOLETA, RODANTE (PDPLBN)",42,0.75 %
REGION VI,NEGROS OCCIDENTAL,CITY OF BACOLOD,TACULING,45010368,SENATOR,"MARCOS, FRANCIS LEO (IND)",67,1.20 %
REGION VI,NEGROS OCCIDENTAL,CITY OF BACOLOD,TACULING,45010368,SENATOR,"MATULA, SONNY (IND)",44,0.79 %
REGION VI,NEGROS OCCIDENTAL,CITY OF BACOLOD,TACULING,45010368,SENATOR,"MINDALANO-ADAM,MARIETA(KTPNAN)",2,0.03 %
REGION VI,NEGROS OCCIDENTAL,CITY OF BACOLOD,TACULING,45010368,SENATOR,"OLARTE, ATTY/DR. LEO (BIGKIS)",38,0.68 %
REGION VI,NEGROS OCCIDENTAL,CITY OF BACOLOD,TACULING,45010368,SENATOR,"PADILLA, DRA. MINGUITA (PDR)",53,0.95 %
REGION VI,NEGROS OCCIDENTAL,CITY OF BACOLOD,TACULING,45010368,SENATOR,"PADILLA, ROBIN (PDPLBN)",246,4.42 %
REGION VI,NEGROS OCCIDENTAL,CITY OF BACOLOD,TACULING,45010368,SENATOR,"PANELO, SAL PANALO (PDPLBN)",71,1.27 %
REGION VI,NEGROS OCCIDENTAL,CITY OF BACOLOD,TACULING,45010368,SENATOR,"PIMENTEL, ASTRA (PDPLBN)",49,0.88 %
REGION VI,NEGROS OCCIDENTAL,CITY OF BACOLOD,TACULING,45010368,SENATOR,"PIÑOL, MANNY (NPC)",48,0.86 %
REGION VI,NEGROS OCCIDENTAL,CITY OF BACOLOD,TACULING,45010368,SENATOR,"RICABLANCA, WILLIE JR. (PM)",9,0.16 %
REGION VI,NEGROS OCCIDENTAL,CITY OF BACOLOD,TACULING,45010368,SENATOR,"ROQUE, HARRY SPOX (PRP)",117,2.10 %
REGION VI,NEGROS OCCIDENTAL,CITY OF BACOLOD,TACULING,45010368,SENATOR,"SAHIDULLA, LADY ANNE (PDDS)",1,0.01 %
REGION VI,NEGROS OCCIDENTAL,CITY OF BACOLOD,TACULING,45010368,SENATOR,"SISON, JOPET (AKSYON)",21,0.37 %
REGION VI,NEGROS OCCIDENTAL,CITY OF BACOLOD,TACULING,45010368,SENATOR,"TEODORO, GIBO (PRP)",191,3.43 %
REGION VI,NEGROS OCCIDENTAL,CITY OF BACOLOD,TACULING,45010368,SENATOR,"TRILLANES, ANTONIO IV (LP)",128,2.30 %
REGION VI,NEGROS OCCIDENTAL,CITY OF BACOLOD,TACULING,45010368,SENATOR,"TULFO, IDOL RAFFY (IND)",303,5.44 %
REGION VI,NEGROS OCCIDENTAL,CITY OF BACOLOD,TACULING,45010368,SENATOR,"VALEROS, REY (IND)",9,0.16 %
REGION VI,NEGROS OCCIDENTAL,CITY OF BACOLOD,TACULING,45010368,SENATOR,"VILLANUEVA,JOEL TESDAMAN (IND)",179,3.21 %
REGION VI,NEGROS OCCIDENTAL,CITY OF BACOLOD,TACULING,45010368,SENATOR,"VILLAR, MARK (NP)",220,3.95 %
REGION VI,NEGROS OCCIDENTAL,CITY OF BACOLOD,TACULING,45010368,SENATOR,"ZUBIAGA, CARMEN (IND)",32,0.57 %
REGION VI,NEGROS OCCIDENTAL,CITY OF BACOLOD,TACULING,45010368,SENATOR,"ZUBIRI, MIGZ (IND)",283,5.08 %
REGION VI,NEGROS OCCIDENTAL,CITY OF BACOLOD,TACULING,45010368,PARTYLIST,Candidate,Votes,Percentage
REGION VI,NEGROS OCCIDENTAL,CITY OF BACOLOD,TACULING,45010368,PARTYLIST,01 KAMALAYAN,0,0.00 %
REGION VI,NEGROS OCCIDENTAL,CITY OF BACOLOD,TACULING,45010368,PARTYLIST,02 KM NGAYON NA,0,0.00 %
REGION VI,NEGROS OCCIDENTAL,CITY OF BACOLOD,TACULING,45010368,PARTYLIST,03 PSIS,0,0.00 %
REGION VI,NEGROS OCCIDENTAL,CITY OF BACOLOD,TACULING,45010368,PARTYLIST,04 AGAP,4,0.85 %
REGION VI,NEGROS OCCIDENTAL,CITY OF BACOLOD,TACULING,45010368,PARTYLIST,05 KABAYAN,6,1.27 %
REGION VI,NEGROS OCCIDENTAL,CITY OF BACOLOD,TACULING,45010368,PARTYLIST,06 HOME OWNER,1,0.21 %
REGION VI,NEGROS OCCIDENTAL,CITY OF BACOLOD,TACULING,45010368,PARTYLIST,07 KAPUSO-PM,0,0.00 %
REGION VI,NEGROS OCCIDENTAL,CITY OF BACOLOD,TACULING,45010368,PARTYLIST,08 PDP CARES,0,0.00 %
REGION VI,NEGROS OCCIDENTAL,CITY OF BACOLOD,TACULING,45010368,PARTYLIST,09 MARVELOUS TAYO,0,0.00 %
REGION VI,NEGROS OCCIDENTAL,CITY OF BACOLOD,TACULING,45010368,PARTYLIST,10 AKO OFW,1,0.21 %
REGION VI,NEGROS OCCIDENTAL,CITY OF BACOLOD,TACULING,45010368,PARTYLIST,11 UNITED SENIOR CITIZEN,6,1.27 %
REGION VI,NEGROS OCCIDENTAL,CITY OF BACOLOD,TACULING,45010368,PARTYLIST,12 WOW PILIPINAS,0,0.00 %
REGION VI,NEGROS OCCIDENTAL,CITY OF BACOLOD,TACULING,45010368,PARTYLIST,13 ALTERNATIBA,0,0.00 %
REGION VI,NEGROS OCCIDENTAL,CITY OF BACOLOD,TACULING,45010368,PARTYLIST,14 1-RIDER PARTYLIST,7,1.48 %
REGION VI,NEGROS OCCIDENTAL,CITY OF BACOLOD,TACULING,45010368,PARTYLIST,15 1-CARE,0,0.00 %
REGION VI,NEGROS OCCIDENTAL,CITY OF BACOLOD,TACULING,45010368,PARTYLIST,16 ABP,0,0.00 %
REGION VI,NEGROS OCCIDENTAL,CITY OF BACOLOD,TACULING,45010368,PARTYLIST,17 AKO MUSIKERO,0,0.00 %
REGION VI,NEGROS OCCIDENTAL,CITY OF BACOLOD,TACULING,45010368,PARTYLIST,18 AKO BICOL,1,0.21 %
REGION VI,NEGROS OCCIDENTAL,CITY OF BACOLOD,TACULING,45010368,PARTYLIST,19 PRAI,0,0.00 %
REGION VI,NEGROS OCCIDENTAL,CITY OF BACOLOD,TACULING,45010368,PARTYLIST,20 4PS,1,0.21 %
REGION VI,NEGROS OCCIDENTAL,CITY OF BACOLOD,TACULING,45010368,PARTYLIST,21 MAAGAP,1,0.21 %
REGION VI,NEGROS OCCIDENTAL,CITY OF BACOLOD,TACULING,45010368,PARTYLIST,22 ABANTE PILIPINAS,1,0.21 %
REGION VI,NEGROS OCCIDENTAL,CITY OF BACOLOD,TACULING,45010368,PARTYLIST,23 AKTIBONG KAAGAPAY,0,0.00 %
REGION VI,NEGROS OCCIDENTAL,CITY OF BACOLOD,TACULING,45010368,PARTYLIST,24 ALSA BISAYA,0,0.00 %
REGION VI,NEGROS OCCIDENTAL,CITY OF BACOLOD,TACULING,45010368,PARTYLIST,25 PROBINSYANO AKO,5,1.06 %
REGION VI,NEGROS OCCIDENTAL,CITY OF BACOLOD,TACULING,45010368,PARTYLIST,26 YACAP,1,0.21 %
REGION VI,NEGROS OCCIDENTAL,CITY OF BACOLOD,TACULING,45010368,PARTYLIST,27 MAGDALO,0,0.00 %
REGION VI,NEGROS OCCIDENTAL,CITY OF BACOLOD,TACULING,45010368,PARTYLIST,28 ACT-CIS,24,5.10 %
REGION VI,NEGROS OCCIDENTAL,CITY OF BACOLOD,TACULING,45010368,PARTYLIST,29 HUGPONG FEDERAL,0,0.00 %
REGION VI,NEGROS OCCIDENTAL,CITY OF BACOLOD,TACULING,45010368,PARTYLIST,30 TGP,0,0.00 %
REGION VI,NEGROS OCCIDENTAL,CITY OF BACOLOD,TACULING,45010368,PARTYLIST,31 ONE COOP,0,0.00 %
REGION VI,NEGROS OCCIDENTAL,CITY OF BACOLOD,TACULING,45010368,PARTYLIST,32 BARKADAHAN,0,0.00 %
REGION VI,NEGROS OCCIDENTAL,CITY OF BACOLOD,TACULING,45010368,PARTYLIST,33 DUMPER PTDA,1,0.21 %
REGION VI,NEGROS OCCIDENTAL,CITY OF BACOLOD,TACULING,45010368,PARTYLIST,34 MALABUNG,0,0.00 %
REGION VI,NEGROS OCCIDENTAL,CITY OF BACOLOD,TACULING,45010368,PARTYLIST,35 BH (BAGONG HENERASYON),0,0.00 %
REGION VI,NEGROS OCCIDENTAL,CITY OF BACOLOD,TACULING,45010368,PARTYLIST,36 AKMA-PTM,0,0.00 %
REGION VI,NEGROS OCCIDENTAL,CITY OF BACOLOD,TACULING,45010368,PARTYLIST,37 IPATUPAD,0,0.00 %
REGION VI,NEGROS OCCIDENTAL,CITY OF BACOLOD,TACULING,45010368,PARTYLIST,38 PINUNO,1,0.21 %
REGION VI,NEGROS OCCIDENTAL,CITY OF BACOLOD,TACULING,45010368,PARTYLIST,39 LPGMA,0,0.00 %
REGION VI,NEGROS OCCIDENTAL,CITY OF BACOLOD,TACULING,45010368,PARTYLIST,40 CLICK PARTY,0,0.00 %
REGION VI,NEGROS OCCIDENTAL,CITY OF BACOLOD,TACULING,45010368,PARTYLIST,41 TODA,0,0.00 %
REGION VI,NEGROS OCCIDENTAL,CITY OF BACOLOD,TACULING,45010368,PARTYLIST,42 BHW,0,0.00 %
REGION VI,NEGROS OCCIDENTAL,CITY OF BACOLOD,TACULING,45010368,PARTYLIST,43 MALASAKIT@BAYANIHAN,68,14.46 %
REGION VI,NEGROS OCCIDENTAL,CITY OF BACOLOD,TACULING,45010368,PARTYLIST,44 ABS,0,0.00 %
REGION VI,NEGROS OCCIDENTAL,CITY OF BACOLOD,TACULING,45010368,PARTYLIST,45 PASAHERO PARTYLIST,1,0.21 %
REGION VI,NEGROS OCCIDENTAL,CITY OF BACOLOD,TACULING,45010368,PARTYLIST,46 ANGAT,14,2.97 %
REGION VI,NEGROS OCCIDENTAL,CITY OF BACOLOD,TACULING,45010368,PARTYLIST,47 SOLID-CHANGE,1,0.21 %
REGION VI,NEGROS OCCIDENTAL,CITY OF BACOLOD,TACULING,45010368,PARTYLIST,48 BICOL SARO,0,0.00 %
REGION VI,NEGROS OCCIDENTAL,CITY OF BACOLOD,TACULING,45010368,PARTYLIST,49 OFW,1,0.21 %
REGION VI,NEGROS OCCIDENTAL,CITY OF BACOLOD,TACULING,45010368,PARTYLIST,50 ANG PROBINSIYANO,1,0.21 %
REGION VI,NEGROS OCCIDENTAL,CITY OF BACOLOD,TACULING,45010368,PARTYLIST,51 ANAKALUSUGAN,1,0.21 %
REGION VI,NEGROS OCCIDENTAL,CITY OF BACOLOD,TACULING,45010368,PARTYLIST,52 PBA,2,0.42 %
REGION VI,NEGROS OCCIDENTAL,CITY OF BACOLOD,TACULING,45010368,PARTYLIST,53 PEACE,3,0.63 %
REGION VI,NEGROS OCCIDENTAL,CITY OF BACOLOD,TACULING,45010368,PARTYLIST,54 P3PWD,13,2.76 %
REGION VI,NEGROS OCCIDENTAL,CITY OF BACOLOD,TACULING,45010368,PARTYLIST,55 S.M.I.L.E,2,0.42 %
REGION VI,NEGROS OCCIDENTAL,CITY OF BACOLOD,TACULING,45010368,PARTYLIST,56 AAMBIS-OWA,0,0.00 %
REGION VI,NEGROS OCCIDENTAL,CITY OF BACOLOD,TACULING,45010368,PARTYLIST,57 BUTIL,0,0.00 %
REGION VI,NEGROS OCCIDENTAL,CITY OF BACOLOD,TACULING,45010368,PARTYLIST,58 LUNAS,0,0.00 %
REGION VI,NEGROS OCCIDENTAL,CITY OF BACOLOD,TACULING,45010368,PARTYLIST,59 ANG KOMADRONA,0,0.00 %
REGION VI,NEGROS OCCIDENTAL,CITY OF BACOLOD,TACULING,45010368,PARTYLIST,60 KABAKA,0,0.00 %
REGION VI,NEGROS OCCIDENTAL,CITY OF BACOLOD,TACULING,45010368,PARTYLIST,61 SAGIP,1,0.21 %
REGION VI,NEGROS OCCIDENTAL,CITY OF BACOLOD,TACULING,45010368,PARTYLIST,62 ANG KABUHAYAN,0,0.00 %
REGION VI,NEGROS OCCIDENTAL,CITY OF BACOLOD,TACULING,45010368,PARTYLIST,63 AKO I.P.,1,0.21 %
REGION VI,NEGROS OCCIDENTAL,CITY OF BACOLOD,TACULING,45010368,PARTYLIST,64 PHILRECA,0,0.00 %
REGION VI,NEGROS OCCIDENTAL,CITY OF BACOLOD,TACULING,45010368,PARTYLIST,65 BABAE AKO,0,0.00 %
REGION VI,NEGROS OCCIDENTAL,CITY OF BACOLOD,TACULING,45010368,PARTYLIST,66 KB,0,0.00 %
REGION VI,NEGROS OCCIDENTAL,CITY OF BACOLOD,TACULING,45010368,PARTYLIST,67 GABRIELA,5,1.06 %
REGION VI,NEGROS OCCIDENTAL,CITY OF BACOLOD,TACULING,45010368,PARTYLIST,68 KALINGA,5,1.06 %
REGION VI,NEGROS OCCIDENTAL,CITY OF BACOLOD,TACULING,45010368,PARTYLIST,69 STL,2,0.42 %
REGION VI,NEGROS OCCIDENTAL,CITY OF BACOLOD,TACULING,45010368,PARTYLIST,70 RECOBODA,0,0.00 %
REGION VI,NEGROS OCCIDENTAL,CITY OF BACOLOD,TACULING,45010368,PARTYLIST,71 ANGAT PINOY,3,0.63 %
REGION VI,NEGROS OCCIDENTAL,CITY OF BACOLOD,TACULING,45010368,PARTYLIST,72 ANAC-IP,0,0.00 %
REGION VI,NEGROS OCCIDENTAL,CITY OF BACOLOD,TACULING,45010368,PARTYLIST,73 DIWA,0,0.00 %
REGION VI,NEGROS OCCIDENTAL,CITY OF BACOLOD,TACULING,45010368,PARTYLIST,74 ASENSO PINOY,2,0.42 %
REGION VI,NEGROS OCCIDENTAL,CITY OF BACOLOD,TACULING,45010368,PARTYLIST,75 PPP,0,0.00 %
REGION VI,NEGROS OCCIDENTAL,CITY OF BACOLOD,TACULING,45010368,PARTYLIST,76 PAMILYA MUNA,5,1.06 %
REGION VI,NEGROS OCCIDENTAL,CITY OF BACOLOD,TACULING,45010368,PARTYLIST,77 AYUDA SANDUGO,0,0.00 %
REGION VI,NEGROS OCCIDENTAL,CITY OF BACOLOD,TACULING,45010368,PARTYLIST,78 BUKLOD FILIPINO,0,0.00 %
REGION VI,NEGROS OCCIDENTAL,CITY OF BACOLOD,TACULING,45010368,PARTYLIST,79 BTS,1,0.21 %
REGION VI,NEGROS OCCIDENTAL,CITY OF BACOLOD,TACULING,45010368,PARTYLIST,80 MOCHA,0,0.00 %
REGION VI,NEGROS OCCIDENTAL,CITY OF BACOLOD,TACULING,45010368,PARTYLIST,81 ACT TEACHERS,2,0.42 %
REGION VI,NEGROS OCCIDENTAL,CITY OF BACOLOD,TACULING,45010368,PARTYLIST,82 ALONA,0,0.00 %
REGION VI,NEGROS OCCIDENTAL,CITY OF BACOLOD,TACULING,45010368,PARTYLIST,83 KABALIKAT,0,0.00 %
REGION VI,NEGROS OCCIDENTAL,CITY OF BACOLOD,TACULING,45010368,PARTYLIST,84 ALIF,0,0.00 %
REGION VI,NEGROS OCCIDENTAL,CITY OF BACOLOD,TACULING,45010368,PARTYLIST,85 1-UTAP BICOL,0,0.00 %
REGION VI,NEGROS OCCIDENTAL,CITY OF BACOLOD,TACULING,45010368,PARTYLIST,86 TINGOG,0,0.00 %
REGION VI,NEGROS OCCIDENTAL,CITY OF BACOLOD,TACULING,45010368,PARTYLIST,87 H.E.L.P. PILIPINAS,1,0.21 %
REGION VI,NEGROS OCCIDENTAL,CITY OF BACOLOD,TACULING,45010368,PARTYLIST,88 TUCP,0,0.00 %
REGION VI,NEGROS OCCIDENTAL,CITY OF BACOLOD,TACULING,45010368,PARTYLIST,89 PTA,0,0.00 %
REGION VI,NEGROS OCCIDENTAL,CITY OF BACOLOD,TACULING,45010368,PARTYLIST,90 AGIMAT,0,0.00 %
REGION VI,NEGROS OCCIDENTAL,CITY OF BACOLOD,TACULING,45010368,PARTYLIST,91 KONTRA BROWNOUT,3,0.63 %
REGION VI,NEGROS OCCIDENTAL,CITY OF BACOLOD,TACULING,45010368,PARTYLIST,92 TULUNGAN TAYO,2,0.42 %
REGION VI,NEGROS OCCIDENTAL,CITY OF BACOLOD,TACULING,45010368,PARTYLIST,93 DUTERTE YOUTH,10,2.12 %
REGION VI,NEGROS OCCIDENTAL,CITY OF BACOLOD,TACULING,45010368,PARTYLIST,94 ABEKA,0,0.00 %
REGION VI,NEGROS OCCIDENTAL,CITY OF BACOLOD,TACULING,45010368,PARTYLIST,95 KABATAAN,2,0.42 %
REGION VI,NEGROS OCCIDENTAL,CITY OF BACOLOD,TACULING,45010368,PARTYLIST,97 ACTS-OFW,5,1.06 %
REGION VI,NEGROS OCCIDENTAL,CITY OF BACOLOD,TACULING,45010368,PARTYLIST,98 RAM,1,0.21 %
REGION VI,NEGROS OCCIDENTAL,CITY OF BACOLOD,TACULING,45010368,PARTYLIST,99 USWAG ILONGGO,12,2.55 %
REGION VI,NEGROS OCCIDENTAL,CITY OF BACOLOD,TACULING,45010368,PARTYLIST,100 AKO BISAYA,0,0.00 %
REGION VI,NEGROS OCCIDENTAL,CITY OF BACOLOD,TACULING,45010368,PARTYLIST,101 KAPAMILYA,2,0.42 %
REGION VI,NEGROS OCCIDENTAL,CITY OF BACOLOD,TACULING,45010368,PARTYLIST,102 PUSONG PINOY,0,0.00 %
REGION VI,NEGROS OCCIDENTAL,CITY OF BACOLOD,TACULING,45010368,PARTYLIST,103 CWS,1,0.21 %
REGION VI,NEGROS OCCIDENTAL,CITY OF BACOLOD,TACULING,45010368,PARTYLIST,104 SILBI,0,0.00 %
REGION VI,NEGROS OCCIDENTAL,CITY OF BACOLOD,TACULING,45010368,PARTYLIST,105 CIBAC,7,1.48 %
REGION VI,NEGROS OCCIDENTAL,CITY OF BACOLOD,TACULING,45010368,PARTYLIST,106 SUBANEN,0,0.00 %
REGION VI,NEGROS OCCIDENTAL,CITY OF BACOLOD,TACULING,45010368,PARTYLIST,107 AKKK,0,0.00 %
REGION VI,NEGROS OCCIDENTAL,CITY OF BACOLOD,TACULING,45010368,PARTYLIST,108 BG PARTY-LIST,0,0.00 %
REGION VI,NEGROS OCCIDENTAL,CITY OF BACOLOD,TACULING,45010368,PARTYLIST,109 PAMILYANG MAGSASAKA,6,1.27 %
REGION VI,NEGROS OCCIDENTAL,CITY OF BACOLOD,TACULING,45010368,PARTYLIST,110 COOP NATCCO,2,0.42 %
REGION VI,NEGROS OCCIDENTAL,CITY OF BACOLOD,TACULING,45010368,PARTYLIST,111 FRONTLINERS ANG BIDA,0,0.00 %
REGION VI,NEGROS OCCIDENTAL,CITY OF BACOLOD,TACULING,45010368,PARTYLIST,112 KASAMA,0,0.00 %
REGION VI,NEGROS OCCIDENTAL,CITY OF BACOLOD,TACULING,45010368,PARTYLIST,113 AKO BISDAK,0,0.00 %
REGION VI,NEGROS OCCIDENTAL,CITY OF BACOLOD,TACULING,45010368,PARTYLIST,114 GP PARTY,0,0.00 %
REGION VI,NEGROS OCCIDENTAL,CITY OF BACOLOD,TACULING,45010368,PARTYLIST,115 BAHAY,1,0.21 %
REGION VI,NEGROS OCCIDENTAL,CITY OF BACOLOD,TACULING,45010368,PARTYLIST,116 MAGSASAKA,2,0.42 %
REGION VI,NEGROS OCCIDENTAL,CITY OF BACOLOD,TACULING,45010368,PARTYLIST,117 MARINO,3,0.63 %
REGION VI,NEGROS OCCIDENTAL,CITY OF BACOLOD,TACULING,45010368,PARTYLIST,118 UNITED FRONTLINERS,1,0.21 %
REGION VI,NEGROS OCCIDENTAL,CITY OF BACOLOD,TACULING,45010368,PARTYLIST,119 L.O.G.R.O. KUSINERO,0,0.00 %
REGION VI,NEGROS OCCIDENTAL,CITY OF BACOLOD,TACULING,45010368,PARTYLIST,120 BPO,1,0.21 %
REGION VI,NEGROS OCCIDENTAL,CITY OF BACOLOD,TACULING,45010368,PARTYLIST,121 ABANG LINGKOD,127,27.02 %
REGION VI,NEGROS OCCIDENTAL,CITY OF BACOLOD,TACULING,45010368,PARTYLIST,122 KUSUG TAUSUG,0,0.00 %
REGION VI,NEGROS OCCIDENTAL,CITY OF BACOLOD,TACULING,45010368,PARTYLIST,123 PLM,0,0.00 %
REGION VI,NEGROS OCCIDENTAL,CITY OF BACOLOD,TACULING,45010368,PARTYLIST,124 OK PARTYLIST,0,0.00 %
REGION VI,NEGROS OCCIDENTAL,CITY OF BACOLOD,TACULING,45010368,PARTYLIST,125 A TEACHER,1,0.21 %
REGION VI,NEGROS OCCIDENTAL,CITY OF BACOLOD,TACULING,45010368,PARTYLIST,126 PASADA-CC,0,0.00 %
REGION VI,NEGROS OCCIDENTAL,CITY OF BACOLOD,TACULING,45010368,PARTYLIST,127 OFW FAMILY,2,0.42 %
REGION VI,NEGROS OCCIDENTAL,CITY OF BACOLOD,TACULING,45010368,PARTYLIST,128 ANGKLA,2,0.42 %
REGION VI,NEGROS OCCIDENTAL,CITY OF BACOLOD,TACULING,45010368,PARTYLIST,129 COCOMAN,0,0.00 %
REGION VI,NEGROS OCCIDENTAL,CITY OF BACOLOD,TACULING,45010368,PARTYLIST,130 ACT AS ONE,1,0.21 %
REGION VI,NEGROS OCCIDENTAL,CITY OF BACOLOD,TACULING,45010368,PARTYLIST,131 AKO ILOCANO AKO,19,4.04 %
REGION VI,NEGROS OCCIDENTAL,CITY OF BACOLOD,TACULING,45010368,PARTYLIST,132 TRABAHO,1,0.21 %
REGION VI,NEGROS OCCIDENTAL,CITY OF BACOLOD,TACULING,45010368,PARTYLIST,133 PATROL,0,0.00 %
REGION VI,NEGROS OCCIDENTAL,CITY OF BACOLOD,TACULING,45010368,PARTYLIST,134 AKO PADAYON,0,0.00 %
REGION VI,NEGROS OCCIDENTAL,CITY OF BACOLOD,TACULING,45010368,PARTYLIST,135 ABONO,0,0.00 %
REGION VI,NEGROS OCCIDENTAL,CITY OF BACOLOD,TACULING,45010368,PARTYLIST,136 MANILA TEACHERS,0,0.00 %
REGION VI,NEGROS OCCIDENTAL,CITY OF BACOLOD,TACULING,45010368,PARTYLIST,137 KOOP-KAMPI,1,0.21 %
REGION VI,NEGROS OCCIDENTAL,CITY OF BACOLOD,TACULING,45010368,PARTYLIST,138 MAYPAGASA,0,0.00 %
REGION VI,NEGROS OCCIDENTAL,CITY OF BACOLOD,TACULING,45010368,PARTYLIST,139 PVAID,0,0.00 %
REGION VI,NEGROS OCCIDENTAL,CITY OF BACOLOD,TACULING,45010368,PARTYLIST,140 TUTOK TO WIN,11,2.34 %
REGION VI,NEGROS OCCIDENTAL,CITY OF BACOLOD,TACULING,45010368,PARTYLIST,141 BAYAN MUNA,4,0.85 %
REGION VI,NEGROS OCCIDENTAL,CITY OF BACOLOD,TACULING,45010368,PARTYLIST,142 API,0,0.00 %
REGION VI,NEGROS OCCIDENTAL,CITY OF BACOLOD,TACULING,45010368,PARTYLIST,143 ARTE,1,0.21 %
REGION VI,NEGROS OCCIDENTAL,CITY OF BACOLOD,TACULING,45010368,PARTYLIST,144 ASAP,0,0.00 %
REGION VI,NEGROS OCCIDENTAL,CITY OF BACOLOD,TACULING,45010368,PARTYLIST,145 BUNYOG,0,0.00 %
REGION VI,NEGROS OCCIDENTAL,CITY OF BACOLOD,TACULING,45010368,PARTYLIST,146 AKBAYAN,4,0.85 %
REGION VI,NEGROS OCCIDENTAL,CITY OF BACOLOD,TACULING,45010368,PARTYLIST,147 DAMAYAN,0,0.00 %
REGION VI,NEGROS OCCIDENTAL,CITY OF BACOLOD,TACULING,45010368,PARTYLIST,148 WIFI,0,0.00 %
REGION VI,NEGROS OCCIDENTAL,CITY OF BACOLOD,TACULING,45010368,PARTYLIST,149 CANCER PARTY LIST,0,0.00 %
REGION VI,NEGROS OCCIDENTAL,CITY OF BACOLOD,TACULING,45010368,PARTYLIST,150 1-ANG EDUKASYON,2,0.42 %
REGION VI,NEGROS OCCIDENTAL,CITY OF BACOLOD,TACULING,45010368,PARTYLIST,151 UFCC,0,0.00 %
REGION VI,NEGROS OCCIDENTAL,CITY OF BACOLOD,TACULING,45010368,PARTYLIST,152 AGRI,0,0.00 %
REGION VI,NEGROS OCCIDENTAL,CITY OF BACOLOD,TACULING,45010368,PARTYLIST,153 MAHARLIKA,1,0.21 %
REGION VI,NEGROS OCCIDENTAL,CITY OF BACOLOD,TACULING,45010368,PARTYLIST,154 ANAKPAWIS,0,0.00 %
REGION VI,NEGROS OCCIDENTAL,CITY OF BACOLOD,TACULING,45010368,PARTYLIST,155 1TAHANAN,0,0.00 %
REGION VI,NEGROS OCCIDENTAL,CITY OF BACOLOD,TACULING,45010368,PARTYLIST,156 TURISMO,0,0.00 %
REGION VI,NEGROS OCCIDENTAL,CITY OF BACOLOD,TACULING,45010368,PARTYLIST,157 APEC,0,0.00 %
REGION VI,NEGROS OCCIDENTAL,CITY OF BACOLOD,TACULING,45010368,PARTYLIST,158 SENIOR CITIZENS PARTYLIST,15,3.19 %
REGION VI,NEGROS OCCIDENTAL,CITY OF BACOLOD,TACULING,45010368,PARTYLIST,159 AASENSO,0,0.00 %
REGION VI,NEGROS OCCIDENTAL,CITY OF BACOLOD,TACULING,45010368,PARTYLIST,160 AMIN,0,0.00 %
REGION VI,NEGROS OCCIDENTAL,CITY OF BACOLOD,TACULING,45010368,PARTYLIST,161 1-PACMAN,4,0.85 %
REGION VI,NEGROS OCCIDENTAL,CITY OF BACOLOD,TACULING,45010368,PARTYLIST,162 ABB-NFCPI,0,0.00 %
REGION VI,NEGROS OCCIDENTAL,CITY OF BACOLOD,TACULING,45010368,PARTYLIST,163 AN WARAY,0,0.00 %
REGION VI,NEGROS OCCIDENTAL,CITY OF BACOLOD,TACULING,45010368,PARTYLIST,164 AP PARTYLIST,2,0.42 %
REGION VI,NEGROS OCCIDENTAL,CITY OF BACOLOD,TACULING,45010368,PARTYLIST,165 AKAP PINOY,1,0.21 %
REGION VI,NEGROS OCCIDENTAL,CITY OF BACOLOD,TACULING,45010368,PARTYLIST,166 BUHAY,0,0.00 %
REGION VI,NEGROS OCCIDENTAL,CITY OF BACOLOD,TACULING,45010368,PARTYLIST,167 ARISE,0,0.00 %
REGION VI,NEGROS OCCIDENTAL,CITY OF BACOLOD,TACULING,45010368,PARTYLIST,168 IWI,0,0.00 %
REGION VI,NEGROS OCCIDENTAL,CITY OF BACOLOD,TACULING,45010368,PARTYLIST,169 ANG TINIG NG SENIORS,2,0.42 %
REGION VI,NEGROS OCCIDENTAL,CITY OF BACOLOD,TACULING,45010368,PARTYLIST,170 LBP,0,0.00 %
REGION VI,NEGROS OCCIDENTAL,CITY OF BACOLOD,TACULING,45010368,PARTYLIST,171 IPEACE EPANAW,0,0.00 %
REGION VI,NEGROS OCCIDENTAL,CITY OF BACOLOD,TACULING,45010368,PARTYLIST,172 APAT-DAPAT,0,0.00 %
REGION VI,NEGROS OCCIDENTAL,CITY OF BACOLOD,TACULING,45010368,PARTYLIST,173 UMA ILONGGO,6,1.27 %
REGION VI,NEGROS OCCIDENTAL,CITY OF BACOLOD,TACULING,45010368,PARTYLIST,174 AYUDA,1,0.21 %
REGION VI,NEGROS OCCIDENTAL,CITY OF BACOLOD,TACULING,45010368,PARTYLIST,175 SAMBAYANAN,1,0.21 %
REGION VI,NEGROS OCCIDENTAL,CITY OF BACOLOD,TACULING,45010368,PARTYLIST,176 AKO BREEDER,3,0.63 %
REGION VI,NEGROS OCCIDENTAL,CITY OF BACOLOD,TACULING,45010368,PARTYLIST,177 FPJ,0,0.00 %
REGION VI,NEGROS OCCIDENTAL,CITY OF BACOLOD,TACULING,45010368,PARTYLIST,178 LIBRO,1,0.21 %
REGION VI,NEGROS OCCIDENTAL,CITY OF BACOLOD,TACULING,45010368,REP,Candidate,Votes,Percentage
REGION VI,NEGROS OCCIDENTAL,CITY OF BACOLOD,TACULING,45010368,REP,"ATAYDE, DAN (IND)",178,31.06 %
REGION VI,NEGROS OCCIDENTAL,CITY OF BACOLOD,TACULING,45010368,REP,"DAVID, WILLY (IND)",1,0.17 %
REGION VI,NEGROS OCCIDENTAL,CITY OF BACOLOD,TACULING,45010368,REP,"GASATAYA, GREG (NPC)",393,68.58 %
REGION VI,NEGROS OCCIDENTAL,CITY OF BACOLOD,TACULING,45010368,REP,"GUSTILO, ROMY (IND)",1,0.17 %
REGION VI,NEGROS OCCIDENTAL,CITY OF BACOLOD,TACULING,45010368,REP,"SAN MIGUEL, NONONG (PDDS)",0,0.00 %
REGION VI,NEGROS OCCIDENTAL,CITY OF BACOLOD,TACULING,45010368,MAYOR,Candidate,Votes,Percentage
REGION VI,NEGROS OCCIDENTAL,CITY OF BACOLOD,TACULING,45010368,MAYOR,"BENITEZ, ALBEE (PDPLBN)",342,57.09 %
REGION VI,NEGROS OCCIDENTAL,CITY OF BACOLOD,TACULING,45010368,MAYOR,"LEONARDIA, BING (NP)",257,42.90 %
REGION VI,NEGROS OCCIDENTAL,CITY OF BACOLOD,TACULING,45010368,VICE_MAYOR,Candidate,Votes,Percentage
REGION VI,NEGROS OCCIDENTAL,CITY OF BACOLOD,TACULING,45010368,VICE_MAYOR,"DISTRITO, CAESAR (PDPLBN)",182,31.92 %
REGION VI,NEGROS OCCIDENTAL,CITY OF BACOLOD,TACULING,45010368,VICE_MAYOR,"FAMILIARAN, EL CID (NP)",299,52.45 %
REGION VI,NEGROS OCCIDENTAL,CITY OF BACOLOD,TACULING,45010368,VICE_MAYOR,"GAMBOA, WILSON JR. (IND)",89,15.61 %
REGION VI,NEGROS OCCIDENTAL,CITY OF BACOLOD,TACULING,45010368,SP,Candidate,Votes,Percentage
REGION VI,NEGROS OCCIDENTAL,CITY OF BACOLOD,TACULING,45010368,SP,"ANG, EM (NP)",282,4.78 %
REGION VI,NEGROS OCCIDENTAL,CITY OF BACOLOD,TACULING,45010368,SP,"ARROYO, ALAN (IND)",53,0.89 %
REGION VI,NEGROS OCCIDENTAL,CITY OF BACOLOD,TACULING,45010368,SP,"AUJERO, JORGE THE WISE (IND)",9,0.15 %
REGION VI,NEGROS OCCIDENTAL,CITY OF BACOLOD,TACULING,45010368,SP,"BAIS, HOMER (PDPLBN)",196,3.32 %
REGION VI,NEGROS OCCIDENTAL,CITY OF BACOLOD,TACULING,45010368,SP,"BARIBAR, ARCHIE (PROMDI)",257,4.35 %
REGION VI,NEGROS OCCIDENTAL,CITY OF BACOLOD,TACULING,45010368,SP,"BELARIO, 007 (IND)",13,0.22 %
REGION VI,NEGROS OCCIDENTAL,CITY OF BACOLOD,TACULING,45010368,SP,"BELORIA, TOTO CESAR (IND)",71,1.20 %
REGION VI,NEGROS OCCIDENTAL,CITY OF BACOLOD,TACULING,45010368,SP,"CONTRERAS, LR (PRP)",18,0.30 %
REGION VI,NEGROS OCCIDENTAL,CITY OF BACOLOD,TACULING,45010368,SP,"DIAZ, JONATHAN JR. (NP)",135,2.28 %
REGION VI,NEGROS OCCIDENTAL,CITY OF BACOLOD,TACULING,45010368,SP,"DISTRITO, SIMPLE (PDPLBN)",228,3.86 %
REGION VI,NEGROS OCCIDENTAL,CITY OF BACOLOD,TACULING,45010368,SP,"ESPINO, AL (NPC)",250,4.23 %
REGION VI,NEGROS OCCIDENTAL,CITY OF BACOLOD,TACULING,45010368,SP,"FLOR, CELIA (IND)",225,3.81 %
REGION VI,NEGROS OCCIDENTAL,CITY OF BACOLOD,TACULING,45010368,SP,"GICO, VIC (IND)",24,0.40 %
REGION VI,NEGROS OCCIDENTAL,CITY OF BACOLOD,TACULING,45010368,SP,"GONZALEZ, VLADI (PDPLBN)",253,4.28 %
REGION VI,NEGROS OCCIDENTAL,CITY OF BACOLOD,TACULING,45010368,SP,"GUILLEM, ED (NP)",160,2.71 %
REGION VI,NEGROS OCCIDENTAL,CITY OF BACOLOD,TACULING,45010368,SP,"HERMOSURA, BONG (IND)",27,0.45 %
REGION VI,NEGROS OCCIDENTAL,CITY OF BACOLOD,TACULING,45010368,SP,"JAUOD, JIFFY (IND)",10,0.16 %
REGION VI,NEGROS OCCIDENTAL,CITY OF BACOLOD,TACULING,45010368,SP,"LACSON, PATRICK (PDPLBN)",196,3.32 %
REGION VI,NEGROS OCCIDENTAL,CITY OF BACOLOD,TACULING,45010368,SP,"LOPEZ, CARL (NP)",243,4.11 %
REGION VI,NEGROS OCCIDENTAL,CITY OF BACOLOD,TACULING,45010368,SP,"MAYO, MARK STEVEN (NPC)",48,0.81 %
REGION VI,NEGROS OCCIDENTAL,CITY OF BACOLOD,TACULING,45010368,SP,"MONTALVO, CASH (NP)",204,3.45 %
REGION VI,NEGROS OCCIDENTAL,CITY OF BACOLOD,TACULING,45010368,SP,"NACIONALES, FERMIN (IND)",21,0.35 %
REGION VI,NEGROS OCCIDENTAL,CITY OF BACOLOD,TACULING,45010368,SP,"NOVERO, RENECITO (NP)",255,4.32 %
REGION VI,NEGROS OCCIDENTAL,CITY OF BACOLOD,TACULING,45010368,SP,"OROLA, BART (PDPLBN)",219,3.71 %
REGION VI,NEGROS OCCIDENTAL,CITY OF BACOLOD,TACULING,45010368,SP,"PADIOS, EDUARDO (PPM)",40,0.67 %
REGION VI,NEGROS OCCIDENTAL,CITY OF BACOLOD,TACULING,45010368,SP,"PUENTEVELLA, KALAW (PROMDI)",214,3.62 %
REGION VI,NEGROS OCCIDENTAL,CITY OF BACOLOD,TACULING,45010368,SP,"RAMOS, DINDO (NP)",273,4.62 %
REGION VI,NEGROS OCCIDENTAL,CITY OF BACOLOD,TACULING,45010368,SP,"ROJAS, CINDY (NP)",292,4.94 %
REGION VI,NEGROS OCCIDENTAL,CITY OF BACOLOD,TACULING,45010368,SP,"SALANGA, ISRAEL (NP)",285,4.83 %
REGION VI,NEGROS OCCIDENTAL,CITY OF BACOLOD,TACULING,45010368,SP,"SAYSON, THADDY (PDPLBN)",276,4.67 %
REGION VI,NEGROS OCCIDENTAL,CITY OF BACOLOD,TACULING,45010368,SP,"SOLIDUM, MARLON (NPC)",175,2.96 %
REGION VI,NEGROS OCCIDENTAL,CITY OF BACOLOD,TACULING,45010368,SP,"SORONGON, CHRIS (NP)",184,3.11 %
REGION VI,NEGROS OCCIDENTAL,CITY OF BACOLOD,TACULING,45010368,SP,"SY, PAO (NPC)",187,3.17 %
REGION VI,NEGROS OCCIDENTAL,CITY OF BACOLOD,TACULING,45010368,SP,"TAN, CANO GWAPO (AKSYON)",122,2.06 %
REGION VI,NEGROS OCCIDENTAL,CITY OF BACOLOD,TACULING,45010368,SP,"VERDEFLOR, SONYA (UNEGA)",178,3.01 %
REGION VI,NEGROS OCCIDENTAL,CITY OF BACOLOD,TACULING,45010368,SP,"VILLAFUERTE, RICO (IND)",43,0.72 %
REGION VI,NEGROS OCCIDENTAL,CITY OF BACOLOD,TACULING,45010368,SP,"VILLAROSA, JASON (LAKAS)",204,3.45 %
REGION VI,NEGROS OCCIDENTAL,CITY OF BACOLOD,TACULING,45010368,SP,"WEBER, CHRISTIAN (IND)",29,0.49 %
region,province,city,barangay,precinct,position,candidate,votes,percentage
REGION VI,NEGROS OCCIDENTAL,CITY OF BACOLOD,TACULING,45010369,PRESIDENT,Candidate,Votes,Percentage
REGION VI,NEGROS OCCIDENTAL,CITY OF BACOLOD,TACULING,45010369,PRESIDENT,"ABELLA, ERNIE (IND)",2,0.31 %
REGION VI,NEGROS OCCIDENTAL,CITY OF BACOLOD,TACULING,45010369,PRESIDENT,"DE GUZMAN, LEODY (PLM)",0,0.00 %
REGION VI,NEGROS OCCIDENTAL,CITY OF BACOLOD,TACULING,45010369,PRESIDENT,"DOMAGOSO, ISKO MORENO (AKSYON)",35,5.56 %
REGION VI,NEGROS OCCIDENTAL,CITY OF BACOLOD,TACULING,45010369,PRESIDENT,"GONZALES, NORBERTO (PDSP)",0,0.00 %
REGION VI,NEGROS OCCIDENTAL,CITY OF BACOLOD,TACULING,45010369,PRESIDENT,"LACSON, PING (PDR)",19,3.02 %
REGION VI,NEGROS OCCIDENTAL,CITY OF BACOLOD,TACULING,45010369,PRESIDENT,"MANGONDATO, FAISAL (KTPNAN)",0,0.00 %
REGION VI,NEGROS OCCIDENTAL,CITY OF BACOLOD,TACULING,45010369,PRESIDENT,"MARCOS, BONGBONG (PFP)",328,52.14 %
REGION VI,NEGROS OCCIDENTAL,CITY OF BACOLOD,TACULING,45010369,PRESIDENT,"MONTEMAYOR, JOSE JR. (DPP)",2,0.31 %
REGION VI,NEGROS OCCIDENTAL,CITY OF BACOLOD,TACULING,45010369,PRESIDENT,"PACQUIAO, MANNY PACMAN(PROMDI)",50,7.94 %
REGION VI,NEGROS OCCIDENTAL,CITY OF BACOLOD,TACULING,45010369,PRESIDENT,"ROBREDO, LENI (IND)",193,30.68 %
REGION VI,NEGROS OCCIDENTAL,CITY OF BACOLOD,TACULING,45010369,VICE_PRESIDENT,Candidate,Votes,Percentage
REGION VI,NEGROS OCCIDENTAL,CITY OF BACOLOD,TACULING,45010369,VICE_PRESIDENT,"ATIENZA, LITO (PROMDI)",1,0.16 %
REGION VI,NEGROS OCCIDENTAL,CITY OF BACOLOD,TACULING,45010369,VICE_PRESIDENT,"BELLO, WALDEN (PLM)",0,0.00 %
REGION VI,NEGROS OCCIDENTAL,CITY OF BACOLOD,TACULING,45010369,VICE_PRESIDENT,"DAVID, RIZALITO (DPP)",0,0.00 %
REGION VI,NEGROS OCCIDENTAL,CITY OF BACOLOD,TACULING,45010369,VICE_PRESIDENT,"DUTERTE, SARA (LAKAS)",320,51.94 %
REGION VI,NEGROS OCCIDENTAL,CITY OF BACOLOD,TACULING,45010369,VICE_PRESIDENT,"LOPEZ, MANNY SD (WPP)",0,0.00 %
REGION VI,NEGROS OCCIDENTAL,CITY OF BACOLOD,TACULING,45010369,VICE_PRESIDENT,"ONG, DOC WILLIE (AKSYON)",23,3.73 %
REGION VI,NEGROS OCCIDENTAL,CITY OF BACOLOD,TACULING,45010369,VICE_PRESIDENT,"PANGILINAN, KIKO (LP)",122,19.80 %
REGION VI,NEGROS OCCIDENTAL,CITY OF BACOLOD,TACULING,45010369,VICE_PRESIDENT,"SERAPIO, CARLOS (KTPNAN)",0,0.00 %
REGION VI,NEGROS OCCIDENTAL,CITY OF BACOLOD,TACULING,45010369,VICE_PRESIDENT,"SOTTO, VICENTE TITO (NPC)",150,24.35 %
REGION VI,NEGROS OCCIDENTAL,CITY OF BACOLOD,TACULING,45010369,SENATOR,Candidate,Votes,Percentage
REGION VI,NEGROS OCCIDENTAL,CITY OF BACOLOD,TACULING,45010369,SENATOR,"AFUANG, ABNER (IND)",14,0.24 %
REGION VI,NEGROS OCCIDENTAL,CITY OF BACOLOD,TACULING,45010369,SENATOR,"ALBANI, IBRAHIM (WPP)",9,0.15 %
REGION VI,NEGROS OCCIDENTAL,CITY OF BACOLOD,TACULING,45010369,SENATOR,"ARRANZA, MANG JESS (IND)",11,0.19 %
REGION VI,NEGROS OCCIDENTAL,CITY OF BACOLOD,TACULING,45010369,SENATOR,"BAGUILAT, TEDDY (LP)",48,0.84 %
REGION VI,NEGROS OCCIDENTAL,CITY OF BACOLOD,TACULING,45010369,SENATOR,"BAILEN, AGNES (IND)",11,0.19 %
REGION VI,NEGROS OCCIDENTAL,CITY OF BACOLOD,TACULING,45010369,SENATOR,"BALITA, CARL (AKSYON)",48,0.84 %
REGION VI,NEGROS OCCIDENTAL,CITY OF BACOLOD,TACULING,45010369,SENATOR,"BARBO, LUTZ (PDPLBN)",11,0.19 %
REGION VI,NEGROS OCCIDENTAL,CITY OF BACOLOD,TACULING,45010369,SENATOR,"BAUTISTA, HERBERT BISTEK (NPC)",172,3.01 %
REGION VI,NEGROS OCCIDENTAL,CITY OF BACOLOD,TACULING,45010369,SENATOR,"BELGICA, GRECO (PDDS)",30,0.52 %
REGION VI,NEGROS OCCIDENTAL,CITY OF BACOLOD,TACULING,45010369,SENATOR,"BELLO, SILVESTRE JR. (PDPLBN)",31,0.54 %
REGION VI,NEGROS OCCIDENTAL,CITY OF BACOLOD,TACULING,45010369,SENATOR,"BINAY, JOJO (UNA)",159,2.78 %
REGION VI,NEGROS OCCIDENTAL,CITY OF BACOLOD,TACULING,45010369,SENATOR,"CABONEGRO, ROY (PLM)",5,0.08 %
REGION VI,NEGROS OCCIDENTAL,CITY OF BACOLOD,TACULING,45010369,SENATOR,"CASTRICIONES, BRO JOHN(PDPLBN)",8,0.14 %
REGION VI,NEGROS OCCIDENTAL,CITY OF BACOLOD,TACULING,45010369,SENATOR,"CAYETANO, ALAN PETER (IND)",271,4.74 %
REGION VI,NEGROS OCCIDENTAL,CITY OF BACOLOD,TACULING,45010369,SENATOR,"CHAVEZ, MELCHOR (WPP)",26,0.45 %
REGION VI,NEGROS OCCIDENTAL,CITY OF BACOLOD,TACULING,45010369,SENATOR,"COLMENARES, NERI (MKBYN)",154,2.69 %
REGION VI,NEGROS OCCIDENTAL,CITY OF BACOLOD,TACULING,45010369,SENATOR,"D'ANGELO, DAVID (PLM)",3,0.05 %
REGION VI,NEGROS OCCIDENTAL,CITY OF BACOLOD,TACULING,45010369,SENATOR,"DE LIMA, LEILA (LP)",101,1.76 %
REGION VI,NEGROS OCCIDENTAL,CITY OF BACOLOD,TACULING,45010369,SENATOR,"DEL ROSARIO, MONSOUR (PDR)",66,1.15 %
REGION VI,NEGROS OCCIDENTAL,CITY OF BACOLOD,TACULING,45010369,SENATOR,"DIAZ, DING (PPP)",9,0.15 %
REGION VI,NEGROS OCCIDENTAL,CITY OF BACOLOD,TACULING,45010369,SENATOR,"DIOKNO, CHEL (KANP)",164,2.87 %
REGION VI,NEGROS OCCIDENTAL,CITY OF BACOLOD,TACULING,45010369,SENATOR,"EJERCITO, JV ESTRADA (NPC)",183,3.20 %
REGION VI,NEGROS OCCIDENTAL,CITY OF BACOLOD,TACULING,45010369,SENATOR,"ELEAZAR, GEN. GUILLERMO (PDR)",145,2.54 %
REGION VI,NEGROS OCCIDENTAL,CITY OF BACOLOD,TACULING,45010369,SENATOR,"EREÑO, BRO. ERNIE (PM)",5,0.08 %
REGION VI,NEGROS OCCIDENTAL,CITY OF BACOLOD,TACULING,45010369,SENATOR,"ESCUDERO, CHIZ (NPC)",256,4.48 %
REGION VI,NEGROS OCCIDENTAL,CITY OF BACOLOD,TACULING,45010369,SENATOR,"ESPIRITU, LUKE (PLM)",68,1.19 %
REGION VI,NEGROS OCCIDENTAL,CITY OF BACOLOD,TACULING,45010369,SENATOR,"ESTRADA, JINGGOY (PMP)",157,2.75 %
REGION VI,NEGROS OCCIDENTAL,CITY OF BACOLOD,TACULING,45010369,SENATOR,"FALCONE, BAL FALCON (DPP)",10,0.17 %
REGION VI,NEGROS OCCIDENTAL,CITY OF BACOLOD,TACULING,45010369,SENATOR,"GADON, LARRY (KBL)",116,2.03 %
REGION VI,NEGROS OCCIDENTAL,CITY OF BACOLOD,TACULING,45010369,SENATOR,"GATCHALIAN, WIN (NPC)",234,4.09 %
REGION VI,NEGROS OCCIDENTAL,CITY OF BACOLOD,TACULING,45010369,SENATOR,"GORDON, WOW DICK (BVNP)",155,2.71 %
REGION VI,NEGROS OCCIDENTAL,CITY OF BACOLOD,TACULING,45010369,SENATOR,"GUTOC, SAMIRA (AKSYON)",20,0.35 %
REGION VI,NEGROS OCCIDENTAL,CITY OF BACOLOD,TACULING,45010369,SENATOR,"HONASAN, GRINGO (IND)",146,2.55 %
REGION VI,NEGROS OCCIDENTAL,CITY OF BACOLOD,TACULING,45010369,SENATOR,"HONTIVEROS, RISA (AKBAYAN)",241,4.22 %
REGION VI,NEGROS OCCIDENTAL,CITY OF BACOLOD,TACULING,45010369,SENATOR,"JAVELLANA, RJ (IND)",10,0.17 %
REGION VI,NEGROS OCCIDENTAL,CITY OF BACOLOD,TACULING,45010369,SENATOR,"KIRAM, NUR-MAHAL (IND)",7,0.12 %
REGION VI,NEGROS OCCIDENTAL,CITY OF BACOLOD,TACULING,45010369,SENATOR,"LABOG, ELMER (MKBYN)",14,0.24 %
REGION VI,NEGROS OCCIDENTAL,CITY OF BACOLOD,TACULING,45010369,SENATOR,"LACSON, KUYA ALEX (KP)",89,1.55 %
REGION VI,NEGROS OCCIDENTAL,CITY OF BACOLOD,TACULING,45010369,SENATOR,"LANGIT, REY (PDPLBN)",7,0.12 %
REGION VI,NEGROS OCCIDENTAL,CITY OF BACOLOD,TACULING,45010369,SENATOR,"LEGARDA, LOREN (NPC)",309,5.41 %
REGION VI,NEGROS OCCIDENTAL,CITY OF BACOLOD,TACULING,45010369,SENATOR,"LIM, ARIEL (IND)",7,0.12 %
REGION VI,NEGROS OCCIDENTAL,CITY OF BACOLOD,TACULING,45010369,SENATOR,"MALLILLIN, EMILY (PPM)",5,0.08 %
REGION VI,NEGROS OCCIDENTAL,CITY OF BACOLOD,TACULING,45010369,SENATOR,"MARCOLETA, RODANTE (PDPLBN)",31,0.54 %
REGION VI,NEGROS OCCIDENTAL,CITY OF BACOLOD,TACULING,45010369,SENATOR,"MARCOS, FRANCIS LEO (IND)",67,1.17 %
REGION VI,NEGROS OCCIDENTAL,CITY OF BACOLOD,TACULING,45010369,SENATOR,"MATULA, SONNY (IND)",35,0.61 %
REGION VI,NEGROS OCCIDENTAL,CITY OF BACOLOD,TACULING,45010369,SENATOR,"MINDALANO-ADAM,MARIETA(KTPNAN)",6,0.10 %
REGION VI,NEGROS OCCIDENTAL,CITY OF BACOLOD,TACULING,45010369,SENATOR,"OLARTE, ATTY/DR. LEO (BIGKIS)",38,0.66 %
REGION VI,NEGROS OCCIDENTAL,CITY OF BACOLOD,TACULING,45010369,SENATOR,"PADILLA, DRA. MINGUITA (PDR)",29,0.50 %
REGION VI,NEGROS OCCIDENTAL,CITY OF BACOLOD,TACULING,45010369,SENATOR,"PADILLA, ROBIN (PDPLBN)",259,4.53 %
REGION VI,NEGROS OCCIDENTAL,CITY OF BACOLOD,TACULING,45010369,SENATOR,"PANELO, SAL PANALO (PDPLBN)",87,1.52 %
REGION VI,NEGROS OCCIDENTAL,CITY OF BACOLOD,TACULING,45010369,SENATOR,"PIMENTEL, ASTRA (PDPLBN)",55,0.96 %
REGION VI,NEGROS OCCIDENTAL,CITY OF BACOLOD,TACULING,45010369,SENATOR,"PIÑOL, MANNY (NPC)",33,0.57 %
REGION VI,NEGROS OCCIDENTAL,CITY OF BACOLOD,TACULING,45010369,SENATOR,"RICABLANCA, WILLIE JR. (PM)",14,0.24 %
REGION VI,NEGROS OCCIDENTAL,CITY OF BACOLOD,TACULING,45010369,SENATOR,"ROQUE, HARRY SPOX (PRP)",101,1.76 %
REGION VI,NEGROS OCCIDENTAL,CITY OF BACOLOD,TACULING,45010369,SENATOR,"SAHIDULLA, LADY ANNE (PDDS)",3,0.05 %
REGION VI,NEGROS OCCIDENTAL,CITY OF BACOLOD,TACULING,45010369,SENATOR,"SISON, JOPET (AKSYON)",27,0.47 %
REGION VI,NEGROS OCCIDENTAL,CITY OF BACOLOD,TACULING,45010369,SENATOR,"TEODORO, GIBO (PRP)",203,3.55 %
REGION VI,NEGROS OCCIDENTAL,CITY OF BACOLOD,TACULING,45010369,SENATOR,"TRILLANES, ANTONIO IV (LP)",126,2.20 %
REGION VI,NEGROS OCCIDENTAL,CITY OF BACOLOD,TACULING,45010369,SENATOR,"TULFO, IDOL RAFFY (IND)",308,5.39 %
REGION VI,NEGROS OCCIDENTAL,CITY OF BACOLOD,TACULING,45010369,SENATOR,"VALEROS, REY (IND)",9,0.15 %
REGION VI,NEGROS OCCIDENTAL,CITY OF BACOLOD,TACULING,45010369,SENATOR,"VILLANUEVA,JOEL TESDAMAN (IND)",190,3.32 %
REGION VI,NEGROS OCCIDENTAL,CITY OF BACOLOD,TACULING,45010369,SENATOR,"VILLAR, MARK (NP)",221,3.87 %
REGION VI,NEGROS OCCIDENTAL,CITY OF BACOLOD,TACULING,45010369,SENATOR,"ZUBIAGA, CARMEN (IND)",12,0.21 %
REGION VI,NEGROS OCCIDENTAL,CITY OF BACOLOD,TACULING,45010369,SENATOR,"ZUBIRI, MIGZ (IND)",319,5.58 %
REGION VI,NEGROS OCCIDENTAL,CITY OF BACOLOD,TACULING,45010369,PARTYLIST,Candidate,Votes,Percentage
REGION VI,NEGROS OCCIDENTAL,CITY OF BACOLOD,TACULING,45010369,PARTYLIST,01 KAMALAYAN,2,0.45 %
REGION VI,NEGROS OCCIDENTAL,CITY OF BACOLOD,TACULING,45010369,PARTYLIST,02 KM NGAYON NA,0,0.00 %
REGION VI,NEGROS OCCIDENTAL,CITY OF BACOLOD,TACULING,45010369,PARTYLIST,03 PSIS,0,0.00 %
REGION VI,NEGROS OCCIDENTAL,CITY OF BACOLOD,TACULING,45010369,PARTYLIST,04 AGAP,5,1.13 %
REGION VI,NEGROS OCCIDENTAL,CITY OF BACOLOD,TACULING,45010369,PARTYLIST,05 KABAYAN,5,1.13 %
REGION VI,NEGROS OCCIDENTAL,CITY OF BACOLOD,TACULING,45010369,PARTYLIST,06 HOME OWNER,1,0.22 %
REGION VI,NEGROS OCCIDENTAL,CITY OF BACOLOD,TACULING,45010369,PARTYLIST,07 KAPUSO-PM,0,0.00 %
REGION VI,NEGROS OCCIDENTAL,CITY OF BACOLOD,TACULING,45010369,PARTYLIST,08 PDP CARES,3,0.68 %
REGION VI,NEGROS OCCIDENTAL,CITY OF BACOLOD,TACULING,45010369,PARTYLIST,09 MARVELOUS TAYO,0,0.00 %
REGION VI,NEGROS OCCIDENTAL,CITY OF BACOLOD,TACULING,45010369,PARTYLIST,10 AKO OFW,0,0.00 %
REGION VI,NEGROS OCCIDENTAL,CITY OF BACOLOD,TACULING,45010369,PARTYLIST,11 UNITED SENIOR CITIZEN,4,0.91 %
REGION VI,NEGROS OCCIDENTAL,CITY OF BACOLOD,TACULING,45010369,PARTYLIST,12 WOW PILIPINAS,0,0.00 %
REGION VI,NEGROS OCCIDENTAL,CITY OF BACOLOD,TACULING,45010369,PARTYLIST,13 ALTERNATIBA,0,0.00 %
REGION VI,NEGROS OCCIDENTAL,CITY OF BACOLOD,TACULING,45010369,PARTYLIST,14 1-RIDER PARTYLIST,2,0.45 %
REGION VI,NEGROS OCCIDENTAL,CITY OF BACOLOD,TACULING,45010369,PARTYLIST,15 1-CARE,0,0.00 %
REGION VI,NEGROS OCCIDENTAL,CITY OF BACOLOD,TACULING,45010369,PARTYLIST,16 ABP,0,0.00 %
REGION VI,NEGROS OCCIDENTAL,CITY OF BACOLOD,TACULING,45010369,PARTYLIST,17 AKO MUSIKERO,0,0.00 %
REGION VI,NEGROS OCCIDENTAL,CITY OF BACOLOD,TACULING,45010369,PARTYLIST,18 AKO BICOL,1,0.22 %
REGION VI,NEGROS OCCIDENTAL,CITY OF BACOLOD,TACULING,45010369,PARTYLIST,19 PRAI,0,0.00 %
REGION VI,NEGROS OCCIDENTAL,CITY OF BACOLOD,TACULING,45010369,PARTYLIST,20 4PS,2,0.45 %
REGION VI,NEGROS OCCIDENTAL,CITY OF BACOLOD,TACULING,45010369,PARTYLIST,21 MAAGAP,0,0.00 %
REGION VI,NEGROS OCCIDENTAL,CITY OF BACOLOD,TACULING,45010369,PARTYLIST,22 ABANTE PILIPINAS,2,0.45 %
REGION VI,NEGROS OCCIDENTAL,CITY OF BACOLOD,TACULING,45010369,PARTYLIST,23 AKTIBONG KAAGAPAY,0,0.00 %
REGION VI,NEGROS OCCIDENTAL,CITY OF BACOLOD,TACULING,45010369,PARTYLIST,24 ALSA BISAYA,0,0.00 %
REGION VI,NEGROS OCCIDENTAL,CITY OF BACOLOD,TACULING,45010369,PARTYLIST,25 PROBINSYANO AKO,2,0.45 %
REGION VI,NEGROS OCCIDENTAL,CITY OF BACOLOD,TACULING,45010369,PARTYLIST,26 YACAP,0,0.00 %
REGION VI,NEGROS OCCIDENTAL,CITY OF BACOLOD,TACULING,45010369,PARTYLIST,27 MAGDALO,0,0.00 %
REGION VI,NEGROS OCCIDENTAL,CITY OF BACOLOD,TACULING,45010369,PARTYLIST,28 ACT-CIS,19,4.32 %
REGION VI,NEGROS OCCIDENTAL,CITY OF BACOLOD,TACULING,45010369,PARTYLIST,29 HUGPONG FEDERAL,0,0.00 %
REGION VI,NEGROS OCCIDENTAL,CITY OF BACOLOD,TACULING,45010369,PARTYLIST,30 TGP,1,0.22 %
REGION VI,NEGROS OCCIDENTAL,CITY OF BACOLOD,TACULING,45010369,PARTYLIST,31 ONE COOP,0,0.00 %
REGION VI,NEGROS OCCIDENTAL,CITY OF BACOLOD,TACULING,45010369,PARTYLIST,32 BARKADAHAN,0,0.00 %
REGION VI,NEGROS OCCIDENTAL,CITY OF BACOLOD,TACULING,45010369,PARTYLIST,33 DUMPER PTDA,0,0.00 %
REGION VI,NEGROS OCCIDENTAL,CITY OF BACOLOD,TACULING,45010369,PARTYLIST,34 MALABUNG,0,0.00 %
REGION VI,NEGROS OCCIDENTAL,CITY OF BACOLOD,TACULING,45010369,PARTYLIST,35 BH (BAGONG HENERASYON),0,0.00 %
REGION VI,NEGROS OCCIDENTAL,CITY OF BACOLOD,TACULING,45010369,PARTYLIST,36 AKMA-PTM,0,0.00 %
REGION VI,NEGROS OCCIDENTAL,CITY OF BACOLOD,TACULING,45010369,PARTYLIST,37 IPATUPAD,0,0.00 %
REGION VI,NEGROS OCCIDENTAL,CITY OF BACOLOD,TACULING,45010369,PARTYLIST,38 PINUNO,0,0.00 %
REGION VI,NEGROS OCCIDENTAL,CITY OF BACOLOD,TACULING,45010369,PARTYLIST,39 LPGMA,0,0.00 %
REGION VI,NEGROS OCCIDENTAL,CITY OF BACOLOD,TACULING,45010369,PARTYLIST,40 CLICK PARTY,0,0.00 %
REGION VI,NEGROS OCCIDENTAL,CITY OF BACOLOD,TACULING,45010369,PARTYLIST,41 TODA,0,0.00 %
REGION VI,NEGROS OCCIDENTAL,CITY OF BACOLOD,TACULING,45010369,PARTYLIST,42 BHW,1,0.22 %
REGION VI,NEGROS OCCIDENTAL,CITY OF BACOLOD,TACULING,45010369,PARTYLIST,43 MALASAKIT@BAYANIHAN,88,20.04 %
REGION VI,NEGROS OCCIDENTAL,CITY OF BACOLOD,TACULING,45010369,PARTYLIST,44 ABS,1,0.22 %
REGION VI,NEGROS OCCIDENTAL,CITY OF BACOLOD,TACULING,45010369,PARTYLIST,45 PASAHERO PARTYLIST,2,0.45 %
REGION VI,NEGROS OCCIDENTAL,CITY OF BACOLOD,TACULING,45010369,PARTYLIST,46 ANGAT,16,3.64 %
REGION VI,NEGROS OCCIDENTAL,CITY OF BACOLOD,TACULING,45010369,PARTYLIST,47 SOLID-CHANGE,1,0.22 %
REGION VI,NEGROS OCCIDENTAL,CITY OF BACOLOD,TACULING,45010369,PARTYLIST,48 BICOL SARO,0,0.00 %
REGION VI,NEGROS OCCIDENTAL,CITY OF BACOLOD,TACULING,45010369,PARTYLIST,49 OFW,3,0.68 %
REGION VI,NEGROS OCCIDENTAL,CITY OF BACOLOD,TACULING,45010369,PARTYLIST,50 ANG PROBINSIYANO,1,0.22 %
REGION VI,NEGROS OCCIDENTAL,CITY OF BACOLOD,TACULING,45010369,PARTYLIST,51 ANAKALUSUGAN,1,0.22 %
REGION VI,NEGROS OCCIDENTAL,CITY OF BACOLOD,TACULING,45010369,PARTYLIST,52 PBA,3,0.68 %
REGION VI,NEGROS OCCIDENTAL,CITY OF BACOLOD,TACULING,45010369,PARTYLIST,53 PEACE,1,0.22 %
REGION VI,NEGROS OCCIDENTAL,CITY OF BACOLOD,TACULING,45010369,PARTYLIST,54 P3PWD,19,4.32 %
REGION VI,NEGROS OCCIDENTAL,CITY OF BACOLOD,TACULING,45010369,PARTYLIST,55 S.M.I.L.E,1,0.22 %
REGION VI,NEGROS OCCIDENTAL,CITY OF BACOLOD,TACULING,45010369,PARTYLIST,56 AAMBIS-OWA,0,0.00 %
REGION VI,NEGROS OCCIDENTAL,CITY OF BACOLOD,TACULING,45010369,PARTYLIST,57 BUTIL,0,0.00 %
REGION VI,NEGROS OCCIDENTAL,CITY OF BACOLOD,TACULING,45010369,PARTYLIST,58 LUNAS,0,0.00 %
REGION VI,NEGROS OCCIDENTAL,CITY OF BACOLOD,TACULING,45010369,PARTYLIST,59 ANG KOMADRONA,0,0.00 %
REGION VI,NEGROS OCCIDENTAL,CITY OF BACOLOD,TACULING,45010369,PARTYLIST,60 KABAKA,0,0.00 %
REGION VI,NEGROS OCCIDENTAL,CITY OF BACOLOD,TACULING,45010369,PARTYLIST,61 SAGIP,1,0.22 %
REGION VI,NEGROS OCCIDENTAL,CITY OF BACOLOD,TACULING,45010369,PARTYLIST,62 ANG KABUHAYAN,0,0.00 %
REGION VI,NEGROS OCCIDENTAL,CITY OF BACOLOD,TACULING,45010369,PARTYLIST,63 AKO I.P.,0,0.00 %
REGION VI,NEGROS OCCIDENTAL,CITY OF BACOLOD,TACULING,45010369,PARTYLIST,64 PHILRECA,0,0.00 %
REGION VI,NEGROS OCCIDENTAL,CITY OF BACOLOD,TACULING,45010369,PARTYLIST,65 BABAE AKO,0,0.00 %
REGION VI,NEGROS OCCIDENTAL,CITY OF BACOLOD,TACULING,45010369,PARTYLIST,66 KB,0,0.00 %
REGION VI,NEGROS OCCIDENTAL,CITY OF BACOLOD,TACULING,45010369,PARTYLIST,67 GABRIELA,7,1.59 %
REGION VI,NEGROS OCCIDENTAL,CITY OF BACOLOD,TACULING,45010369,PARTYLIST,68 KALINGA,5,1.13 %
REGION VI,NEGROS OCCIDENTAL,CITY OF BACOLOD,TACULING,45010369,PARTYLIST,69 STL,1,0.22 %
REGION VI,NEGROS OCCIDENTAL,CITY OF BACOLOD,TACULING,45010369,PARTYLIST,70 RECOBODA,0,0.00 %
REGION VI,NEGROS OCCIDENTAL,CITY OF BACOLOD,TACULING,45010369,PARTYLIST,71 ANGAT PINOY,4,0.91 %
REGION VI,NEGROS OCCIDENTAL,CITY OF BACOLOD,TACULING,45010369,PARTYLIST,72 ANAC-IP,0,0.00 %
REGION VI,NEGROS OCCIDENTAL,CITY OF BACOLOD,TACULING,45010369,PARTYLIST,73 DIWA,0,0.00 %
REGION VI,NEGROS OCCIDENTAL,CITY OF BACOLOD,TACULING,45010369,PARTYLIST,74 ASENSO PINOY,0,0.00 %
REGION VI,NEGROS OCCIDENTAL,CITY OF BACOLOD,TACULING,45010369,PARTYLIST,75 PPP,0,0.00 %
REGION VI,NEGROS OCCIDENTAL,CITY OF BACOLOD,TACULING,45010369,PARTYLIST,76 PAMILYA MUNA,0,0.00 %
REGION VI,NEGROS OCCIDENTAL,CITY OF BACOLOD,TACULING,45010369,PARTYLIST,77 AYUDA SANDUGO,0,0.00 %
REGION VI,NEGROS OCCIDENTAL,CITY OF BACOLOD,TACULING,45010369,PARTYLIST,78 BUKLOD FILIPINO,0,0.00 %
REGION VI,NEGROS OCCIDENTAL,CITY OF BACOLOD,TACULING,45010369,PARTYLIST,79 BTS,0,0.00 %
REGION VI,NEGROS OCCIDENTAL,CITY OF BACOLOD,TACULING,45010369,PARTYLIST,80 MOCHA,0,0.00 %
REGION VI,NEGROS OCCIDENTAL,CITY OF BACOLOD,TACULING,45010369,PARTYLIST,81 ACT TEACHERS,4,0.91 %
REGION VI,NEGROS OCCIDENTAL,CITY OF BACOLOD,TACULING,45010369,PARTYLIST,82 ALONA,0,0.00 %
REGION VI,NEGROS OCCIDENTAL,CITY OF BACOLOD,TACULING,45010369,PARTYLIST,83 KABALIKAT,0,0.00 %
REGION VI,NEGROS OCCIDENTAL,CITY OF BACOLOD,TACULING,45010369,PARTYLIST,84 ALIF,0,0.00 %
REGION VI,NEGROS OCCIDENTAL,CITY OF BACOLOD,TACULING,45010369,PARTYLIST,85 1-UTAP BICOL,0,0.00 %
REGION VI,NEGROS OCCIDENTAL,CITY OF BACOLOD,TACULING,45010369,PARTYLIST,86 TINGOG,1,0.22 %
REGION VI,NEGROS OCCIDENTAL,CITY OF BACOLOD,TACULING,45010369,PARTYLIST,87 H.E.L.P. PILIPINAS,0,0.00 %
REGION VI,NEGROS OCCIDENTAL,CITY OF BACOLOD,TACULING,45010369,PARTYLIST,88 TUCP,0,0.00 %
REGION VI,NEGROS OCCIDENTAL,CITY OF BACOLOD,TACULING,45010369,PARTYLIST,89 PTA,0,0.00 %
REGION VI,NEGROS OCCIDENTAL,CITY OF BACOLOD,TACULING,45010369,PARTYLIST,90 AGIMAT,0,0.00 %
REGION VI,NEGROS OCCIDENTAL,CITY OF BACOLOD,TACULING,45010369,PARTYLIST,91 KONTRA BROWNOUT,1,0.22 %
REGION VI,NEGROS OCCIDENTAL,CITY OF BACOLOD,TACULING,45010369,PARTYLIST,92 TULUNGAN TAYO,0,0.00 %
REGION VI,NEGROS OCCIDENTAL,CITY OF BACOLOD,TACULING,45010369,PARTYLIST,93 DUTERTE YOUTH,9,2.05 %
REGION VI,NEGROS OCCIDENTAL,CITY OF BACOLOD,TACULING,45010369,PARTYLIST,94 ABEKA,0,0.00 %
REGION VI,NEGROS OCCIDENTAL,CITY OF BACOLOD,TACULING,45010369,PARTYLIST,95 KABATAAN,3,0.68 %
REGION VI,NEGROS OCCIDENTAL,CITY OF BACOLOD,TACULING,45010369,PARTYLIST,97 ACTS-OFW,0,0.00 %
REGION VI,NEGROS OCCIDENTAL,CITY OF BACOLOD,TACULING,45010369,PARTYLIST,98 RAM,2,0.45 %
REGION VI,NEGROS OCCIDENTAL,CITY OF BACOLOD,TACULING,45010369,PARTYLIST,99 USWAG ILONGGO,12,2.73 %
REGION VI,NEGROS OCCIDENTAL,CITY OF BACOLOD,TACULING,45010369,PARTYLIST,100 AKO BISAYA,1,0.22 %
REGION VI,NEGROS OCCIDENTAL,CITY OF BACOLOD,TACULING,45010369,PARTYLIST,101 KAPAMILYA,0,0.00 %
REGION VI,NEGROS OCCIDENTAL,CITY OF BACOLOD,TACULING,45010369,PARTYLIST,102 PUSONG PINOY,0,0.00 %
REGION VI,NEGROS OCCIDENTAL,CITY OF BACOLOD,TACULING,45010369,PARTYLIST,103 CWS,0,0.00 %
REGION VI,NEGROS OCCIDENTAL,CITY OF BACOLOD,TACULING,45010369,PARTYLIST,104 SILBI,0,0.00 %
REGION VI,NEGROS OCCIDENTAL,CITY OF BACOLOD,TACULING,45010369,PARTYLIST,105 CIBAC,2,0.45 %
REGION VI,NEGROS OCCIDENTAL,CITY OF BACOLOD,TACULING,45010369,PARTYLIST,106 SUBANEN,0,0.00 %
REGION VI,NEGROS OCCIDENTAL,CITY OF BACOLOD,TACULING,45010369,PARTYLIST,107 AKKK,0,0.00 %
REGION VI,NEGROS OCCIDENTAL,CITY OF BACOLOD,TACULING,45010369,PARTYLIST,108 BG PARTY-LIST,1,0.22 %
REGION VI,NEGROS OCCIDENTAL,CITY OF BACOLOD,TACULING,45010369,PARTYLIST,109 PAMILYANG MAGSASAKA,0,0.00 %
REGION VI,NEGROS OCCIDENTAL,CITY OF BACOLOD,TACULING,45010369,PARTYLIST,110 COOP NATCCO,1,0.22 %
REGION VI,NEGROS OCCIDENTAL,CITY OF BACOLOD,TACULING,45010369,PARTYLIST,111 FRONTLINERS ANG BIDA,3,0.68 %
REGION VI,NEGROS OCCIDENTAL,CITY OF BACOLOD,TACULING,45010369,PARTYLIST,112 KASAMA,0,0.00 %
REGION VI,NEGROS OCCIDENTAL,CITY OF BACOLOD,TACULING,45010369,PARTYLIST,113 AKO BISDAK,0,0.00 %
REGION VI,NEGROS OCCIDENTAL,CITY OF BACOLOD,TACULING,45010369,PARTYLIST,114 GP PARTY,1,0.22 %
REGION VI,NEGROS OCCIDENTAL,CITY OF BACOLOD,TACULING,45010369,PARTYLIST,115 BAHAY,0,0.00 %
REGION VI,NEGROS OCCIDENTAL,CITY OF BACOLOD,TACULING,45010369,PARTYLIST,116 MAGSASAKA,2,0.45 %
REGION VI,NEGROS OCCIDENTAL,CITY OF BACOLOD,TACULING,45010369,PARTYLIST,117 MARINO,1,0.22 %
REGION VI,NEGROS OCCIDENTAL,CITY OF BACOLOD,TACULING,45010369,PARTYLIST,118 UNITED FRONTLINERS,1,0.22 %
REGION VI,NEGROS OCCIDENTAL,CITY OF BACOLOD,TACULING,45010369,PARTYLIST,119 L.O.G.R.O. KUSINERO,0,0.00 %
REGION VI,NEGROS OCCIDENTAL,CITY OF BACOLOD,TACULING,45010369,PARTYLIST,120 BPO,1,0.22 %
REGION VI,NEGROS OCCIDENTAL,CITY OF BACOLOD,TACULING,45010369,PARTYLIST,121 ABANG LINGKOD,125,28.47 %
REGION VI,NEGROS OCCIDENTAL,CITY OF BACOLOD,TACULING,45010369,PARTYLIST,122 KUSUG TAUSUG,0,0.00 %
REGION VI,NEGROS OCCIDENTAL,CITY OF BACOLOD,TACULING,45010369,PARTYLIST,123 PLM,0,0.00 %
REGION VI,NEGROS OCCIDENTAL,CITY OF BACOLOD,TACULING,45010369,PARTYLIST,124 OK PARTYLIST,0,0.00 %
REGION VI,NEGROS OCCIDENTAL,CITY OF BACOLOD,TACULING,45010369,PARTYLIST,125 A TEACHER,3,0.68 %
REGION VI,NEGROS OCCIDENTAL,CITY OF BACOLOD,TACULING,45010369,PARTYLIST,126 PASADA-CC,0,0.00 %
REGION VI,NEGROS OCCIDENTAL,CITY OF BACOLOD,TACULING,45010369,PARTYLIST,127 OFW FAMILY,0,0.00 %
REGION VI,NEGROS OCCIDENTAL,CITY OF BACOLOD,TACULING,45010369,PARTYLIST,128 ANGKLA,0,0.00 %
REGION VI,NEGROS OCCIDENTAL,CITY OF BACOLOD,TACULING,45010369,PARTYLIST,129 COCOMAN,0,0.00 %
REGION VI,NEGROS OCCIDENTAL,CITY OF BACOLOD,TACULING,45010369,PARTYLIST,130 ACT AS ONE,3,0.68 %
REGION VI,NEGROS OCCIDENTAL,CITY OF BACOLOD,TACULING,45010369,PARTYLIST,131 AKO ILOCANO AKO,11,2.50 %
REGION VI,NEGROS OCCIDENTAL,CITY OF BACOLOD,TACULING,45010369,PARTYLIST,132 TRABAHO,1,0.22 %
REGION VI,NEGROS OCCIDENTAL,CITY OF BACOLOD,TACULING,45010369,PARTYLIST,133 PATROL,0,0.00 %
REGION VI,NEGROS OCCIDENTAL,CITY OF BACOLOD,TACULING,45010369,PARTYLIST,134 AKO PADAYON,0,0.00 %
REGION VI,NEGROS OCCIDENTAL,CITY OF BACOLOD,TACULING,45010369,PARTYLIST,135 ABONO,0,0.00 %
REGION VI,NEGROS OCCIDENTAL,CITY OF BACOLOD,TACULING,45010369,PARTYLIST,136 MANILA TEACHERS,2,0.45 %
REGION VI,NEGROS OCCIDENTAL,CITY OF BACOLOD,TACULING,45010369,PARTYLIST,137 KOOP-KAMPI,0,0.00 %
REGION VI,NEGROS OCCIDENTAL,CITY OF BACOLOD,TACULING,45010369,PARTYLIST,138 MAYPAGASA,0,0.00 %
REGION VI,NEGROS OCCIDENTAL,CITY OF BACOLOD,TACULING,45010369,PARTYLIST,139 PVAID,0,0.00 %
REGION VI,NEGROS OCCIDENTAL,CITY OF BACOLOD,TACULING,45010369,PARTYLIST,140 TUTOK TO WIN,2,0.45 %
REGION VI,NEGROS OCCIDENTAL,CITY OF BACOLOD,TACULING,45010369,PARTYLIST,141 BAYAN MUNA,5,1.13 %
REGION VI,NEGROS OCCIDENTAL,CITY OF BACOLOD,TACULING,45010369,PARTYLIST,142 API,1,0.22 %
REGION VI,NEGROS OCCIDENTAL,CITY OF BACOLOD,TACULING,45010369,PARTYLIST,143 ARTE,2,0.45 %
REGION VI,NEGROS OCCIDENTAL,CITY OF BACOLOD,TACULING,45010369,PARTYLIST,144 ASAP,0,0.00 %
REGION VI,NEGROS OCCIDENTAL,CITY OF BACOLOD,TACULING,45010369,PARTYLIST,145 BUNYOG,0,0.00 %
REGION VI,NEGROS OCCIDENTAL,CITY OF BACOLOD,TACULING,45010369,PARTYLIST,146 AKBAYAN,3,0.68 %
REGION VI,NEGROS OCCIDENTAL,CITY OF BACOLOD,TACULING,45010369,PARTYLIST,147 DAMAYAN,0,0.00 %
REGION VI,NEGROS OCCIDENTAL,CITY OF BACOLOD,TACULING,45010369,PARTYLIST,148 WIFI,2,0.45 %
REGION VI,NEGROS OCCIDENTAL,CITY OF BACOLOD,TACULING,45010369,PARTYLIST,149 CANCER PARTY LIST,4,0.91 %
REGION VI,NEGROS OCCIDENTAL,CITY OF BACOLOD,TACULING,45010369,PARTYLIST,150 1-ANG EDUKASYON,1,0.22 %
REGION VI,NEGROS OCCIDENTAL,CITY OF BACOLOD,TACULING,45010369,PARTYLIST,151 UFCC,0,0.00 %
REGION VI,NEGROS OCCIDENTAL,CITY OF BACOLOD,TACULING,45010369,PARTYLIST,152 AGRI,2,0.45 %
REGION VI,NEGROS OCCIDENTAL,CITY OF BACOLOD,TACULING,45010369,PARTYLIST,153 MAHARLIKA,0,0.00 %
REGION VI,NEGROS OCCIDENTAL,CITY OF BACOLOD,TACULING,45010369,PARTYLIST,154 ANAKPAWIS,0,0.00 %
REGION VI,NEGROS OCCIDENTAL,CITY OF BACOLOD,TACULING,45010369,PARTYLIST,155 1TAHANAN,0,0.00 %
REGION VI,NEGROS OCCIDENTAL,CITY OF BACOLOD,TACULING,45010369,PARTYLIST,156 TURISMO,0,0.00 %
REGION VI,NEGROS OCCIDENTAL,CITY OF BACOLOD,TACULING,45010369,PARTYLIST,157 APEC,1,0.22 %
REGION VI,NEGROS OCCIDENTAL,CITY OF BACOLOD,TACULING,45010369,PARTYLIST,158 SENIOR CITIZENS PARTYLIST,6,1.36 %
REGION VI,NEGROS OCCIDENTAL,CITY OF BACOLOD,TACULING,45010369,PARTYLIST,159 AASENSO,2,0.45 %
REGION VI,NEGROS OCCIDENTAL,CITY OF BACOLOD,TACULING,45010369,PARTYLIST,160 AMIN,0,0.00 %
REGION VI,NEGROS OCCIDENTAL,CITY OF BACOLOD,TACULING,45010369,PARTYLIST,161 1-PACMAN,5,1.13 %
REGION VI,NEGROS OCCIDENTAL,CITY OF BACOLOD,TACULING,45010369,PARTYLIST,162 ABB-NFCPI,0,0.00 %
REGION VI,NEGROS OCCIDENTAL,CITY OF BACOLOD,TACULING,45010369,PARTYLIST,163 AN WARAY,0,0.00 %
REGION VI,NEGROS OCCIDENTAL,CITY OF BACOLOD,TACULING,45010369,PARTYLIST,164 AP PARTYLIST,1,0.22 %
REGION VI,NEGROS OCCIDENTAL,CITY OF BACOLOD,TACULING,45010369,PARTYLIST,165 AKAP PINOY,0,0.00 %
REGION VI,NEGROS OCCIDENTAL,CITY OF BACOLOD,TACULING,45010369,PARTYLIST,166 BUHAY,0,0.00 %
REGION VI,NEGROS OCCIDENTAL,CITY OF BACOLOD,TACULING,45010369,PARTYLIST,167 ARISE,0,0.00 %
REGION VI,NEGROS OCCIDENTAL,CITY OF BACOLOD,TACULING,45010369,PARTYLIST,168 IWI,0,0.00 %
REGION VI,NEGROS OCCIDENTAL,CITY OF BACOLOD,TACULING,45010369,PARTYLIST,169 ANG TINIG NG SENIORS,2,0.45 %
REGION VI,NEGROS OCCIDENTAL,CITY OF BACOLOD,TACULING,45010369,PARTYLIST,170 LBP,0,0.00 %
REGION VI,NEGROS OCCIDENTAL,CITY OF BACOLOD,TACULING,45010369,PARTYLIST,171 IPEACE EPANAW,0,0.00 %
REGION VI,NEGROS OCCIDENTAL,CITY OF BACOLOD,TACULING,45010369,PARTYLIST,172 APAT-DAPAT,0,0.00 %
REGION VI,NEGROS OCCIDENTAL,CITY OF BACOLOD,TACULING,45010369,PARTYLIST,173 UMA ILONGGO,2,0.45 %
REGION VI,NEGROS OCCIDENTAL,CITY OF BACOLOD,TACULING,45010369,PARTYLIST,174 AYUDA,0,0.00 %
REGION VI,NEGROS OCCIDENTAL,CITY OF BACOLOD,TACULING,45010369,PARTYLIST,175 SAMBAYANAN,0,0.00 %
REGION VI,NEGROS OCCIDENTAL,CITY OF BACOLOD,TACULING,45010369,PARTYLIST,176 AKO BREEDER,1,0.22 %
REGION VI,NEGROS OCCIDENTAL,CITY OF BACOLOD,TACULING,45010369,PARTYLIST,177 FPJ,1,0.22 %
REGION VI,NEGROS OCCIDENTAL,CITY OF BACOLOD,TACULING,45010369,PARTYLIST,178 LIBRO,0,0.00 %
REGION VI,NEGROS OCCIDENTAL,CITY OF BACOLOD,TACULING,45010369,REP,Candidate,Votes,Percentage
REGION VI,NEGROS OCCIDENTAL,CITY OF BACOLOD,TACULING,45010369,REP,"ATAYDE, DAN (IND)",234,38.67 %
REGION VI,NEGROS OCCIDENTAL,CITY OF BACOLOD,TACULING,45010369,REP,"DAVID, WILLY (IND)",1,0.16 %
REGION VI,NEGROS OCCIDENTAL,CITY OF BACOLOD,TACULING,45010369,REP,"GASATAYA, GREG (NPC)",364,60.16 %
REGION VI,NEGROS OCCIDENTAL,CITY OF BACOLOD,TACULING,45010369,REP,"GUSTILO, ROMY (IND)",3,0.49 %
REGION VI,NEGROS OCCIDENTAL,CITY OF BACOLOD,TACULING,45010369,REP,"SAN MIGUEL, NONONG (PDDS)",3,0.49 %
REGION VI,NEGROS OCCIDENTAL,CITY OF BACOLOD,TACULING,45010369,MAYOR,Candidate,Votes,Percentage
REGION VI,NEGROS OCCIDENTAL,CITY OF BACOLOD,TACULING,45010369,MAYOR,"BENITEZ, ALBEE (PDPLBN)",319,49.76 %
REGION VI,NEGROS OCCIDENTAL,CITY OF BACOLOD,TACULING,45010369,MAYOR,"LEONARDIA, BING (NP)",322,50.23 %
REGION VI,NEGROS OCCIDENTAL,CITY OF BACOLOD,TACULING,45010369,VICE_MAYOR,Candidate,Votes,Percentage
REGION VI,NEGROS OCCIDENTAL,CITY OF BACOLOD,TACULING,45010369,VICE_MAYOR,"DISTRITO, CAESAR (PDPLBN)",174,29.00 %
REGION VI,NEGROS OCCIDENTAL,CITY OF BACOLOD,TACULING,45010369,VICE_MAYOR,"FAMILIARAN, EL CID (NP)",323,53.83 %
REGION VI,NEGROS OCCIDENTAL,CITY OF BACOLOD,TACULING,45010369,VICE_MAYOR,"GAMBOA, WILSON JR. (IND)",103,17.16 %
REGION VI,NEGROS OCCIDENTAL,CITY OF BACOLOD,TACULING,45010369,SP,Candidate,Votes,Percentage
REGION VI,NEGROS OCCIDENTAL,CITY OF BACOLOD,TACULING,45010369,SP,"ANG, EM (NP)",327,5.31 %
REGION VI,NEGROS OCCIDENTAL,CITY OF BACOLOD,TACULING,45010369,SP,"ARROYO, ALAN (IND)",35,0.56 %
REGION VI,NEGROS OCCIDENTAL,CITY OF BACOLOD,TACULING,45010369,SP,"AUJERO, JORGE THE WISE (IND)",13,0.21 %
REGION VI,NEGROS OCCIDENTAL,CITY OF BACOLOD,TACULING,45010369,SP,"BAIS, HOMER (PDPLBN)",193,3.13 %
REGION VI,NEGROS OCCIDENTAL,CITY OF BACOLOD,TACULING,45010369,SP,"BARIBAR, ARCHIE (PROMDI)",294,4.78 %
REGION VI,NEGROS OCCIDENTAL,CITY OF BACOLOD,TACULING,45010369,SP,"BELARIO, 007 (IND)",8,0.13 %
REGION VI,NEGROS OCCIDENTAL,CITY OF BACOLOD,TACULING,45010369,SP,"BELORIA, TOTO CESAR (IND)",73,1.18 %
REGION VI,NEGROS OCCIDENTAL,CITY OF BACOLOD,TACULING,45010369,SP,"CONTRERAS, LR (PRP)",19,0.30 %
REGION VI,NEGROS OCCIDENTAL,CITY OF BACOLOD,TACULING,45010369,SP,"DIAZ, JONATHAN JR. (NP)",166,2.70 %
REGION VI,NEGROS OCCIDENTAL,CITY OF BACOLOD,TACULING,45010369,SP,"DISTRITO, SIMPLE (PDPLBN)",202,3.28 %
REGION VI,NEGROS OCCIDENTAL,CITY OF BACOLOD,TACULING,45010369,SP,"ESPINO, AL (NPC)",209,3.39 %
REGION VI,NEGROS OCCIDENTAL,CITY OF BACOLOD,TACULING,45010369,SP,"FLOR, CELIA (IND)",204,3.31 %
REGION VI,NEGROS OCCIDENTAL,CITY OF BACOLOD,TACULING,45010369,SP,"GICO, VIC (IND)",12,0.19 %
REGION VI,NEGROS OCCIDENTAL,CITY OF BACOLOD,TACULING,45010369,SP,"GONZALEZ, VLADI (PDPLBN)",235,3.82 %
REGION VI,NEGROS OCCIDENTAL,CITY OF BACOLOD,TACULING,45010369,SP,"GUILLEM, ED (NP)",205,3.33 %
REGION VI,NEGROS OCCIDENTAL,CITY OF BACOLOD,TACULING,45010369,SP,"HERMOSURA, BONG (IND)",31,0.50 %
REGION VI,NEGROS OCCIDENTAL,CITY OF BACOLOD,TACULING,45010369,SP,"JAUOD, JIFFY (IND)",15,0.24 %
REGION VI,NEGROS OCCIDENTAL,CITY OF BACOLOD,TACULING,45010369,SP,"LACSON, PATRICK (PDPLBN)",182,2.96 %
REGION VI,NEGROS OCCIDENTAL,CITY OF BACOLOD,TACULING,45010369,SP,"LOPEZ, CARL (NP)",261,4.24 %
REGION VI,NEGROS OCCIDENTAL,CITY OF BACOLOD,TACULING,45010369,SP,"MAYO, MARK STEVEN (NPC)",36,0.58 %
REGION VI,NEGROS OCCIDENTAL,CITY OF BACOLOD,TACULING,45010369,SP,"MONTALVO, CASH (NP)",218,3.54 %
REGION VI,NEGROS OCCIDENTAL,CITY OF BACOLOD,TACULING,45010369,SP,"NACIONALES, FERMIN (IND)",13,0.21 %
REGION VI,NEGROS OCCIDENTAL,CITY OF BACOLOD,TACULING,45010369,SP,"NOVERO, RENECITO (NP)",303,4.92 %
REGION VI,NEGROS OCCIDENTAL,CITY OF BACOLOD,TACULING,45010369,SP,"OROLA, BART (PDPLBN)",193,3.13 %
REGION VI,NEGROS OCCIDENTAL,CITY OF BACOLOD,TACULING,45010369,SP,"PADIOS, EDUARDO (PPM)",39,0.63 %
REGION VI,NEGROS OCCIDENTAL,CITY OF BACOLOD,TACULING,45010369,SP,"PUENTEVELLA, KALAW (PROMDI)",221,3.59 %
REGION VI,NEGROS OCCIDENTAL,CITY OF BACOLOD,TACULING,45010369,SP,"RAMOS, DINDO (NP)",288,4.68 %
REGION VI,NEGROS OCCIDENTAL,CITY OF BACOLOD,TACULING,45010369,SP,"ROJAS, CINDY (NP)",327,5.31 %
REGION VI,NEGROS OCCIDENTAL,CITY OF BACOLOD,TACULING,45010369,SP,"SALANGA, ISRAEL (NP)",329,5.35 %
REGION VI,NEGROS OCCIDENTAL,CITY OF BACOLOD,TACULING,45010369,SP,"SAYSON, THADDY (PDPLBN)",262,4.26 %
REGION VI,NEGROS OCCIDENTAL,CITY OF BACOLOD,TACULING,45010369,SP,"SOLIDUM, MARLON (NPC)",221,3.59 %
REGION VI,NEGROS OCCIDENTAL,CITY OF BACOLOD,TACULING,45010369,SP,"SORONGON, CHRIS (NP)",243,3.95 %
REGION VI,NEGROS OCCIDENTAL,CITY OF BACOLOD,TACULING,45010369,SP,"SY, PAO (NPC)",203,3.30 %
REGION VI,NEGROS OCCIDENTAL,CITY OF BACOLOD,TACULING,45010369,SP,"TAN, CANO GWAPO (AKSYON)",120,1.95 %
REGION VI,NEGROS OCCIDENTAL,CITY OF BACOLOD,TACULING,45010369,SP,"VERDEFLOR, SONYA (UNEGA)",175,2.84 %
REGION VI,NEGROS OCCIDENTAL,CITY OF BACOLOD,TACULING,45010369,SP,"VILLAFUERTE, RICO (IND)",38,0.61 %
REGION VI,NEGROS OCCIDENTAL,CITY OF BACOLOD,TACULING,45010369,SP,"VILLAROSA, JASON (LAKAS)",202,3.28 %
REGION VI,NEGROS OCCIDENTAL,CITY OF BACOLOD,TACULING,45010369,SP,"WEBER, CHRISTIAN (IND)",33,0.53 %
region,province,city,barangay,precinct,position,candidate,votes,percentage
REGION VI,NEGROS OCCIDENTAL,CITY OF BACOLOD,TACULING,45010370,PRESIDENT,Candidate,Votes,Percentage
REGION VI,NEGROS OCCIDENTAL,CITY OF BACOLOD,TACULING,45010370,PRESIDENT,"ABELLA, ERNIE (IND)",2,0.29 %
REGION VI,NEGROS OCCIDENTAL,CITY OF BACOLOD,TACULING,45010370,PRESIDENT,"DE GUZMAN, LEODY (PLM)",3,0.43 %
REGION VI,NEGROS OCCIDENTAL,CITY OF BACOLOD,TACULING,45010370,PRESIDENT,"DOMAGOSO, ISKO MORENO (AKSYON)",25,3.63 %
REGION VI,NEGROS OCCIDENTAL,CITY OF BACOLOD,TACULING,45010370,PRESIDENT,"GONZALES, NORBERTO (PDSP)",1,0.14 %
REGION VI,NEGROS OCCIDENTAL,CITY OF BACOLOD,TACULING,45010370,PRESIDENT,"LACSON, PING (PDR)",17,2.47 %
REGION VI,NEGROS OCCIDENTAL,CITY OF BACOLOD,TACULING,45010370,PRESIDENT,"MANGONDATO, FAISAL (KTPNAN)",0,0.00 %
REGION VI,NEGROS OCCIDENTAL,CITY OF BACOLOD,TACULING,45010370,PRESIDENT,"MARCOS, BONGBONG (PFP)",270,39.24 %
REGION VI,NEGROS OCCIDENTAL,CITY OF BACOLOD,TACULING,45010370,PRESIDENT,"MONTEMAYOR, JOSE JR. (DPP)",0,0.00 %
REGION VI,NEGROS OCCIDENTAL,CITY OF BACOLOD,TACULING,45010370,PRESIDENT,"PACQUIAO, MANNY PACMAN(PROMDI)",30,4.36 %
REGION VI,NEGROS OCCIDENTAL,CITY OF BACOLOD,TACULING,45010370,PRESIDENT,"ROBREDO, LENI (IND)",340,49.41 %
REGION VI,NEGROS OCCIDENTAL,CITY OF BACOLOD,TACULING,45010370,VICE_PRESIDENT,Candidate,Votes,Percentage
REGION VI,NEGROS OCCIDENTAL,CITY OF BACOLOD,TACULING,45010370,VICE_PRESIDENT,"ATIENZA, LITO (PROMDI)",5,0.73 %
REGION VI,NEGROS OCCIDENTAL,CITY OF BACOLOD,TACULING,45010370,VICE_PRESIDENT,"BELLO, WALDEN (PLM)",4,0.59 %
REGION VI,NEGROS OCCIDENTAL,CITY OF BACOLOD,TACULING,45010370,VICE_PRESIDENT,"DAVID, RIZALITO (DPP)",1,0.14 %
REGION VI,NEGROS OCCIDENTAL,CITY OF BACOLOD,TACULING,45010370,VICE_PRESIDENT,"DUTERTE, SARA (LAKAS)",255,37.72 %
REGION VI,NEGROS OCCIDENTAL,CITY OF BACOLOD,TACULING,45010370,VICE_PRESIDENT,"LOPEZ, MANNY SD (WPP)",0,0.00 %
REGION VI,NEGROS OCCIDENTAL,CITY OF BACOLOD,TACULING,45010370,VICE_PRESIDENT,"ONG, DOC WILLIE (AKSYON)",31,4.58 %
REGION VI,NEGROS OCCIDENTAL,CITY OF BACOLOD,TACULING,45010370,VICE_PRESIDENT,"PANGILINAN, KIKO (LP)",236,34.91 %
REGION VI,NEGROS OCCIDENTAL,CITY OF BACOLOD,TACULING,45010370,VICE_PRESIDENT,"SERAPIO, CARLOS (KTPNAN)",0,0.00 %
REGION VI,NEGROS OCCIDENTAL,CITY OF BACOLOD,TACULING,45010370,VICE_PRESIDENT,"SOTTO, VICENTE TITO (NPC)",144,21.30 %
REGION VI,NEGROS OCCIDENTAL,CITY OF BACOLOD,TACULING,45010370,SENATOR,Candidate,Votes,Percentage
REGION VI,NEGROS OCCIDENTAL,CITY OF BACOLOD,TACULING,45010370,SENATOR,"AFUANG, ABNER (IND)",11,0.16 %
REGION VI,NEGROS OCCIDENTAL,CITY OF BACOLOD,TACULING,45010370,SENATOR,"ALBANI, IBRAHIM (WPP)",8,0.12 %
REGION VI,NEGROS OCCIDENTAL,CITY OF BACOLOD,TACULING,45010370,SENATOR,"ARRANZA, MANG JESS (IND)",6,0.09 %
REGION VI,NEGROS OCCIDENTAL,CITY OF BACOLOD,TACULING,45010370,SENATOR,"BAGUILAT, TEDDY (LP)",105,1.60 %
REGION VI,NEGROS OCCIDENTAL,CITY OF BACOLOD,TACULING,45010370,SENATOR,"BAILEN, AGNES (IND)",6,0.09 %
REGION VI,NEGROS OCCIDENTAL,CITY OF BACOLOD,TACULING,45010370,SENATOR,"BALITA, CARL (AKSYON)",52,0.79 %
REGION VI,NEGROS OCCIDENTAL,CITY OF BACOLOD,TACULING,45010370,SENATOR,"BARBO, LUTZ (PDPLBN)",5,0.07 %
REGION VI,NEGROS OCCIDENTAL,CITY OF BACOLOD,TACULING,45010370,SENATOR,"BAUTISTA, HERBERT BISTEK (NPC)",158,2.41 %
REGION VI,NEGROS OCCIDENTAL,CITY OF BACOLOD,TACULING,45010370,SENATOR,"BELGICA, GRECO (PDDS)",31,0.47 %
REGION VI,NEGROS OCCIDENTAL,CITY OF BACOLOD,TACULING,45010370,SENATOR,"BELLO, SILVESTRE JR. (PDPLBN)",22,0.33 %
REGION VI,NEGROS OCCIDENTAL,CITY OF BACOLOD,TACULING,45010370,SENATOR,"BINAY, JOJO (UNA)",118,1.80 %
REGION VI,NEGROS OCCIDENTAL,CITY OF BACOLOD,TACULING,45010370,SENATOR,"CABONEGRO, ROY (PLM)",12,0.18 %
REGION VI,NEGROS OCCIDENTAL,CITY OF BACOLOD,TACULING,45010370,SENATOR,"CASTRICIONES, BRO JOHN(PDPLBN)",4,0.06 %
REGION VI,NEGROS OCCIDENTAL,CITY OF BACOLOD,TACULING,45010370,SENATOR,"CAYETANO, ALAN PETER (IND)",260,3.97 %
REGION VI,NEGROS OCCIDENTAL,CITY OF BACOLOD,TACULING,45010370,SENATOR,"CHAVEZ, MELCHOR (WPP)",24,0.36 %
REGION VI,NEGROS OCCIDENTAL,CITY OF BACOLOD,TACULING,45010370,SENATOR,"COLMENARES, NERI (MKBYN)",243,3.71 %
REGION VI,NEGROS OCCIDENTAL,CITY OF BACOLOD,TACULING,45010370,SENATOR,"D'ANGELO, DAVID (PLM)",8,0.12 %
REGION VI,NEGROS OCCIDENTAL,CITY OF BACOLOD,TACULING,45010370,SENATOR,"DE LIMA, LEILA (LP)",185,2.82 %
REGION VI,NEGROS OCCIDENTAL,CITY OF BACOLOD,TACULING,45010370,SENATOR,"DEL ROSARIO, MONSOUR (PDR)",83,1.26 %
REGION VI,NEGROS OCCIDENTAL,CITY OF BACOLOD,TACULING,45010370,SENATOR,"DIAZ, DING (PPP)",10,0.15 %
REGION VI,NEGROS OCCIDENTAL,CITY OF BACOLOD,TACULING,45010370,SENATOR,"DIOKNO, CHEL (KANP)",267,4.08 %
REGION VI,NEGROS OCCIDENTAL,CITY OF BACOLOD,TACULING,45010370,SENATOR,"EJERCITO, JV ESTRADA (NPC)",181,2.76 %
REGION VI,NEGROS OCCIDENTAL,CITY OF BACOLOD,TACULING,45010370,SENATOR,"ELEAZAR, GEN. GUILLERMO (PDR)",175,2.67 %
REGION VI,NEGROS OCCIDENTAL,CITY OF BACOLOD,TACULING,45010370,SENATOR,"EREÑO, BRO. ERNIE (PM)",5,0.07 %
REGION VI,NEGROS OCCIDENTAL,CITY OF BACOLOD,TACULING,45010370,SENATOR,"ESCUDERO, CHIZ (NPC)",311,4.75 %
REGION VI,NEGROS OCCIDENTAL,CITY OF BACOLOD,TACULING,45010370,SENATOR,"ESPIRITU, LUKE (PLM)",129,1.97 %
REGION VI,NEGROS OCCIDENTAL,CITY OF BACOLOD,TACULING,45010370,SENATOR,"ESTRADA, JINGGOY (PMP)",123,1.87 %
REGION VI,NEGROS OCCIDENTAL,CITY OF BACOLOD,TACULING,45010370,SENATOR,"FALCONE, BAL FALCON (DPP)",7,0.10 %
REGION VI,NEGROS OCCIDENTAL,CITY OF BACOLOD,TACULING,45010370,SENATOR,"GADON, LARRY (KBL)",113,1.72 %
REGION VI,NEGROS OCCIDENTAL,CITY OF BACOLOD,TACULING,45010370,SENATOR,"GATCHALIAN, WIN (NPC)",266,4.06 %
REGION VI,NEGROS OCCIDENTAL,CITY OF BACOLOD,TACULING,45010370,SENATOR,"GORDON, WOW DICK (BVNP)",221,3.37 %
REGION VI,NEGROS OCCIDENTAL,CITY OF BACOLOD,TACULING,45010370,SENATOR,"GUTOC, SAMIRA (AKSYON)",27,0.41 %
REGION VI,NEGROS OCCIDENTAL,CITY OF BACOLOD,TACULING,45010370,SENATOR,"HONASAN, GRINGO (IND)",135,2.06 %
REGION VI,NEGROS OCCIDENTAL,CITY OF BACOLOD,TACULING,45010370,SENATOR,"HONTIVEROS, RISA (AKBAYAN)",339,5.18 %
REGION VI,NEGROS OCCIDENTAL,CITY OF BACOLOD,TACULING,45010370,SENATOR,"JAVELLANA, RJ (IND)",14,0.21 %
REGION VI,NEGROS OCCIDENTAL,CITY OF BACOLOD,TACULING,45010370,SENATOR,"KIRAM, NUR-MAHAL (IND)",8,0.12 %
REGION VI,NEGROS OCCIDENTAL,CITY OF BACOLOD,TACULING,45010370,SENATOR,"LABOG, ELMER (MKBYN)",30,0.45 %
REGION VI,NEGROS OCCIDENTAL,CITY OF BACOLOD,TACULING,45010370,SENATOR,"LACSON, KUYA ALEX (KP)",182,2.78 %
REGION VI,NEGROS OCCIDENTAL,CITY OF BACOLOD,TACULING,45010370,SENATOR,"LANGIT, REY (PDPLBN)",13,0.19 %
REGION VI,NEGROS OCCIDENTAL,CITY OF BACOLOD,TACULING,45010370,SENATOR,"LEGARDA, LOREN (NPC)",334,5.10 %
REGION VI,NEGROS OCCIDENTAL,CITY OF BACOLOD,TACULING,45010370,SENATOR,"LIM, ARIEL (IND)",4,0.06 %
REGION VI,NEGROS OCCIDENTAL,CITY OF BACOLOD,TACULING,45010370,SENATOR,"MALLILLIN, EMILY (PPM)",6,0.09 %
REGION VI,NEGROS OCCIDENTAL,CITY OF BACOLOD,TACULING,45010370,SENATOR,"MARCOLETA, RODANTE (PDPLBN)",40,0.61 %
REGION VI,NEGROS OCCIDENTAL,CITY OF BACOLOD,TACULING,45010370,SENATOR,"MARCOS, FRANCIS LEO (IND)",42,0.64 %
REGION VI,NEGROS OCCIDENTAL,CITY OF BACOLOD,TACULING,45010370,SENATOR,"MATULA, SONNY (IND)",72,1.10 %
REGION VI,NEGROS OCCIDENTAL,CITY OF BACOLOD,TACULING,45010370,SENATOR,"MINDALANO-ADAM,MARIETA(KTPNAN)",4,0.06 %
REGION VI,NEGROS OCCIDENTAL,CITY OF BACOLOD,TACULING,45010370,SENATOR,"OLARTE, ATTY/DR. LEO (BIGKIS)",8,0.12 %
REGION VI,NEGROS OCCIDENTAL,CITY OF BACOLOD,TACULING,45010370,SENATOR,"PADILLA, DRA. MINGUITA (PDR)",58,0.88 %
REGION VI,NEGROS OCCIDENTAL,CITY OF BACOLOD,TACULING,45010370,SENATOR,"PADILLA, ROBIN (PDPLBN)",216,3.30 %
REGION VI,NEGROS OCCIDENTAL,CITY OF BACOLOD,TACULING,45010370,SENATOR,"PANELO, SAL PANALO (PDPLBN)",67,1.02 %
REGION VI,NEGROS OCCIDENTAL,CITY OF BACOLOD,TACULING,45010370,SENATOR,"PIMENTEL, ASTRA (PDPLBN)",41,0.62 %
REGION VI,NEGROS OCCIDENTAL,CITY OF BACOLOD,TACULING,45010370,SENATOR,"PIÑOL, MANNY (NPC)",42,0.64 %
REGION VI,NEGROS OCCIDENTAL,CITY OF BACOLOD,TACULING,45010370,SENATOR,"RICABLANCA, WILLIE JR. (PM)",7,0.10 %
REGION VI,NEGROS OCCIDENTAL,CITY OF BACOLOD,TACULING,45010370,SENATOR,"ROQUE, HARRY SPOX (PRP)",97,1.48 %
REGION VI,NEGROS OCCIDENTAL,CITY OF BACOLOD,TACULING,45010370,SENATOR,"SAHIDULLA, LADY ANNE (PDDS)",6,0.09 %
REGION VI,NEGROS OCCIDENTAL,CITY OF BACOLOD,TACULING,45010370,SENATOR,"SISON, JOPET (AKSYON)",28,0.42 %
REGION VI,NEGROS OCCIDENTAL,CITY OF BACOLOD,TACULING,45010370,SENATOR,"TEODORO, GIBO (PRP)",243,3.71 %
REGION VI,NEGROS OCCIDENTAL,CITY OF BACOLOD,TACULING,45010370,SENATOR,"TRILLANES, ANTONIO IV (LP)",198,3.02 %
REGION VI,NEGROS OCCIDENTAL,CITY OF BACOLOD,TACULING,45010370,SENATOR,"TULFO, IDOL RAFFY (IND)",305,4.66 %
REGION VI,NEGROS OCCIDENTAL,CITY OF BACOLOD,TACULING,45010370,SENATOR,"VALEROS, REY (IND)",6,0.09 %
REGION VI,NEGROS OCCIDENTAL,CITY OF BACOLOD,TACULING,45010370,SENATOR,"VILLANUEVA,JOEL TESDAMAN (IND)",240,3.66 %
REGION VI,NEGROS OCCIDENTAL,CITY OF BACOLOD,TACULING,45010370,SENATOR,"VILLAR, MARK (NP)",207,3.16 %
REGION VI,NEGROS OCCIDENTAL,CITY OF BACOLOD,TACULING,45010370,SENATOR,"ZUBIAGA, CARMEN (IND)",31,0.47 %
REGION VI,NEGROS OCCIDENTAL,CITY OF BACOLOD,TACULING,45010370,SENATOR,"ZUBIRI, MIGZ (IND)",344,5.25 %
REGION VI,NEGROS OCCIDENTAL,CITY OF BACOLOD,TACULING,45010370,PARTYLIST,Candidate,Votes,Percentage
REGION VI,NEGROS OCCIDENTAL,CITY OF BACOLOD,TACULING,45010370,PARTYLIST,01 KAMALAYAN,1,0.17 %
REGION VI,NEGROS OCCIDENTAL,CITY OF BACOLOD,TACULING,45010370,PARTYLIST,02 KM NGAYON NA,0,0.00 %
REGION VI,NEGROS OCCIDENTAL,CITY OF BACOLOD,TACULING,45010370,PARTYLIST,03 PSIS,0,0.00 %
REGION VI,NEGROS OCCIDENTAL,CITY OF BACOLOD,TACULING,45010370,PARTYLIST,04 AGAP,4,0.70 %
REGION VI,NEGROS OCCIDENTAL,CITY OF BACOLOD,TACULING,45010370,PARTYLIST,05 KABAYAN,1,0.17 %
REGION VI,NEGROS OCCIDENTAL,CITY OF BACOLOD,TACULING,45010370,PARTYLIST,06 HOME OWNER,1,0.17 %
REGION VI,NEGROS OCCIDENTAL,CITY OF BACOLOD,TACULING,45010370,PARTYLIST,07 KAPUSO-PM,0,0.00 %
REGION VI,NEGROS OCCIDENTAL,CITY OF BACOLOD,TACULING,45010370,PARTYLIST,08 PDP CARES,1,0.17 %
REGION VI,NEGROS OCCIDENTAL,CITY OF BACOLOD,TACULING,45010370,PARTYLIST,09 MARVELOUS TAYO,0,0.00 %
REGION VI,NEGROS OCCIDENTAL,CITY OF BACOLOD,TACULING,45010370,PARTYLIST,10 AKO OFW,2,0.35 %
REGION VI,NEGROS OCCIDENTAL,CITY OF BACOLOD,TACULING,45010370,PARTYLIST,11 UNITED SENIOR CITIZEN,8,1.40 %
REGION VI,NEGROS OCCIDENTAL,CITY OF BACOLOD,TACULING,45010370,PARTYLIST,12 WOW PILIPINAS,0,0.00 %
REGION VI,NEGROS OCCIDENTAL,CITY OF BACOLOD,TACULING,45010370,PARTYLIST,13 ALTERNATIBA,0,0.00 %
REGION VI,NEGROS OCCIDENTAL,CITY OF BACOLOD,TACULING,45010370,PARTYLIST,14 1-RIDER PARTYLIST,11,1.92 %
REGION VI,NEGROS OCCIDENTAL,CITY OF BACOLOD,TACULING,45010370,PARTYLIST,15 1-CARE,0,0.00 %
REGION VI,NEGROS OCCIDENTAL,CITY OF BACOLOD,TACULING,45010370,PARTYLIST,16 ABP,1,0.17 %
REGION VI,NEGROS OCCIDENTAL,CITY OF BACOLOD,TACULING,45010370,PARTYLIST,17 AKO MUSIKERO,1,0.17 %
REGION VI,NEGROS OCCIDENTAL,CITY OF BACOLOD,TACULING,45010370,PARTYLIST,18 AKO BICOL,1,0.17 %
REGION VI,NEGROS OCCIDENTAL,CITY OF BACOLOD,TACULING,45010370,PARTYLIST,19 PRAI,1,0.17 %
REGION VI,NEGROS OCCIDENTAL,CITY OF BACOLOD,TACULING,45010370,PARTYLIST,20 4PS,3,0.52 %
REGION VI,NEGROS OCCIDENTAL,CITY OF BACOLOD,TACULING,45010370,PARTYLIST,21 MAAGAP,0,0.00 %
REGION VI,NEGROS OCCIDENTAL,CITY OF BACOLOD,TACULING,45010370,PARTYLIST,22 ABANTE PILIPINAS,0,0.00 %
REGION VI,NEGROS OCCIDENTAL,CITY OF BACOLOD,TACULING,45010370,PARTYLIST,23 AKTIBONG KAAGAPAY,0,0.00 %
REGION VI,NEGROS OCCIDENTAL,CITY OF BACOLOD,TACULING,45010370,PARTYLIST,24 ALSA BISAYA,0,0.00 %
REGION VI,NEGROS OCCIDENTAL,CITY OF BACOLOD,TACULING,45010370,PARTYLIST,25 PROBINSYANO AKO,0,0.00 %
REGION VI,NEGROS OCCIDENTAL,CITY OF BACOLOD,TACULING,45010370,PARTYLIST,26 YACAP,2,0.35 %
REGION VI,NEGROS OCCIDENTAL,CITY OF BACOLOD,TACULING,45010370,PARTYLIST,27 MAGDALO,5,0.87 %
REGION VI,NEGROS OCCIDENTAL,CITY OF BACOLOD,TACULING,45010370,PARTYLIST,28 ACT-CIS,18,3.15 %
REGION VI,NEGROS OCCIDENTAL,CITY OF BACOLOD,TACULING,45010370,PARTYLIST,29 HUGPONG FEDERAL,1,0.17 %
REGION VI,NEGROS OCCIDENTAL,CITY OF BACOLOD,TACULING,45010370,PARTYLIST,30 TGP,0,0.00 %
REGION VI,NEGROS OCCIDENTAL,CITY OF BACOLOD,TACULING,45010370,PARTYLIST,31 ONE COOP,0,0.00 %
REGION VI,NEGROS OCCIDENTAL,CITY OF BACOLOD,TACULING,45010370,PARTYLIST,32 BARKADAHAN,1,0.17 %
REGION VI,NEGROS OCCIDENTAL,CITY OF BACOLOD,TACULING,45010370,PARTYLIST,33 DUMPER PTDA,0,0.00 %
REGION VI,NEGROS OCCIDENTAL,CITY OF BACOLOD,TACULING,45010370,PARTYLIST,34 MALABUNG,0,0.00 %
REGION VI,NEGROS OCCIDENTAL,CITY OF BACOLOD,TACULING,45010370,PARTYLIST,35 BH (BAGONG HENERASYON),0,0.00 %
REGION VI,NEGROS OCCIDENTAL,CITY OF BACOLOD,TACULING,45010370,PARTYLIST,36 AKMA-PTM,0,0.00 %
REGION VI,NEGROS OCCIDENTAL,CITY OF BACOLOD,TACULING,45010370,PARTYLIST,37 IPATUPAD,0,0.00 %
REGION VI,NEGROS OCCIDENTAL,CITY OF BACOLOD,TACULING,45010370,PARTYLIST,38 PINUNO,2,0.35 %
REGION VI,NEGROS OCCIDENTAL,CITY OF BACOLOD,TACULING,45010370,PARTYLIST,39 LPGMA,0,0.00 %
REGION VI,NEGROS OCCIDENTAL,CITY OF BACOLOD,TACULING,45010370,PARTYLIST,40 CLICK PARTY,0,0.00 %
REGION VI,NEGROS OCCIDENTAL,CITY OF BACOLOD,TACULING,45010370,PARTYLIST,41 TODA,0,0.00 %
REGION VI,NEGROS OCCIDENTAL,CITY OF BACOLOD,TACULING,45010370,PARTYLIST,42 BHW,0,0.00 %
REGION VI,NEGROS OCCIDENTAL,CITY OF BACOLOD,TACULING,45010370,PARTYLIST,43 MALASAKIT@BAYANIHAN,83,14.56 %
REGION VI,NEGROS OCCIDENTAL,CITY OF BACOLOD,TACULING,45010370,PARTYLIST,44 ABS,1,0.17 %
REGION VI,NEGROS OCCIDENTAL,CITY OF BACOLOD,TACULING,45010370,PARTYLIST,45 PASAHERO PARTYLIST,0,0.00 %
REGION VI,NEGROS OCCIDENTAL,CITY OF BACOLOD,TACULING,45010370,PARTYLIST,46 ANGAT,4,0.70 %
REGION VI,NEGROS OCCIDENTAL,CITY OF BACOLOD,TACULING,45010370,PARTYLIST,47 SOLID-CHANGE,0,0.00 %
REGION VI,NEGROS OCCIDENTAL,CITY OF BACOLOD,TACULING,45010370,PARTYLIST,48 BICOL SARO,0,0.00 %
REGION VI,NEGROS OCCIDENTAL,CITY OF BACOLOD,TACULING,45010370,PARTYLIST,49 OFW,3,0.52 %
REGION VI,NEGROS OCCIDENTAL,CITY OF BACOLOD,TACULING,45010370,PARTYLIST,50 ANG PROBINSIYANO,8,1.40 %
REGION VI,NEGROS OCCIDENTAL,CITY OF BACOLOD,TACULING,45010370,PARTYLIST,51 ANAKALUSUGAN,0,0.00 %
REGION VI,NEGROS OCCIDENTAL,CITY OF BACOLOD,TACULING,45010370,PARTYLIST,52 PBA,2,0.35 %
REGION VI,NEGROS OCCIDENTAL,CITY OF BACOLOD,TACULING,45010370,PARTYLIST,53 PEACE,14,2.45 %
REGION VI,NEGROS OCCIDENTAL,CITY OF BACOLOD,TACULING,45010370,PARTYLIST,54 P3PWD,36,6.31 %
REGION VI,NEGROS OCCIDENTAL,CITY OF BACOLOD,TACULING,45010370,PARTYLIST,55 S.M.I.L.E,1,0.17 %
REGION VI,NEGROS OCCIDENTAL,CITY OF BACOLOD,TACULING,45010370,PARTYLIST,56 AAMBIS-OWA,0,0.00 %
REGION VI,NEGROS OCCIDENTAL,CITY OF BACOLOD,TACULING,45010370,PARTYLIST,57 BUTIL,0,0.00 %
REGION VI,NEGROS OCCIDENTAL,CITY OF BACOLOD,TACULING,45010370,PARTYLIST,58 LUNAS,0,0.00 %
REGION VI,NEGROS OCCIDENTAL,CITY OF BACOLOD,TACULING,45010370,PARTYLIST,59 ANG KOMADRONA,0,0.00 %
REGION VI,NEGROS OCCIDENTAL,CITY OF BACOLOD,TACULING,45010370,PARTYLIST,60 KABAKA,0,0.00 %
REGION VI,NEGROS OCCIDENTAL,CITY OF BACOLOD,TACULING,45010370,PARTYLIST,61 SAGIP,3,0.52 %
REGION VI,NEGROS OCCIDENTAL,CITY OF BACOLOD,TACULING,45010370,PARTYLIST,62 ANG KABUHAYAN,1,0.17 %
REGION VI,NEGROS OCCIDENTAL,CITY OF BACOLOD,TACULING,45010370,PARTYLIST,63 AKO I.P.,2,0.35 %
REGION VI,NEGROS OCCIDENTAL,CITY OF BACOLOD,TACULING,45010370,PARTYLIST,64 PHILRECA,0,0.00 %
REGION VI,NEGROS OCCIDENTAL,CITY OF BACOLOD,TACULING,45010370,PARTYLIST,65 BABAE AKO,2,0.35 %
REGION VI,NEGROS OCCIDENTAL,CITY OF BACOLOD,TACULING,45010370,PARTYLIST,66 KB,0,0.00 %
REGION VI,NEGROS OCCIDENTAL,CITY OF BACOLOD,TACULING,45010370,PARTYLIST,67 GABRIELA,7,1.22 %
REGION VI,NEGROS OCCIDENTAL,CITY OF BACOLOD,TACULING,45010370,PARTYLIST,68 KALINGA,0,0.00 %
REGION VI,NEGROS OCCIDENTAL,CITY OF BACOLOD,TACULING,45010370,PARTYLIST,69 STL,1,0.17 %
REGION VI,NEGROS OCCIDENTAL,CITY OF BACOLOD,TACULING,45010370,PARTYLIST,70 RECOBODA,0,0.00 %
REGION VI,NEGROS OCCIDENTAL,CITY OF BACOLOD,TACULING,45010370,PARTYLIST,71 ANGAT PINOY,0,0.00 %
REGION VI,NEGROS OCCIDENTAL,CITY OF BACOLOD,TACULING,45010370,PARTYLIST,72 ANAC-IP,0,0.00 %
REGION VI,NEGROS OCCIDENTAL,CITY OF BACOLOD,TACULING,45010370,PARTYLIST,73 DIWA,0,0.00 %
REGION VI,NEGROS OCCIDENTAL,CITY OF BACOLOD,TACULING,45010370,PARTYLIST,74 ASENSO PINOY,1,0.17 %
REGION VI,NEGROS OCCIDENTAL,CITY OF BACOLOD,TACULING,45010370,PARTYLIST,75 PPP,0,0.00 %
REGION VI,NEGROS OCCIDENTAL,CITY OF BACOLOD,TACULING,45010370,PARTYLIST,76 PAMILYA MUNA,2,0.35 %
REGION VI,NEGROS OCCIDENTAL,CITY OF BACOLOD,TACULING,45010370,PARTYLIST,77 AYUDA SANDUGO,0,0.00 %
REGION VI,NEGROS OCCIDENTAL,CITY OF BACOLOD,TACULING,45010370,PARTYLIST,78 BUKLOD FILIPINO,0,0.00 %
REGION VI,NEGROS OCCIDENTAL,CITY OF BACOLOD,TACULING,45010370,PARTYLIST,79 BTS,0,0.00 %
REGION VI,NEGROS OCCIDENTAL,CITY OF BACOLOD,TACULING,45010370,PARTYLIST,80 MOCHA,1,0.17 %
REGION VI,NEGROS OCCIDENTAL,CITY OF BACOLOD,TACULING,45010370,PARTYLIST,81 ACT TEACHERS,3,0.52 %
REGION VI,NEGROS OCCIDENTAL,CITY OF BACOLOD,TACULING,45010370,PARTYLIST,82 ALONA,0,0.00 %
REGION VI,NEGROS OCCIDENTAL,CITY OF BACOLOD,TACULING,45010370,PARTYLIST,83 KABALIKAT,0,0.00 %
REGION VI,NEGROS OCCIDENTAL,CITY OF BACOLOD,TACULING,45010370,PARTYLIST,84 ALIF,0,0.00 %
REGION VI,NEGROS OCCIDENTAL,CITY OF BACOLOD,TACULING,45010370,PARTYLIST,85 1-UTAP BICOL,0,0.00 %
REGION VI,NEGROS OCCIDENTAL,CITY OF BACOLOD,TACULING,45010370,PARTYLIST,86 TINGOG,1,0.17 %
REGION VI,NEGROS OCCIDENTAL,CITY OF BACOLOD,TACULING,45010370,PARTYLIST,87 H.E.L.P. PILIPINAS,2,0.35 %
REGION VI,NEGROS OCCIDENTAL,CITY OF BACOLOD,TACULING,45010370,PARTYLIST,88 TUCP,2,0.35 %
REGION VI,NEGROS OCCIDENTAL,CITY OF BACOLOD,TACULING,45010370,PARTYLIST,89 PTA,0,0.00 %
REGION VI,NEGROS OCCIDENTAL,CITY OF BACOLOD,TACULING,45010370,PARTYLIST,90 AGIMAT,0,0.00 %
REGION VI,NEGROS OCCIDENTAL,CITY OF BACOLOD,TACULING,45010370,PARTYLIST,91 KONTRA BROWNOUT,1,0.17 %
REGION VI,NEGROS OCCIDENTAL,CITY OF BACOLOD,TACULING,45010370,PARTYLIST,92 TULUNGAN TAYO,0,0.00 %
REGION VI,NEGROS OCCIDENTAL,CITY OF BACOLOD,TACULING,45010370,PARTYLIST,93 DUTERTE YOUTH,9,1.57 %
REGION VI,NEGROS OCCIDENTAL,CITY OF BACOLOD,TACULING,45010370,PARTYLIST,94 ABEKA,0,0.00 %
REGION VI,NEGROS OCCIDENTAL,CITY OF BACOLOD,TACULING,45010370,PARTYLIST,95 KABATAAN,5,0.87 %
REGION VI,NEGROS OCCIDENTAL,CITY OF BACOLOD,TACULING,45010370,PARTYLIST,97 ACTS-OFW,3,0.52 %
REGION VI,NEGROS OCCIDENTAL,CITY OF BACOLOD,TACULING,45010370,PARTYLIST,98 RAM,1,0.17 %
REGION VI,NEGROS OCCIDENTAL,CITY OF BACOLOD,TACULING,45010370,PARTYLIST,99 USWAG ILONGGO,23,4.03 %
REGION VI,NEGROS OCCIDENTAL,CITY OF BACOLOD,TACULING,45010370,PARTYLIST,100 AKO BISAYA,4,0.70 %
REGION VI,NEGROS OCCIDENTAL,CITY OF BACOLOD,TACULING,45010370,PARTYLIST,101 KAPAMILYA,0,0.00 %
REGION VI,NEGROS OCCIDENTAL,CITY OF BACOLOD,TACULING,45010370,PARTYLIST,102 PUSONG PINOY,0,0.00 %
REGION VI,NEGROS OCCIDENTAL,CITY OF BACOLOD,TACULING,45010370,PARTYLIST,103 CWS,1,0.17 %
REGION VI,NEGROS OCCIDENTAL,CITY OF BACOLOD,TACULING,45010370,PARTYLIST,104 SILBI,0,0.00 %
REGION VI,NEGROS OCCIDENTAL,CITY OF BACOLOD,TACULING,45010370,PARTYLIST,105 CIBAC,6,1.05 %
REGION VI,NEGROS OCCIDENTAL,CITY OF BACOLOD,TACULING,45010370,PARTYLIST,106 SUBANEN,0,0.00 %
REGION VI,NEGROS OCCIDENTAL,CITY OF BACOLOD,TACULING,45010370,PARTYLIST,107 AKKK,0,0.00 %
REGION VI,NEGROS OCCIDENTAL,CITY OF BACOLOD,TACULING,45010370,PARTYLIST,108 BG PARTY-LIST,0,0.00 %
REGION VI,NEGROS OCCIDENTAL,CITY OF BACOLOD,TACULING,45010370,PARTYLIST,109 PAMILYANG MAGSASAKA,0,0.00 %
REGION VI,NEGROS OCCIDENTAL,CITY OF BACOLOD,TACULING,45010370,PARTYLIST,110 COOP NATCCO,0,0.00 %
REGION VI,NEGROS OCCIDENTAL,CITY OF BACOLOD,TACULING,45010370,PARTYLIST,111 FRONTLINERS ANG BIDA,0,0.00 %
REGION VI,NEGROS OCCIDENTAL,CITY OF BACOLOD,TACULING,45010370,PARTYLIST,112 KASAMA,0,0.00 %
REGION VI,NEGROS OCCIDENTAL,CITY OF BACOLOD,TACULING,45010370,PARTYLIST,113 AKO BISDAK,0,0.00 %
REGION VI,NEGROS OCCIDENTAL,CITY OF BACOLOD,TACULING,45010370,PARTYLIST,114 GP PARTY,0,0.00 %
REGION VI,NEGROS OCCIDENTAL,CITY OF BACOLOD,TACULING,45010370,PARTYLIST,115 BAHAY,0,0.00 %
REGION VI,NEGROS OCCIDENTAL,CITY OF BACOLOD,TACULING,45010370,PARTYLIST,116 MAGSASAKA,3,0.52 %
REGION VI,NEGROS OCCIDENTAL,CITY OF BACOLOD,TACULING,45010370,PARTYLIST,117 MARINO,4,0.70 %
REGION VI,NEGROS OCCIDENTAL,CITY OF BACOLOD,TACULING,45010370,PARTYLIST,118 UNITED FRONTLINERS,1,0.17 %
REGION VI,NEGROS OCCIDENTAL,CITY OF BACOLOD,TACULING,45010370,PARTYLIST,119 L.O.G.R.O. KUSINERO,0,0.00 %
REGION VI,NEGROS OCCIDENTAL,CITY OF BACOLOD,TACULING,45010370,PARTYLIST,120 BPO,2,0.35 %
REGION VI,NEGROS OCCIDENTAL,CITY OF BACOLOD,TACULING,45010370,PARTYLIST,121 ABANG LINGKOD,190,33.33 %
REGION VI,NEGROS OCCIDENTAL,CITY OF BACOLOD,TACULING,45010370,PARTYLIST,122 KUSUG TAUSUG,1,0.17 %
REGION VI,NEGROS OCCIDENTAL,CITY OF BACOLOD,TACULING,45010370,PARTYLIST,123 PLM,0,0.00 %
REGION VI,NEGROS OCCIDENTAL,CITY OF BACOLOD,TACULING,45010370,PARTYLIST,124 OK PARTYLIST,1,0.17 %
REGION VI,NEGROS OCCIDENTAL,CITY OF BACOLOD,TACULING,45010370,PARTYLIST,125 A TEACHER,1,0.17 %
REGION VI,NEGROS OCCIDENTAL,CITY OF BACOLOD,TACULING,45010370,PARTYLIST,126 PASADA-CC,0,0.00 %
REGION VI,NEGROS OCCIDENTAL,CITY OF BACOLOD,TACULING,45010370,PARTYLIST,127 OFW FAMILY,1,0.17 %
REGION VI,NEGROS OCCIDENTAL,CITY OF BACOLOD,TACULING,45010370,PARTYLIST,128 ANGKLA,1,0.17 %
REGION VI,NEGROS OCCIDENTAL,CITY OF BACOLOD,TACULING,45010370,PARTYLIST,129 COCOMAN,0,0.00 %
REGION VI,NEGROS OCCIDENTAL,CITY OF BACOLOD,TACULING,45010370,PARTYLIST,130 ACT AS ONE,1,0.17 %
REGION VI,NEGROS OCCIDENTAL,CITY OF BACOLOD,TACULING,45010370,PARTYLIST,131 AKO ILOCANO AKO,6,1.05 %
REGION VI,NEGROS OCCIDENTAL,CITY OF BACOLOD,TACULING,45010370,PARTYLIST,132 TRABAHO,0,0.00 %
REGION VI,NEGROS OCCIDENTAL,CITY OF BACOLOD,TACULING,45010370,PARTYLIST,133 PATROL,0,0.00 %
REGION VI,NEGROS OCCIDENTAL,CITY OF BACOLOD,TACULING,45010370,PARTYLIST,134 AKO PADAYON,1,0.17 %
REGION VI,NEGROS OCCIDENTAL,CITY OF BACOLOD,TACULING,45010370,PARTYLIST,135 ABONO,0,0.00 %
REGION VI,NEGROS OCCIDENTAL,CITY OF BACOLOD,TACULING,45010370,PARTYLIST,136 MANILA TEACHERS,0,0.00 %
REGION VI,NEGROS OCCIDENTAL,CITY OF BACOLOD,TACULING,45010370,PARTYLIST,137 KOOP-KAMPI,0,0.00 %
REGION VI,NEGROS OCCIDENTAL,CITY OF BACOLOD,TACULING,45010370,PARTYLIST,138 MAYPAGASA,0,0.00 %
REGION VI,NEGROS OCCIDENTAL,CITY OF BACOLOD,TACULING,45010370,PARTYLIST,139 PVAID,0,0.00 %
REGION VI,NEGROS OCCIDENTAL,CITY OF BACOLOD,TACULING,45010370,PARTYLIST,140 TUTOK TO WIN,5,0.87 %
REGION VI,NEGROS OCCIDENTAL,CITY OF BACOLOD,TACULING,45010370,PARTYLIST,141 BAYAN MUNA,6,1.05 %
REGION VI,NEGROS OCCIDENTAL,CITY OF BACOLOD,TACULING,45010370,PARTYLIST,142 API,0,0.00 %
REGION VI,NEGROS OCCIDENTAL,CITY OF BACOLOD,TACULING,45010370,PARTYLIST,143 ARTE,0,0.00 %
REGION VI,NEGROS OCCIDENTAL,CITY OF BACOLOD,TACULING,45010370,PARTYLIST,144 ASAP,0,0.00 %
REGION VI,NEGROS OCCIDENTAL,CITY OF BACOLOD,TACULING,45010370,PARTYLIST,145 BUNYOG,0,0.00 %
REGION VI,NEGROS OCCIDENTAL,CITY OF BACOLOD,TACULING,45010370,PARTYLIST,146 AKBAYAN,10,1.75 %
REGION VI,NEGROS OCCIDENTAL,CITY OF BACOLOD,TACULING,45010370,PARTYLIST,147 DAMAYAN,0,0.00 %
REGION VI,NEGROS OCCIDENTAL,CITY OF BACOLOD,TACULING,45010370,PARTYLIST,148 WIFI,4,0.70 %
REGION VI,NEGROS OCCIDENTAL,CITY OF BACOLOD,TACULING,45010370,PARTYLIST,149 CANCER PARTY LIST,2,0.35 %
REGION VI,NEGROS OCCIDENTAL,CITY OF BACOLOD,TACULING,45010370,PARTYLIST,150 1-ANG EDUKASYON,0,0.00 %
REGION VI,NEGROS OCCIDENTAL,CITY OF BACOLOD,TACULING,45010370,PARTYLIST,151 UFCC,0,0.00 %
REGION VI,NEGROS OCCIDENTAL,CITY OF BACOLOD,TACULING,45010370,PARTYLIST,152 AGRI,3,0.52 %
REGION VI,NEGROS OCCIDENTAL,CITY OF BACOLOD,TACULING,45010370,PARTYLIST,153 MAHARLIKA,0,0.00 %
REGION VI,NEGROS OCCIDENTAL,CITY OF BACOLOD,TACULING,45010370,PARTYLIST,154 ANAKPAWIS,0,0.00 %
REGION VI,NEGROS OCCIDENTAL,CITY OF BACOLOD,TACULING,45010370,PARTYLIST,155 1TAHANAN,0,0.00 %
REGION VI,NEGROS OCCIDENTAL,CITY OF BACOLOD,TACULING,45010370,PARTYLIST,156 TURISMO,1,0.17 %
REGION VI,NEGROS OCCIDENTAL,CITY OF BACOLOD,TACULING,45010370,PARTYLIST,157 APEC,6,1.05 %
REGION VI,NEGROS OCCIDENTAL,CITY OF BACOLOD,TACULING,45010370,PARTYLIST,158 SENIOR CITIZENS PARTYLIST,8,1.40 %
REGION VI,NEGROS OCCIDENTAL,CITY OF BACOLOD,TACULING,45010370,PARTYLIST,159 AASENSO,2,0.35 %
REGION VI,NEGROS OCCIDENTAL,CITY OF BACOLOD,TACULING,45010370,PARTYLIST,160 AMIN,0,0.00 %
REGION VI,NEGROS OCCIDENTAL,CITY OF BACOLOD,TACULING,45010370,PARTYLIST,161 1-PACMAN,4,0.70 %
REGION VI,NEGROS OCCIDENTAL,CITY OF BACOLOD,TACULING,45010370,PARTYLIST,162 ABB-NFCPI,0,0.00 %
REGION VI,NEGROS OCCIDENTAL,CITY OF BACOLOD,TACULING,45010370,PARTYLIST,163 AN WARAY,0,0.00 %
REGION VI,NEGROS OCCIDENTAL,CITY OF BACOLOD,TACULING,45010370,PARTYLIST,164 AP PARTYLIST,1,0.17 %
REGION VI,NEGROS OCCIDENTAL,CITY OF BACOLOD,TACULING,45010370,PARTYLIST,165 AKAP PINOY,0,0.00 %
REGION VI,NEGROS OCCIDENTAL,CITY OF BACOLOD,TACULING,45010370,PARTYLIST,166 BUHAY,0,0.00 %
REGION VI,NEGROS OCCIDENTAL,CITY OF BACOLOD,TACULING,45010370,PARTYLIST,167 ARISE,0,0.00 %
REGION VI,NEGROS OCCIDENTAL,CITY OF BACOLOD,TACULING,45010370,PARTYLIST,168 IWI,0,0.00 %
REGION VI,NEGROS OCCIDENTAL,CITY OF BACOLOD,TACULING,45010370,PARTYLIST,169 ANG TINIG NG SENIORS,0,0.00 %
REGION VI,NEGROS OCCIDENTAL,CITY OF BACOLOD,TACULING,45010370,PARTYLIST,170 LBP,0,0.00 %
REGION VI,NEGROS OCCIDENTAL,CITY OF BACOLOD,TACULING,45010370,PARTYLIST,171 IPEACE EPANAW,0,0.00 %
REGION VI,NEGROS OCCIDENTAL,CITY OF BACOLOD,TACULING,45010370,PARTYLIST,172 APAT-DAPAT,0,0.00 %
REGION VI,NEGROS OCCIDENTAL,CITY OF BACOLOD,TACULING,45010370,PARTYLIST,173 UMA ILONGGO,4,0.70 %
REGION VI,NEGROS OCCIDENTAL,CITY OF BACOLOD,TACULING,45010370,PARTYLIST,174 AYUDA,0,0.00 %
REGION VI,NEGROS OCCIDENTAL,CITY OF BACOLOD,TACULING,45010370,PARTYLIST,175 SAMBAYANAN,0,0.00 %
REGION VI,NEGROS OCCIDENTAL,CITY OF BACOLOD,TACULING,45010370,PARTYLIST,176 AKO BREEDER,3,0.52 %
REGION VI,NEGROS OCCIDENTAL,CITY OF BACOLOD,TACULING,45010370,PARTYLIST,177 FPJ,0,0.00 %
REGION VI,NEGROS OCCIDENTAL,CITY OF BACOLOD,TACULING,45010370,PARTYLIST,178 LIBRO,0,0.00 %
REGION VI,NEGROS OCCIDENTAL,CITY OF BACOLOD,TACULING,45010370,REP,Candidate,Votes,Percentage
REGION VI,NEGROS OCCIDENTAL,CITY OF BACOLOD,TACULING,45010370,REP,"ATAYDE, DAN (IND)",219,32.68 %
REGION VI,NEGROS OCCIDENTAL,CITY OF BACOLOD,TACULING,45010370,REP,"DAVID, WILLY (IND)",4,0.59 %
REGION VI,NEGROS OCCIDENTAL,CITY OF BACOLOD,TACULING,45010370,REP,"GASATAYA, GREG (NPC)",444,66.26 %
REGION VI,NEGROS OCCIDENTAL,CITY OF BACOLOD,TACULING,45010370,REP,"GUSTILO, ROMY (IND)",1,0.14 %
REGION VI,NEGROS OCCIDENTAL,CITY OF BACOLOD,TACULING,45010370,REP,"SAN MIGUEL, NONONG (PDDS)",2,0.29 %
REGION VI,NEGROS OCCIDENTAL,CITY OF BACOLOD,TACULING,45010370,MAYOR,Candidate,Votes,Percentage
REGION VI,NEGROS OCCIDENTAL,CITY OF BACOLOD,TACULING,45010370,MAYOR,"BENITEZ, ALBEE (PDPLBN)",385,57.29 %
REGION VI,NEGROS OCCIDENTAL,CITY OF BACOLOD,TACULING,45010370,MAYOR,"LEONARDIA, BING (NP)",287,42.70 %
REGION VI,NEGROS OCCIDENTAL,CITY OF BACOLOD,TACULING,45010370,VICE_MAYOR,Candidate,Votes,Percentage
REGION VI,NEGROS OCCIDENTAL,CITY OF BACOLOD,TACULING,45010370,VICE_MAYOR,"DISTRITO, CAESAR (PDPLBN)",222,34.20 %
REGION VI,NEGROS OCCIDENTAL,CITY OF BACOLOD,TACULING,45010370,VICE_MAYOR,"FAMILIARAN, EL CID (NP)",328,50.53 %
REGION VI,NEGROS OCCIDENTAL,CITY OF BACOLOD,TACULING,45010370,VICE_MAYOR,"GAMBOA, WILSON JR. (IND)",99,15.25 %
REGION VI,NEGROS OCCIDENTAL,CITY OF BACOLOD,TACULING,45010370,SP,Candidate,Votes,Percentage
REGION VI,NEGROS OCCIDENTAL,CITY OF BACOLOD,TACULING,45010370,SP,"ANG, EM (NP)",312,4.57 %
REGION VI,NEGROS OCCIDENTAL,CITY OF BACOLOD,TACULING,45010370,SP,"ARROYO, ALAN (IND)",34,0.49 %
REGION VI,NEGROS OCCIDENTAL,CITY OF BACOLOD,TACULING,45010370,SP,"AUJERO, JORGE THE WISE (IND)",8,0.11 %
REGION VI,NEGROS OCCIDENTAL,CITY OF BACOLOD,TACULING,45010370,SP,"BAIS, HOMER (PDPLBN)",217,3.18 %
REGION VI,NEGROS OCCIDENTAL,CITY OF BACOLOD,TACULING,45010370,SP,"BARIBAR, ARCHIE (PROMDI)",249,3.65 %
REGION VI,NEGROS OCCIDENTAL,CITY OF BACOLOD,TACULING,45010370,SP,"BELARIO, 007 (IND)",18,0.26 %
REGION VI,NEGROS OCCIDENTAL,CITY OF BACOLOD,TACULING,45010370,SP,"BELORIA, TOTO CESAR (IND)",87,1.27 %
REGION VI,NEGROS OCCIDENTAL,CITY OF BACOLOD,TACULING,45010370,SP,"CONTRERAS, LR (PRP)",18,0.26 %
REGION VI,NEGROS OCCIDENTAL,CITY OF BACOLOD,TACULING,45010370,SP,"DIAZ, JONATHAN JR. (NP)",148,2.17 %
REGION VI,NEGROS OCCIDENTAL,CITY OF BACOLOD,TACULING,45010370,SP,"DISTRITO, SIMPLE (PDPLBN)",220,3.22 %
REGION VI,NEGROS OCCIDENTAL,CITY OF BACOLOD,TACULING,45010370,SP,"ESPINO, AL (NPC)",295,4.32 %
REGION VI,NEGROS OCCIDENTAL,CITY OF BACOLOD,TACULING,45010370,SP,"FLOR, CELIA (IND)",353,5.18 %
REGION VI,NEGROS OCCIDENTAL,CITY OF BACOLOD,TACULING,45010370,SP,"GICO, VIC (IND)",21,0.30 %
REGION VI,NEGROS OCCIDENTAL,CITY OF BACOLOD,TACULING,45010370,SP,"GONZALEZ, VLADI (PDPLBN)",244,3.58 %
REGION VI,NEGROS OCCIDENTAL,CITY OF BACOLOD,TACULING,45010370,SP,"GUILLEM, ED (NP)",202,2.96 %
REGION VI,NEGROS OCCIDENTAL,CITY OF BACOLOD,TACULING,45010370,SP,"HERMOSURA, BONG (IND)",47,0.68 %
REGION VI,NEGROS OCCIDENTAL,CITY OF BACOLOD,TACULING,45010370,SP,"JAUOD, JIFFY (IND)",20,0.29 %
REGION VI,NEGROS OCCIDENTAL,CITY OF BACOLOD,TACULING,45010370,SP,"LACSON, PATRICK (PDPLBN)",237,3.47 %
REGION VI,NEGROS OCCIDENTAL,CITY OF BACOLOD,TACULING,45010370,SP,"LOPEZ, CARL (NP)",220,3.22 %
REGION VI,NEGROS OCCIDENTAL,CITY OF BACOLOD,TACULING,45010370,SP,"MAYO, MARK STEVEN (NPC)",88,1.29 %
REGION VI,NEGROS OCCIDENTAL,CITY OF BACOLOD,TACULING,45010370,SP,"MONTALVO, CASH (NP)",213,3.12 %
REGION VI,NEGROS OCCIDENTAL,CITY OF BACOLOD,TACULING,45010370,SP,"NACIONALES, FERMIN (IND)",12,0.17 %
REGION VI,NEGROS OCCIDENTAL,CITY OF BACOLOD,TACULING,45010370,SP,"NOVERO, RENECITO (NP)",299,4.38 %
REGION VI,NEGROS OCCIDENTAL,CITY OF BACOLOD,TACULING,45010370,SP,"OROLA, BART (PDPLBN)",240,3.52 %
REGION VI,NEGROS OCCIDENTAL,CITY OF BACOLOD,TACULING,45010370,SP,"PADIOS, EDUARDO (PPM)",57,0.83 %
REGION VI,NEGROS OCCIDENTAL,CITY OF BACOLOD,TACULING,45010370,SP,"PUENTEVELLA, KALAW (PROMDI)",233,3.41 %
REGION VI,NEGROS OCCIDENTAL,CITY OF BACOLOD,TACULING,45010370,SP,"RAMOS, DINDO (NP)",264,3.87 %
REGION VI,NEGROS OCCIDENTAL,CITY OF BACOLOD,TACULING,45010370,SP,"ROJAS, CINDY (NP)",326,4.78 %
REGION VI,NEGROS OCCIDENTAL,CITY OF BACOLOD,TACULING,45010370,SP,"SALANGA, ISRAEL (NP)",336,4.93 %
REGION VI,NEGROS OCCIDENTAL,CITY OF BACOLOD,TACULING,45010370,SP,"SAYSON, THADDY (PDPLBN)",324,4.75 %
REGION VI,NEGROS OCCIDENTAL,CITY OF BACOLOD,TACULING,45010370,SP,"SOLIDUM, MARLON (NPC)",230,3.37 %
REGION VI,NEGROS OCCIDENTAL,CITY OF BACOLOD,TACULING,45010370,SP,"SORONGON, CHRIS (NP)",256,3.75 %
REGION VI,NEGROS OCCIDENTAL,CITY OF BACOLOD,TACULING,45010370,SP,"SY, PAO (NPC)",256,3.75 %
REGION VI,NEGROS OCCIDENTAL,CITY OF BACOLOD,TACULING,45010370,SP,"TAN, CANO GWAPO (AKSYON)",145,2.12 %
REGION VI,NEGROS OCCIDENTAL,CITY OF BACOLOD,TACULING,45010370,SP,"VERDEFLOR, SONYA (UNEGA)",233,3.41 %
REGION VI,NEGROS OCCIDENTAL,CITY OF BACOLOD,TACULING,45010370,SP,"VILLAFUERTE, RICO (IND)",39,0.57 %
REGION VI,NEGROS OCCIDENTAL,CITY OF BACOLOD,TACULING,45010370,SP,"VILLAROSA, JASON (LAKAS)",277,4.06 %
REGION VI,NEGROS OCCIDENTAL,CITY OF BACOLOD,TACULING,45010370,SP,"WEBER, CHRISTIAN (IND)",36,0.52 %
region,province,city,barangay,precinct,position,candidate,votes,percentage
REGION VI,NEGROS OCCIDENTAL,CITY OF BACOLOD,TACULING,45010371,PRESIDENT,Candidate,Votes,Percentage
REGION VI,NEGROS OCCIDENTAL,CITY OF BACOLOD,TACULING,45010371,PRESIDENT,"ABELLA, ERNIE (IND)",1,0.15 %
REGION VI,NEGROS OCCIDENTAL,CITY OF BACOLOD,TACULING,45010371,PRESIDENT,"DE GUZMAN, LEODY (PLM)",1,0.15 %
REGION VI,NEGROS OCCIDENTAL,CITY OF BACOLOD,TACULING,45010371,PRESIDENT,"DOMAGOSO, ISKO MORENO (AKSYON)",28,4.21 %
REGION VI,NEGROS OCCIDENTAL,CITY OF BACOLOD,TACULING,45010371,PRESIDENT,"GONZALES, NORBERTO (PDSP)",0,0.00 %
REGION VI,NEGROS OCCIDENTAL,CITY OF BACOLOD,TACULING,45010371,PRESIDENT,"LACSON, PING (PDR)",21,3.16 %
REGION VI,NEGROS OCCIDENTAL,CITY OF BACOLOD,TACULING,45010371,PRESIDENT,"MANGONDATO, FAISAL (KTPNAN)",0,0.00 %
REGION VI,NEGROS OCCIDENTAL,CITY OF BACOLOD,TACULING,45010371,PRESIDENT,"MARCOS, BONGBONG (PFP)",269,40.51 %
REGION VI,NEGROS OCCIDENTAL,CITY OF BACOLOD,TACULING,45010371,PRESIDENT,"MONTEMAYOR, JOSE JR. (DPP)",0,0.00 %
REGION VI,NEGROS OCCIDENTAL,CITY OF BACOLOD,TACULING,45010371,PRESIDENT,"PACQUIAO, MANNY PACMAN(PROMDI)",38,5.72 %
REGION VI,NEGROS OCCIDENTAL,CITY OF BACOLOD,TACULING,45010371,PRESIDENT,"ROBREDO, LENI (IND)",306,46.08 %
REGION VI,NEGROS OCCIDENTAL,CITY OF BACOLOD,TACULING,45010371,VICE_PRESIDENT,Candidate,Votes,Percentage
REGION VI,NEGROS OCCIDENTAL,CITY OF BACOLOD,TACULING,45010371,VICE_PRESIDENT,"ATIENZA, LITO (PROMDI)",2,0.30 %
REGION VI,NEGROS OCCIDENTAL,CITY OF BACOLOD,TACULING,45010371,VICE_PRESIDENT,"BELLO, WALDEN (PLM)",1,0.15 %
REGION VI,NEGROS OCCIDENTAL,CITY OF BACOLOD,TACULING,45010371,VICE_PRESIDENT,"DAVID, RIZALITO (DPP)",0,0.00 %
REGION VI,NEGROS OCCIDENTAL,CITY OF BACOLOD,TACULING,45010371,VICE_PRESIDENT,"DUTERTE, SARA (LAKAS)",292,44.71 %
REGION VI,NEGROS OCCIDENTAL,CITY OF BACOLOD,TACULING,45010371,VICE_PRESIDENT,"LOPEZ, MANNY SD (WPP)",0,0.00 %
REGION VI,NEGROS OCCIDENTAL,CITY OF BACOLOD,TACULING,45010371,VICE_PRESIDENT,"ONG, DOC WILLIE (AKSYON)",35,5.35 %
REGION VI,NEGROS OCCIDENTAL,CITY OF BACOLOD,TACULING,45010371,VICE_PRESIDENT,"PANGILINAN, KIKO (LP)",219,33.53 %
REGION VI,NEGROS OCCIDENTAL,CITY OF BACOLOD,TACULING,45010371,VICE_PRESIDENT,"SERAPIO, CARLOS (KTPNAN)",0,0.00 %
REGION VI,NEGROS OCCIDENTAL,CITY OF BACOLOD,TACULING,45010371,VICE_PRESIDENT,"SOTTO, VICENTE TITO (NPC)",104,15.92 %
REGION VI,NEGROS OCCIDENTAL,CITY OF BACOLOD,TACULING,45010371,SENATOR,Candidate,Votes,Percentage
REGION VI,NEGROS OCCIDENTAL,CITY OF BACOLOD,TACULING,45010371,SENATOR,"AFUANG, ABNER (IND)",16,0.25 %
REGION VI,NEGROS OCCIDENTAL,CITY OF BACOLOD,TACULING,45010371,SENATOR,"ALBANI, IBRAHIM (WPP)",11,0.17 %
REGION VI,NEGROS OCCIDENTAL,CITY OF BACOLOD,TACULING,45010371,SENATOR,"ARRANZA, MANG JESS (IND)",6,0.09 %
REGION VI,NEGROS OCCIDENTAL,CITY OF BACOLOD,TACULING,45010371,SENATOR,"BAGUILAT, TEDDY (LP)",132,2.09 %
REGION VI,NEGROS OCCIDENTAL,CITY OF BACOLOD,TACULING,45010371,SENATOR,"BAILEN, AGNES (IND)",9,0.14 %
REGION VI,NEGROS OCCIDENTAL,CITY OF BACOLOD,TACULING,45010371,SENATOR,"BALITA, CARL (AKSYON)",45,0.71 %
REGION VI,NEGROS OCCIDENTAL,CITY OF BACOLOD,TACULING,45010371,SENATOR,"BARBO, LUTZ (PDPLBN)",6,0.09 %
REGION VI,NEGROS OCCIDENTAL,CITY OF BACOLOD,TACULING,45010371,SENATOR,"BAUTISTA, HERBERT BISTEK (NPC)",136,2.16 %
REGION VI,NEGROS OCCIDENTAL,CITY OF BACOLOD,TACULING,45010371,SENATOR,"BELGICA, GRECO (PDDS)",27,0.42 %
REGION VI,NEGROS OCCIDENTAL,CITY OF BACOLOD,TACULING,45010371,SENATOR,"BELLO, SILVESTRE JR. (PDPLBN)",19,0.30 %
REGION VI,NEGROS OCCIDENTAL,CITY OF BACOLOD,TACULING,45010371,SENATOR,"BINAY, JOJO (UNA)",99,1.57 %
REGION VI,NEGROS OCCIDENTAL,CITY OF BACOLOD,TACULING,45010371,SENATOR,"CABONEGRO, ROY (PLM)",16,0.25 %
REGION VI,NEGROS OCCIDENTAL,CITY OF BACOLOD,TACULING,45010371,SENATOR,"CASTRICIONES, BRO JOHN(PDPLBN)",6,0.09 %
REGION VI,NEGROS OCCIDENTAL,CITY OF BACOLOD,TACULING,45010371,SENATOR,"CAYETANO, ALAN PETER (IND)",236,3.74 %
REGION VI,NEGROS OCCIDENTAL,CITY OF BACOLOD,TACULING,45010371,SENATOR,"CHAVEZ, MELCHOR (WPP)",12,0.19 %
REGION VI,NEGROS OCCIDENTAL,CITY OF BACOLOD,TACULING,45010371,SENATOR,"COLMENARES, NERI (MKBYN)",250,3.97 %
REGION VI,NEGROS OCCIDENTAL,CITY OF BACOLOD,TACULING,45010371,SENATOR,"D'ANGELO, DAVID (PLM)",10,0.15 %
REGION VI,NEGROS OCCIDENTAL,CITY OF BACOLOD,TACULING,45010371,SENATOR,"DE LIMA, LEILA (LP)",183,2.90 %
REGION VI,NEGROS OCCIDENTAL,CITY OF BACOLOD,TACULING,45010371,SENATOR,"DEL ROSARIO, MONSOUR (PDR)",79,1.25 %
REGION VI,NEGROS OCCIDENTAL,CITY OF BACOLOD,TACULING,45010371,SENATOR,"DIAZ, DING (PPP)",9,0.14 %
REGION VI,NEGROS OCCIDENTAL,CITY OF BACOLOD,TACULING,45010371,SENATOR,"DIOKNO, CHEL (KANP)",269,4.27 %
REGION VI,NEGROS OCCIDENTAL,CITY OF BACOLOD,TACULING,45010371,SENATOR,"EJERCITO, JV ESTRADA (NPC)",164,2.60 %
REGION VI,NEGROS OCCIDENTAL,CITY OF BACOLOD,TACULING,45010371,SENATOR,"ELEAZAR, GEN. GUILLERMO (PDR)",189,3.00 %
REGION VI,NEGROS OCCIDENTAL,CITY OF BACOLOD,TACULING,45010371,SENATOR,"EREÑO, BRO. ERNIE (PM)",6,0.09 %
REGION VI,NEGROS OCCIDENTAL,CITY OF BACOLOD,TACULING,45010371,SENATOR,"ESCUDERO, CHIZ (NPC)",294,4.67 %
REGION VI,NEGROS OCCIDENTAL,CITY OF BACOLOD,TACULING,45010371,SENATOR,"ESPIRITU, LUKE (PLM)",146,2.31 %
REGION VI,NEGROS OCCIDENTAL,CITY OF BACOLOD,TACULING,45010371,SENATOR,"ESTRADA, JINGGOY (PMP)",104,1.65 %
REGION VI,NEGROS OCCIDENTAL,CITY OF BACOLOD,TACULING,45010371,SENATOR,"FALCONE, BAL FALCON (DPP)",5,0.07 %
REGION VI,NEGROS OCCIDENTAL,CITY OF BACOLOD,TACULING,45010371,SENATOR,"GADON, LARRY (KBL)",104,1.65 %
REGION VI,NEGROS OCCIDENTAL,CITY OF BACOLOD,TACULING,45010371,SENATOR,"GATCHALIAN, WIN (NPC)",237,3.76 %
REGION VI,NEGROS OCCIDENTAL,CITY OF BACOLOD,TACULING,45010371,SENATOR,"GORDON, WOW DICK (BVNP)",226,3.59 %
REGION VI,NEGROS OCCIDENTAL,CITY OF BACOLOD,TACULING,45010371,SENATOR,"GUTOC, SAMIRA (AKSYON)",35,0.55 %
REGION VI,NEGROS OCCIDENTAL,CITY OF BACOLOD,TACULING,45010371,SENATOR,"HONASAN, GRINGO (IND)",118,1.87 %
REGION VI,NEGROS OCCIDENTAL,CITY OF BACOLOD,TACULING,45010371,SENATOR,"HONTIVEROS, RISA (AKBAYAN)",303,4.81 %
REGION VI,NEGROS OCCIDENTAL,CITY OF BACOLOD,TACULING,45010371,SENATOR,"JAVELLANA, RJ (IND)",5,0.07 %
REGION VI,NEGROS OCCIDENTAL,CITY OF BACOLOD,TACULING,45010371,SENATOR,"KIRAM, NUR-MAHAL (IND)",8,0.12 %
REGION VI,NEGROS OCCIDENTAL,CITY OF BACOLOD,TACULING,45010371,SENATOR,"LABOG, ELMER (MKBYN)",26,0.41 %
REGION VI,NEGROS OCCIDENTAL,CITY OF BACOLOD,TACULING,45010371,SENATOR,"LACSON, KUYA ALEX (KP)",206,3.27 %
REGION VI,NEGROS OCCIDENTAL,CITY OF BACOLOD,TACULING,45010371,SENATOR,"LANGIT, REY (PDPLBN)",14,0.22 %
REGION VI,NEGROS OCCIDENTAL,CITY OF BACOLOD,TACULING,45010371,SENATOR,"LEGARDA, LOREN (NPC)",269,4.27 %
REGION VI,NEGROS OCCIDENTAL,CITY OF BACOLOD,TACULING,45010371,SENATOR,"LIM, ARIEL (IND)",9,0.14 %
REGION VI,NEGROS OCCIDENTAL,CITY OF BACOLOD,TACULING,45010371,SENATOR,"MALLILLIN, EMILY (PPM)",8,0.12 %
REGION VI,NEGROS OCCIDENTAL,CITY OF BACOLOD,TACULING,45010371,SENATOR,"MARCOLETA, RODANTE (PDPLBN)",36,0.57 %
REGION VI,NEGROS OCCIDENTAL,CITY OF BACOLOD,TACULING,45010371,SENATOR,"MARCOS, FRANCIS LEO (IND)",43,0.68 %
REGION VI,NEGROS OCCIDENTAL,CITY OF BACOLOD,TACULING,45010371,SENATOR,"MATULA, SONNY (IND)",105,1.66 %
REGION VI,NEGROS OCCIDENTAL,CITY OF BACOLOD,TACULING,45010371,SENATOR,"MINDALANO-ADAM,MARIETA(KTPNAN)",3,0.04 %
REGION VI,NEGROS OCCIDENTAL,CITY OF BACOLOD,TACULING,45010371,SENATOR,"OLARTE, ATTY/DR. LEO (BIGKIS)",9,0.14 %
REGION VI,NEGROS OCCIDENTAL,CITY OF BACOLOD,TACULING,45010371,SENATOR,"PADILLA, DRA. MINGUITA (PDR)",64,1.01 %
REGION VI,NEGROS OCCIDENTAL,CITY OF BACOLOD,TACULING,45010371,SENATOR,"PADILLA, ROBIN (PDPLBN)",186,2.95 %
REGION VI,NEGROS OCCIDENTAL,CITY OF BACOLOD,TACULING,45010371,SENATOR,"PANELO, SAL PANALO (PDPLBN)",63,1.00 %
REGION VI,NEGROS OCCIDENTAL,CITY OF BACOLOD,TACULING,45010371,SENATOR,"PIMENTEL, ASTRA (PDPLBN)",35,0.55 %
REGION VI,NEGROS OCCIDENTAL,CITY OF BACOLOD,TACULING,45010371,SENATOR,"PIÑOL, MANNY (NPC)",63,1.00 %
REGION VI,NEGROS OCCIDENTAL,CITY OF BACOLOD,TACULING,45010371,SENATOR,"RICABLANCA, WILLIE JR. (PM)",5,0.07 %
REGION VI,NEGROS OCCIDENTAL,CITY OF BACOLOD,TACULING,45010371,SENATOR,"ROQUE, HARRY SPOX (PRP)",87,1.38 %
REGION VI,NEGROS OCCIDENTAL,CITY OF BACOLOD,TACULING,45010371,SENATOR,"SAHIDULLA, LADY ANNE (PDDS)",5,0.07 %
REGION VI,NEGROS OCCIDENTAL,CITY OF BACOLOD,TACULING,45010371,SENATOR,"SISON, JOPET (AKSYON)",33,0.52 %
REGION VI,NEGROS OCCIDENTAL,CITY OF BACOLOD,TACULING,45010371,SENATOR,"TEODORO, GIBO (PRP)",233,3.70 %
REGION VI,NEGROS OCCIDENTAL,CITY OF BACOLOD,TACULING,45010371,SENATOR,"TRILLANES, ANTONIO IV (LP)",207,3.28 %
REGION VI,NEGROS OCCIDENTAL,CITY OF BACOLOD,TACULING,45010371,SENATOR,"TULFO, IDOL RAFFY (IND)",283,4.49 %
REGION VI,NEGROS OCCIDENTAL,CITY OF BACOLOD,TACULING,45010371,SENATOR,"VALEROS, REY (IND)",4,0.06 %
REGION VI,NEGROS OCCIDENTAL,CITY OF BACOLOD,TACULING,45010371,SENATOR,"VILLANUEVA,JOEL TESDAMAN (IND)",220,3.49 %
REGION VI,NEGROS OCCIDENTAL,CITY OF BACOLOD,TACULING,45010371,SENATOR,"VILLAR, MARK (NP)",213,3.38 %
REGION VI,NEGROS OCCIDENTAL,CITY OF BACOLOD,TACULING,45010371,SENATOR,"ZUBIAGA, CARMEN (IND)",38,0.60 %
REGION VI,NEGROS OCCIDENTAL,CITY OF BACOLOD,TACULING,45010371,SENATOR,"ZUBIRI, MIGZ (IND)",308,4.89 %
REGION VI,NEGROS OCCIDENTAL,CITY OF BACOLOD,TACULING,45010371,PARTYLIST,Candidate,Votes,Percentage
REGION VI,NEGROS OCCIDENTAL,CITY OF BACOLOD,TACULING,45010371,PARTYLIST,01 KAMALAYAN,2,0.36 %
REGION VI,NEGROS OCCIDENTAL,CITY OF BACOLOD,TACULING,45010371,PARTYLIST,02 KM NGAYON NA,0,0.00 %
REGION VI,NEGROS OCCIDENTAL,CITY OF BACOLOD,TACULING,45010371,PARTYLIST,03 PSIS,0,0.00 %
REGION VI,NEGROS OCCIDENTAL,CITY OF BACOLOD,TACULING,45010371,PARTYLIST,04 AGAP,2,0.36 %
REGION VI,NEGROS OCCIDENTAL,CITY OF BACOLOD,TACULING,45010371,PARTYLIST,05 KABAYAN,6,1.09 %
REGION VI,NEGROS OCCIDENTAL,CITY OF BACOLOD,TACULING,45010371,PARTYLIST,06 HOME OWNER,2,0.36 %
REGION VI,NEGROS OCCIDENTAL,CITY OF BACOLOD,TACULING,45010371,PARTYLIST,07 KAPUSO-PM,0,0.00 %
REGION VI,NEGROS OCCIDENTAL,CITY OF BACOLOD,TACULING,45010371,PARTYLIST,08 PDP CARES,6,1.09 %
REGION VI,NEGROS OCCIDENTAL,CITY OF BACOLOD,TACULING,45010371,PARTYLIST,09 MARVELOUS TAYO,0,0.00 %
REGION VI,NEGROS OCCIDENTAL,CITY OF BACOLOD,TACULING,45010371,PARTYLIST,10 AKO OFW,3,0.54 %
REGION VI,NEGROS OCCIDENTAL,CITY OF BACOLOD,TACULING,45010371,PARTYLIST,11 UNITED SENIOR CITIZEN,8,1.46 %
REGION VI,NEGROS OCCIDENTAL,CITY OF BACOLOD,TACULING,45010371,PARTYLIST,12 WOW PILIPINAS,1,0.18 %
REGION VI,NEGROS OCCIDENTAL,CITY OF BACOLOD,TACULING,45010371,PARTYLIST,13 ALTERNATIBA,0,0.00 %
REGION VI,NEGROS OCCIDENTAL,CITY OF BACOLOD,TACULING,45010371,PARTYLIST,14 1-RIDER PARTYLIST,7,1.27 %
REGION VI,NEGROS OCCIDENTAL,CITY OF BACOLOD,TACULING,45010371,PARTYLIST,15 1-CARE,0,0.00 %
REGION VI,NEGROS OCCIDENTAL,CITY OF BACOLOD,TACULING,45010371,PARTYLIST,16 ABP,0,0.00 %
REGION VI,NEGROS OCCIDENTAL,CITY OF BACOLOD,TACULING,45010371,PARTYLIST,17 AKO MUSIKERO,1,0.18 %
REGION VI,NEGROS OCCIDENTAL,CITY OF BACOLOD,TACULING,45010371,PARTYLIST,18 AKO BICOL,1,0.18 %
REGION VI,NEGROS OCCIDENTAL,CITY OF BACOLOD,TACULING,45010371,PARTYLIST,19 PRAI,3,0.54 %
REGION VI,NEGROS OCCIDENTAL,CITY OF BACOLOD,TACULING,45010371,PARTYLIST,20 4PS,3,0.54 %
REGION VI,NEGROS OCCIDENTAL,CITY OF BACOLOD,TACULING,45010371,PARTYLIST,21 MAAGAP,0,0.00 %
REGION VI,NEGROS OCCIDENTAL,CITY OF BACOLOD,TACULING,45010371,PARTYLIST,22 ABANTE PILIPINAS,3,0.54 %
REGION VI,NEGROS OCCIDENTAL,CITY OF BACOLOD,TACULING,45010371,PARTYLIST,23 AKTIBONG KAAGAPAY,0,0.00 %
REGION VI,NEGROS OCCIDENTAL,CITY OF BACOLOD,TACULING,45010371,PARTYLIST,24 ALSA BISAYA,0,0.00 %
REGION VI,NEGROS OCCIDENTAL,CITY OF BACOLOD,TACULING,45010371,PARTYLIST,25 PROBINSYANO AKO,2,0.36 %
REGION VI,NEGROS OCCIDENTAL,CITY OF BACOLOD,TACULING,45010371,PARTYLIST,26 YACAP,5,0.91 %
REGION VI,NEGROS OCCIDENTAL,CITY OF BACOLOD,TACULING,45010371,PARTYLIST,27 MAGDALO,5,0.91 %
REGION VI,NEGROS OCCIDENTAL,CITY OF BACOLOD,TACULING,45010371,PARTYLIST,28 ACT-CIS,11,2.01 %
REGION VI,NEGROS OCCIDENTAL,CITY OF BACOLOD,TACULING,45010371,PARTYLIST,29 HUGPONG FEDERAL,0,0.00 %
REGION VI,NEGROS OCCIDENTAL,CITY OF BACOLOD,TACULING,45010371,PARTYLIST,30 TGP,3,0.54 %
REGION VI,NEGROS OCCIDENTAL,CITY OF BACOLOD,TACULING,45010371,PARTYLIST,31 ONE COOP,0,0.00 %
REGION VI,NEGROS OCCIDENTAL,CITY OF BACOLOD,TACULING,45010371,PARTYLIST,32 BARKADAHAN,0,0.00 %
REGION VI,NEGROS OCCIDENTAL,CITY OF BACOLOD,TACULING,45010371,PARTYLIST,33 DUMPER PTDA,2,0.36 %
REGION VI,NEGROS OCCIDENTAL,CITY OF BACOLOD,TACULING,45010371,PARTYLIST,34 MALABUNG,0,0.00 %
REGION VI,NEGROS OCCIDENTAL,CITY OF BACOLOD,TACULING,45010371,PARTYLIST,35 BH (BAGONG HENERASYON),0,0.00 %
REGION VI,NEGROS OCCIDENTAL,CITY OF BACOLOD,TACULING,45010371,PARTYLIST,36 AKMA-PTM,0,0.00 %
REGION VI,NEGROS OCCIDENTAL,CITY OF BACOLOD,TACULING,45010371,PARTYLIST,37 IPATUPAD,0,0.00 %
REGION VI,NEGROS OCCIDENTAL,CITY OF BACOLOD,TACULING,45010371,PARTYLIST,38 PINUNO,0,0.00 %
REGION VI,NEGROS OCCIDENTAL,CITY OF BACOLOD,TACULING,45010371,PARTYLIST,39 LPGMA,0,0.00 %
REGION VI,NEGROS OCCIDENTAL,CITY OF BACOLOD,TACULING,45010371,PARTYLIST,40 CLICK PARTY,0,0.00 %
REGION VI,NEGROS OCCIDENTAL,CITY OF BACOLOD,TACULING,45010371,PARTYLIST,41 TODA,1,0.18 %
REGION VI,NEGROS OCCIDENTAL,CITY OF BACOLOD,TACULING,45010371,PARTYLIST,42 BHW,1,0.18 %
REGION VI,NEGROS OCCIDENTAL,CITY OF BACOLOD,TACULING,45010371,PARTYLIST,43 MALASAKIT@BAYANIHAN,47,8.59 %
REGION VI,NEGROS OCCIDENTAL,CITY OF BACOLOD,TACULING,45010371,PARTYLIST,44 ABS,0,0.00 %
REGION VI,NEGROS OCCIDENTAL,CITY OF BACOLOD,TACULING,45010371,PARTYLIST,45 PASAHERO PARTYLIST,1,0.18 %
REGION VI,NEGROS OCCIDENTAL,CITY OF BACOLOD,TACULING,45010371,PARTYLIST,46 ANGAT,16,2.92 %
REGION VI,NEGROS OCCIDENTAL,CITY OF BACOLOD,TACULING,45010371,PARTYLIST,47 SOLID-CHANGE,1,0.18 %
REGION VI,NEGROS OCCIDENTAL,CITY OF BACOLOD,TACULING,45010371,PARTYLIST,48 BICOL SARO,3,0.54 %
REGION VI,NEGROS OCCIDENTAL,CITY OF BACOLOD,TACULING,45010371,PARTYLIST,49 OFW,4,0.73 %
REGION VI,NEGROS OCCIDENTAL,CITY OF BACOLOD,TACULING,45010371,PARTYLIST,50 ANG PROBINSIYANO,4,0.73 %
REGION VI,NEGROS OCCIDENTAL,CITY OF BACOLOD,TACULING,45010371,PARTYLIST,51 ANAKALUSUGAN,3,0.54 %
REGION VI,NEGROS OCCIDENTAL,CITY OF BACOLOD,TACULING,45010371,PARTYLIST,52 PBA,1,0.18 %
REGION VI,NEGROS OCCIDENTAL,CITY OF BACOLOD,TACULING,45010371,PARTYLIST,53 PEACE,3,0.54 %
REGION VI,NEGROS OCCIDENTAL,CITY OF BACOLOD,TACULING,45010371,PARTYLIST,54 P3PWD,49,8.95 %
REGION VI,NEGROS OCCIDENTAL,CITY OF BACOLOD,TACULING,45010371,PARTYLIST,55 S.M.I.L.E,1,0.18 %
REGION VI,NEGROS OCCIDENTAL,CITY OF BACOLOD,TACULING,45010371,PARTYLIST,56 AAMBIS-OWA,0,0.00 %
REGION VI,NEGROS OCCIDENTAL,CITY OF BACOLOD,TACULING,45010371,PARTYLIST,57 BUTIL,0,0.00 %
REGION VI,NEGROS OCCIDENTAL,CITY OF BACOLOD,TACULING,45010371,PARTYLIST,58 LUNAS,1,0.18 %
REGION VI,NEGROS OCCIDENTAL,CITY OF BACOLOD,TACULING,45010371,PARTYLIST,59 ANG KOMADRONA,0,0.00 %
REGION VI,NEGROS OCCIDENTAL,CITY OF BACOLOD,TACULING,45010371,PARTYLIST,60 KABAKA,1,0.18 %
REGION VI,NEGROS OCCIDENTAL,CITY OF BACOLOD,TACULING,45010371,PARTYLIST,61 SAGIP,2,0.36 %
REGION VI,NEGROS OCCIDENTAL,CITY OF BACOLOD,TACULING,45010371,PARTYLIST,62 ANG KABUHAYAN,2,0.36 %
REGION VI,NEGROS OCCIDENTAL,CITY OF BACOLOD,TACULING,45010371,PARTYLIST,63 AKO I.P.,0,0.00 %
REGION VI,NEGROS OCCIDENTAL,CITY OF BACOLOD,TACULING,45010371,PARTYLIST,64 PHILRECA,0,0.00 %
REGION VI,NEGROS OCCIDENTAL,CITY OF BACOLOD,TACULING,45010371,PARTYLIST,65 BABAE AKO,1,0.18 %
REGION VI,NEGROS OCCIDENTAL,CITY OF BACOLOD,TACULING,45010371,PARTYLIST,66 KB,0,0.00 %
REGION VI,NEGROS OCCIDENTAL,CITY OF BACOLOD,TACULING,45010371,PARTYLIST,67 GABRIELA,10,1.82 %
REGION VI,NEGROS OCCIDENTAL,CITY OF BACOLOD,TACULING,45010371,PARTYLIST,68 KALINGA,4,0.73 %
REGION VI,NEGROS OCCIDENTAL,CITY OF BACOLOD,TACULING,45010371,PARTYLIST,69 STL,0,0.00 %
REGION VI,NEGROS OCCIDENTAL,CITY OF BACOLOD,TACULING,45010371,PARTYLIST,70 RECOBODA,0,0.00 %
REGION VI,NEGROS OCCIDENTAL,CITY OF BACOLOD,TACULING,45010371,PARTYLIST,71 ANGAT PINOY,1,0.18 %
REGION VI,NEGROS OCCIDENTAL,CITY OF BACOLOD,TACULING,45010371,PARTYLIST,72 ANAC-IP,0,0.00 %
REGION VI,NEGROS OCCIDENTAL,CITY OF BACOLOD,TACULING,45010371,PARTYLIST,73 DIWA,0,0.00 %
REGION VI,NEGROS OCCIDENTAL,CITY OF BACOLOD,TACULING,45010371,PARTYLIST,74 ASENSO PINOY,0,0.00 %
REGION VI,NEGROS OCCIDENTAL,CITY OF BACOLOD,TACULING,45010371,PARTYLIST,75 PPP,0,0.00 %
REGION VI,NEGROS OCCIDENTAL,CITY OF BACOLOD,TACULING,45010371,PARTYLIST,76 PAMILYA MUNA,1,0.18 %
REGION VI,NEGROS OCCIDENTAL,CITY OF BACOLOD,TACULING,45010371,PARTYLIST,77 AYUDA SANDUGO,0,0.00 %
REGION VI,NEGROS OCCIDENTAL,CITY OF BACOLOD,TACULING,45010371,PARTYLIST,78 BUKLOD FILIPINO,2,0.36 %
REGION VI,NEGROS OCCIDENTAL,CITY OF BACOLOD,TACULING,45010371,PARTYLIST,79 BTS,0,0.00 %
REGION VI,NEGROS OCCIDENTAL,CITY OF BACOLOD,TACULING,45010371,PARTYLIST,80 MOCHA,1,0.18 %
REGION VI,NEGROS OCCIDENTAL,CITY OF BACOLOD,TACULING,45010371,PARTYLIST,81 ACT TEACHERS,5,0.91 %
REGION VI,NEGROS OCCIDENTAL,CITY OF BACOLOD,TACULING,45010371,PARTYLIST,82 ALONA,0,0.00 %
REGION VI,NEGROS OCCIDENTAL,CITY OF BACOLOD,TACULING,45010371,PARTYLIST,83 KABALIKAT,0,0.00 %
REGION VI,NEGROS OCCIDENTAL,CITY OF BACOLOD,TACULING,45010371,PARTYLIST,84 ALIF,0,0.00 %
REGION VI,NEGROS OCCIDENTAL,CITY OF BACOLOD,TACULING,45010371,PARTYLIST,85 1-UTAP BICOL,0,0.00 %
REGION VI,NEGROS OCCIDENTAL,CITY OF BACOLOD,TACULING,45010371,PARTYLIST,86 TINGOG,5,0.91 %
REGION VI,NEGROS OCCIDENTAL,CITY OF BACOLOD,TACULING,45010371,PARTYLIST,87 H.E.L.P. PILIPINAS,0,0.00 %
REGION VI,NEGROS OCCIDENTAL,CITY OF BACOLOD,TACULING,45010371,PARTYLIST,88 TUCP,0,0.00 %
REGION VI,NEGROS OCCIDENTAL,CITY OF BACOLOD,TACULING,45010371,PARTYLIST,89 PTA,0,0.00 %
REGION VI,NEGROS OCCIDENTAL,CITY OF BACOLOD,TACULING,45010371,PARTYLIST,90 AGIMAT,0,0.00 %
REGION VI,NEGROS OCCIDENTAL,CITY OF BACOLOD,TACULING,45010371,PARTYLIST,91 KONTRA BROWNOUT,2,0.36 %
REGION VI,NEGROS OCCIDENTAL,CITY OF BACOLOD,TACULING,45010371,PARTYLIST,92 TULUNGAN TAYO,1,0.18 %
REGION VI,NEGROS OCCIDENTAL,CITY OF BACOLOD,TACULING,45010371,PARTYLIST,93 DUTERTE YOUTH,7,1.27 %
REGION VI,NEGROS OCCIDENTAL,CITY OF BACOLOD,TACULING,45010371,PARTYLIST,94 ABEKA,0,0.00 %
REGION VI,NEGROS OCCIDENTAL,CITY OF BACOLOD,TACULING,45010371,PARTYLIST,95 KABATAAN,11,2.01 %
REGION VI,NEGROS OCCIDENTAL,CITY OF BACOLOD,TACULING,45010371,PARTYLIST,97 ACTS-OFW,1,0.18 %
REGION VI,NEGROS OCCIDENTAL,CITY OF BACOLOD,TACULING,45010371,PARTYLIST,98 RAM,5,0.91 %
REGION VI,NEGROS OCCIDENTAL,CITY OF BACOLOD,TACULING,45010371,PARTYLIST,99 USWAG ILONGGO,25,4.57 %
REGION VI,NEGROS OCCIDENTAL,CITY OF BACOLOD,TACULING,45010371,PARTYLIST,100 AKO BISAYA,0,0.00 %
REGION VI,NEGROS OCCIDENTAL,CITY OF BACOLOD,TACULING,45010371,PARTYLIST,101 KAPAMILYA,2,0.36 %
REGION VI,NEGROS OCCIDENTAL,CITY OF BACOLOD,TACULING,45010371,PARTYLIST,102 PUSONG PINOY,1,0.18 %
REGION VI,NEGROS OCCIDENTAL,CITY OF BACOLOD,TACULING,45010371,PARTYLIST,103 CWS,0,0.00 %
REGION VI,NEGROS OCCIDENTAL,CITY OF BACOLOD,TACULING,45010371,PARTYLIST,104 SILBI,0,0.00 %
REGION VI,NEGROS OCCIDENTAL,CITY OF BACOLOD,TACULING,45010371,PARTYLIST,105 CIBAC,4,0.73 %
REGION VI,NEGROS OCCIDENTAL,CITY OF BACOLOD,TACULING,45010371,PARTYLIST,106 SUBANEN,0,0.00 %
REGION VI,NEGROS OCCIDENTAL,CITY OF BACOLOD,TACULING,45010371,PARTYLIST,107 AKKK,0,0.00 %
REGION VI,NEGROS OCCIDENTAL,CITY OF BACOLOD,TACULING,45010371,PARTYLIST,108 BG PARTY-LIST,0,0.00 %
REGION VI,NEGROS OCCIDENTAL,CITY OF BACOLOD,TACULING,45010371,PARTYLIST,109 PAMILYANG MAGSASAKA,4,0.73 %
REGION VI,NEGROS OCCIDENTAL,CITY OF BACOLOD,TACULING,45010371,PARTYLIST,110 COOP NATCCO,4,0.73 %
REGION VI,NEGROS OCCIDENTAL,CITY OF BACOLOD,TACULING,45010371,PARTYLIST,111 FRONTLINERS ANG BIDA,3,0.54 %
REGION VI,NEGROS OCCIDENTAL,CITY OF BACOLOD,TACULING,45010371,PARTYLIST,112 KASAMA,0,0.00 %
REGION VI,NEGROS OCCIDENTAL,CITY OF BACOLOD,TACULING,45010371,PARTYLIST,113 AKO BISDAK,0,0.00 %
REGION VI,NEGROS OCCIDENTAL,CITY OF BACOLOD,TACULING,45010371,PARTYLIST,114 GP PARTY,0,0.00 %
REGION VI,NEGROS OCCIDENTAL,CITY OF BACOLOD,TACULING,45010371,PARTYLIST,115 BAHAY,0,0.00 %
REGION VI,NEGROS OCCIDENTAL,CITY OF BACOLOD,TACULING,45010371,PARTYLIST,116 MAGSASAKA,2,0.36 %
REGION VI,NEGROS OCCIDENTAL,CITY OF BACOLOD,TACULING,45010371,PARTYLIST,117 MARINO,6,1.09 %
REGION VI,NEGROS OCCIDENTAL,CITY OF BACOLOD,TACULING,45010371,PARTYLIST,118 UNITED FRONTLINERS,0,0.00 %
REGION VI,NEGROS OCCIDENTAL,CITY OF BACOLOD,TACULING,45010371,PARTYLIST,119 L.O.G.R.O. KUSINERO,0,0.00 %
REGION VI,NEGROS OCCIDENTAL,CITY OF BACOLOD,TACULING,45010371,PARTYLIST,120 BPO,0,0.00 %
REGION VI,NEGROS OCCIDENTAL,CITY OF BACOLOD,TACULING,45010371,PARTYLIST,121 ABANG LINGKOD,114,20.84 %
REGION VI,NEGROS OCCIDENTAL,CITY OF BACOLOD,TACULING,45010371,PARTYLIST,122 KUSUG TAUSUG,0,0.00 %
REGION VI,NEGROS OCCIDENTAL,CITY OF BACOLOD,TACULING,45010371,PARTYLIST,123 PLM,0,0.00 %
REGION VI,NEGROS OCCIDENTAL,CITY OF BACOLOD,TACULING,45010371,PARTYLIST,124 OK PARTYLIST,0,0.00 %
REGION VI,NEGROS OCCIDENTAL,CITY OF BACOLOD,TACULING,45010371,PARTYLIST,125 A TEACHER,5,0.91 %
REGION VI,NEGROS OCCIDENTAL,CITY OF BACOLOD,TACULING,45010371,PARTYLIST,126 PASADA-CC,0,0.00 %
REGION VI,NEGROS OCCIDENTAL,CITY OF BACOLOD,TACULING,45010371,PARTYLIST,127 OFW FAMILY,0,0.00 %
REGION VI,NEGROS OCCIDENTAL,CITY OF BACOLOD,TACULING,45010371,PARTYLIST,128 ANGKLA,3,0.54 %
REGION VI,NEGROS OCCIDENTAL,CITY OF BACOLOD,TACULING,45010371,PARTYLIST,129 COCOMAN,0,0.00 %
REGION VI,NEGROS OCCIDENTAL,CITY OF BACOLOD,TACULING,45010371,PARTYLIST,130 ACT AS ONE,3,0.54 %
REGION VI,NEGROS OCCIDENTAL,CITY OF BACOLOD,TACULING,45010371,PARTYLIST,131 AKO ILOCANO AKO,11,2.01 %
REGION VI,NEGROS OCCIDENTAL,CITY OF BACOLOD,TACULING,45010371,PARTYLIST,132 TRABAHO,1,0.18 %
REGION VI,NEGROS OCCIDENTAL,CITY OF BACOLOD,TACULING,45010371,PARTYLIST,133 PATROL,0,0.00 %
REGION VI,NEGROS OCCIDENTAL,CITY OF BACOLOD,TACULING,45010371,PARTYLIST,134 AKO PADAYON,0,0.00 %
REGION VI,NEGROS OCCIDENTAL,CITY OF BACOLOD,TACULING,45010371,PARTYLIST,135 ABONO,0,0.00 %
REGION VI,NEGROS OCCIDENTAL,CITY OF BACOLOD,TACULING,45010371,PARTYLIST,136 MANILA TEACHERS,0,0.00 %
REGION VI,NEGROS OCCIDENTAL,CITY OF BACOLOD,TACULING,45010371,PARTYLIST,137 KOOP-KAMPI,0,0.00 %
REGION VI,NEGROS OCCIDENTAL,CITY OF BACOLOD,TACULING,45010371,PARTYLIST,138 MAYPAGASA,0,0.00 %
REGION VI,NEGROS OCCIDENTAL,CITY OF BACOLOD,TACULING,45010371,PARTYLIST,139 PVAID,0,0.00 %
REGION VI,NEGROS OCCIDENTAL,CITY OF BACOLOD,TACULING,45010371,PARTYLIST,140 TUTOK TO WIN,5,0.91 %
REGION VI,NEGROS OCCIDENTAL,CITY OF BACOLOD,TACULING,45010371,PARTYLIST,141 BAYAN MUNA,5,0.91 %
REGION VI,NEGROS OCCIDENTAL,CITY OF BACOLOD,TACULING,45010371,PARTYLIST,142 API,0,0.00 %
REGION VI,NEGROS OCCIDENTAL,CITY OF BACOLOD,TACULING,45010371,PARTYLIST,143 ARTE,0,0.00 %
REGION VI,NEGROS OCCIDENTAL,CITY OF BACOLOD,TACULING,45010371,PARTYLIST,144 ASAP,0,0.00 %
REGION VI,NEGROS OCCIDENTAL,CITY OF BACOLOD,TACULING,45010371,PARTYLIST,145 BUNYOG,0,0.00 %
REGION VI,NEGROS OCCIDENTAL,CITY OF BACOLOD,TACULING,45010371,PARTYLIST,146 AKBAYAN,6,1.09 %
REGION VI,NEGROS OCCIDENTAL,CITY OF BACOLOD,TACULING,45010371,PARTYLIST,147 DAMAYAN,0,0.00 %
REGION VI,NEGROS OCCIDENTAL,CITY OF BACOLOD,TACULING,45010371,PARTYLIST,148 WIFI,2,0.36 %
REGION VI,NEGROS OCCIDENTAL,CITY OF BACOLOD,TACULING,45010371,PARTYLIST,149 CANCER PARTY LIST,2,0.36 %
REGION VI,NEGROS OCCIDENTAL,CITY OF BACOLOD,TACULING,45010371,PARTYLIST,150 1-ANG EDUKASYON,4,0.73 %
REGION VI,NEGROS OCCIDENTAL,CITY OF BACOLOD,TACULING,45010371,PARTYLIST,151 UFCC,0,0.00 %
REGION VI,NEGROS OCCIDENTAL,CITY OF BACOLOD,TACULING,45010371,PARTYLIST,152 AGRI,2,0.36 %
REGION VI,NEGROS OCCIDENTAL,CITY OF BACOLOD,TACULING,45010371,PARTYLIST,153 MAHARLIKA,0,0.00 %
REGION VI,NEGROS OCCIDENTAL,CITY OF BACOLOD,TACULING,45010371,PARTYLIST,154 ANAKPAWIS,1,0.18 %
REGION VI,NEGROS OCCIDENTAL,CITY OF BACOLOD,TACULING,45010371,PARTYLIST,155 1TAHANAN,2,0.36 %
REGION VI,NEGROS OCCIDENTAL,CITY OF BACOLOD,TACULING,45010371,PARTYLIST,156 TURISMO,3,0.54 %
REGION VI,NEGROS OCCIDENTAL,CITY OF BACOLOD,TACULING,45010371,PARTYLIST,157 APEC,6,1.09 %
REGION VI,NEGROS OCCIDENTAL,CITY OF BACOLOD,TACULING,45010371,PARTYLIST,158 SENIOR CITIZENS PARTYLIST,20,3.65 %
REGION VI,NEGROS OCCIDENTAL,CITY OF BACOLOD,TACULING,45010371,PARTYLIST,159 AASENSO,1,0.18 %
REGION VI,NEGROS OCCIDENTAL,CITY OF BACOLOD,TACULING,45010371,PARTYLIST,160 AMIN,0,0.00 %
REGION VI,NEGROS OCCIDENTAL,CITY OF BACOLOD,TACULING,45010371,PARTYLIST,161 1-PACMAN,3,0.54 %
REGION VI,NEGROS OCCIDENTAL,CITY OF BACOLOD,TACULING,45010371,PARTYLIST,162 ABB-NFCPI,0,0.00 %
REGION VI,NEGROS OCCIDENTAL,CITY OF BACOLOD,TACULING,45010371,PARTYLIST,163 AN WARAY,0,0.00 %
REGION VI,NEGROS OCCIDENTAL,CITY OF BACOLOD,TACULING,45010371,PARTYLIST,164 AP PARTYLIST,3,0.54 %
REGION VI,NEGROS OCCIDENTAL,CITY OF BACOLOD,TACULING,45010371,PARTYLIST,165 AKAP PINOY,0,0.00 %
REGION VI,NEGROS OCCIDENTAL,CITY OF BACOLOD,TACULING,45010371,PARTYLIST,166 BUHAY,2,0.36 %
REGION VI,NEGROS OCCIDENTAL,CITY OF BACOLOD,TACULING,45010371,PARTYLIST,167 ARISE,0,0.00 %
REGION VI,NEGROS OCCIDENTAL,CITY OF BACOLOD,TACULING,45010371,PARTYLIST,168 IWI,0,0.00 %
REGION VI,NEGROS OCCIDENTAL,CITY OF BACOLOD,TACULING,45010371,PARTYLIST,169 ANG TINIG NG SENIORS,0,0.00 %
REGION VI,NEGROS OCCIDENTAL,CITY OF BACOLOD,TACULING,45010371,PARTYLIST,170 LBP,1,0.18 %
REGION VI,NEGROS OCCIDENTAL,CITY OF BACOLOD,TACULING,45010371,PARTYLIST,171 IPEACE EPANAW,0,0.00 %
REGION VI,NEGROS OCCIDENTAL,CITY OF BACOLOD,TACULING,45010371,PARTYLIST,172 APAT-DAPAT,0,0.00 %
REGION VI,NEGROS OCCIDENTAL,CITY OF BACOLOD,TACULING,45010371,PARTYLIST,173 UMA ILONGGO,9,1.64 %
REGION VI,NEGROS OCCIDENTAL,CITY OF BACOLOD,TACULING,45010371,PARTYLIST,174 AYUDA,1,0.18 %
REGION VI,NEGROS OCCIDENTAL,CITY OF BACOLOD,TACULING,45010371,PARTYLIST,175 SAMBAYANAN,1,0.18 %
REGION VI,NEGROS OCCIDENTAL,CITY OF BACOLOD,TACULING,45010371,PARTYLIST,176 AKO BREEDER,6,1.09 %
REGION VI,NEGROS OCCIDENTAL,CITY OF BACOLOD,TACULING,45010371,PARTYLIST,177 FPJ,0,0.00 %
REGION VI,NEGROS OCCIDENTAL,CITY OF BACOLOD,TACULING,45010371,PARTYLIST,178 LIBRO,0,0.00 %
REGION VI,NEGROS OCCIDENTAL,CITY OF BACOLOD,TACULING,45010371,REP,Candidate,Votes,Percentage
REGION VI,NEGROS OCCIDENTAL,CITY OF BACOLOD,TACULING,45010371,REP,"ATAYDE, DAN (IND)",258,40.50 %
REGION VI,NEGROS OCCIDENTAL,CITY OF BACOLOD,TACULING,45010371,REP,"DAVID, WILLY (IND)",2,0.31 %
REGION VI,NEGROS OCCIDENTAL,CITY OF BACOLOD,TACULING,45010371,REP,"GASATAYA, GREG (NPC)",372,58.39 %
REGION VI,NEGROS OCCIDENTAL,CITY OF BACOLOD,TACULING,45010371,REP,"GUSTILO, ROMY (IND)",4,0.62 %
REGION VI,NEGROS OCCIDENTAL,CITY OF BACOLOD,TACULING,45010371,REP,"SAN MIGUEL, NONONG (PDDS)",1,0.15 %
REGION VI,NEGROS OCCIDENTAL,CITY OF BACOLOD,TACULING,45010371,MAYOR,Candidate,Votes,Percentage
REGION VI,NEGROS OCCIDENTAL,CITY OF BACOLOD,TACULING,45010371,MAYOR,"BENITEZ, ALBEE (PDPLBN)",348,52.88 %
REGION VI,NEGROS OCCIDENTAL,CITY OF BACOLOD,TACULING,45010371,MAYOR,"LEONARDIA, BING (NP)",310,47.11 %
REGION VI,NEGROS OCCIDENTAL,CITY OF BACOLOD,TACULING,45010371,VICE_MAYOR,Candidate,Votes,Percentage
REGION VI,NEGROS OCCIDENTAL,CITY OF BACOLOD,TACULING,45010371,VICE_MAYOR,"DISTRITO, CAESAR (PDPLBN)",171,27.05 %
REGION VI,NEGROS OCCIDENTAL,CITY OF BACOLOD,TACULING,45010371,VICE_MAYOR,"FAMILIARAN, EL CID (NP)",339,53.63 %
REGION VI,NEGROS OCCIDENTAL,CITY OF BACOLOD,TACULING,45010371,VICE_MAYOR,"GAMBOA, WILSON JR. (IND)",122,19.30 %
REGION VI,NEGROS OCCIDENTAL,CITY OF BACOLOD,TACULING,45010371,SP,Candidate,Votes,Percentage
REGION VI,NEGROS OCCIDENTAL,CITY OF BACOLOD,TACULING,45010371,SP,"ANG, EM (NP)",310,4.82 %
REGION VI,NEGROS OCCIDENTAL,CITY OF BACOLOD,TACULING,45010371,SP,"ARROYO, ALAN (IND)",44,0.68 %
REGION VI,NEGROS OCCIDENTAL,CITY OF BACOLOD,TACULING,45010371,SP,"AUJERO, JORGE THE WISE (IND)",11,0.17 %
REGION VI,NEGROS OCCIDENTAL,CITY OF BACOLOD,TACULING,45010371,SP,"BAIS, HOMER (PDPLBN)",173,2.69 %
REGION VI,NEGROS OCCIDENTAL,CITY OF BACOLOD,TACULING,45010371,SP,"BARIBAR, ARCHIE (PROMDI)",250,3.89 %
REGION VI,NEGROS OCCIDENTAL,CITY OF BACOLOD,TACULING,45010371,SP,"BELARIO, 007 (IND)",20,0.31 %
REGION VI,NEGROS OCCIDENTAL,CITY OF BACOLOD,TACULING,45010371,SP,"BELORIA, TOTO CESAR (IND)",92,1.43 %
REGION VI,NEGROS OCCIDENTAL,CITY OF BACOLOD,TACULING,45010371,SP,"CONTRERAS, LR (PRP)",33,0.51 %
REGION VI,NEGROS OCCIDENTAL,CITY OF BACOLOD,TACULING,45010371,SP,"DIAZ, JONATHAN JR. (NP)",167,2.60 %
REGION VI,NEGROS OCCIDENTAL,CITY OF BACOLOD,TACULING,45010371,SP,"DISTRITO, SIMPLE (PDPLBN)",183,2.85 %
REGION VI,NEGROS OCCIDENTAL,CITY OF BACOLOD,TACULING,45010371,SP,"ESPINO, AL (NPC)",216,3.36 %
REGION VI,NEGROS OCCIDENTAL,CITY OF BACOLOD,TACULING,45010371,SP,"FLOR, CELIA (IND)",275,4.28 %
REGION VI,NEGROS OCCIDENTAL,CITY OF BACOLOD,TACULING,45010371,SP,"GICO, VIC (IND)",24,0.37 %
REGION VI,NEGROS OCCIDENTAL,CITY OF BACOLOD,TACULING,45010371,SP,"GONZALEZ, VLADI (PDPLBN)",238,3.70 %
REGION VI,NEGROS OCCIDENTAL,CITY OF BACOLOD,TACULING,45010371,SP,"GUILLEM, ED (NP)",199,3.09 %
REGION VI,NEGROS OCCIDENTAL,CITY OF BACOLOD,TACULING,45010371,SP,"HERMOSURA, BONG (IND)",55,0.85 %
REGION VI,NEGROS OCCIDENTAL,CITY OF BACOLOD,TACULING,45010371,SP,"JAUOD, JIFFY (IND)",25,0.38 %
REGION VI,NEGROS OCCIDENTAL,CITY OF BACOLOD,TACULING,45010371,SP,"LACSON, PATRICK (PDPLBN)",209,3.25 %
REGION VI,NEGROS OCCIDENTAL,CITY OF BACOLOD,TACULING,45010371,SP,"LOPEZ, CARL (NP)",220,3.42 %
REGION VI,NEGROS OCCIDENTAL,CITY OF BACOLOD,TACULING,45010371,SP,"MAYO, MARK STEVEN (NPC)",69,1.07 %
REGION VI,NEGROS OCCIDENTAL,CITY OF BACOLOD,TACULING,45010371,SP,"MONTALVO, CASH (NP)",207,3.22 %
REGION VI,NEGROS OCCIDENTAL,CITY OF BACOLOD,TACULING,45010371,SP,"NACIONALES, FERMIN (IND)",14,0.21 %
REGION VI,NEGROS OCCIDENTAL,CITY OF BACOLOD,TACULING,45010371,SP,"NOVERO, RENECITO (NP)",307,4.78 %
REGION VI,NEGROS OCCIDENTAL,CITY OF BACOLOD,TACULING,45010371,SP,"OROLA, BART (PDPLBN)",175,2.72 %
REGION VI,NEGROS OCCIDENTAL,CITY OF BACOLOD,TACULING,45010371,SP,"PADIOS, EDUARDO (PPM)",73,1.13 %
REGION VI,NEGROS OCCIDENTAL,CITY OF BACOLOD,TACULING,45010371,SP,"PUENTEVELLA, KALAW (PROMDI)",232,3.61 %
REGION VI,NEGROS OCCIDENTAL,CITY OF BACOLOD,TACULING,45010371,SP,"RAMOS, DINDO (NP)",241,3.75 %
REGION VI,NEGROS OCCIDENTAL,CITY OF BACOLOD,TACULING,45010371,SP,"ROJAS, CINDY (NP)",339,5.28 %
REGION VI,NEGROS OCCIDENTAL,CITY OF BACOLOD,TACULING,45010371,SP,"SALANGA, ISRAEL (NP)",314,4.89 %
REGION VI,NEGROS OCCIDENTAL,CITY OF BACOLOD,TACULING,45010371,SP,"SAYSON, THADDY (PDPLBN)",314,4.89 %
REGION VI,NEGROS OCCIDENTAL,CITY OF BACOLOD,TACULING,45010371,SP,"SOLIDUM, MARLON (NPC)",206,3.20 %
REGION VI,NEGROS OCCIDENTAL,CITY OF BACOLOD,TACULING,45010371,SP,"SORONGON, CHRIS (NP)",244,3.80 %
REGION VI,NEGROS OCCIDENTAL,CITY OF BACOLOD,TACULING,45010371,SP,"SY, PAO (NPC)",195,3.03 %
REGION VI,NEGROS OCCIDENTAL,CITY OF BACOLOD,TACULING,45010371,SP,"TAN, CANO GWAPO (AKSYON)",172,2.67 %
REGION VI,NEGROS OCCIDENTAL,CITY OF BACOLOD,TACULING,45010371,SP,"VERDEFLOR, SONYA (UNEGA)",258,4.01 %
REGION VI,NEGROS OCCIDENTAL,CITY OF BACOLOD,TACULING,45010371,SP,"VILLAFUERTE, RICO (IND)",53,0.82 %
REGION VI,NEGROS OCCIDENTAL,CITY OF BACOLOD,TACULING,45010371,SP,"VILLAROSA, JASON (LAKAS)",224,3.48 %
REGION VI,NEGROS OCCIDENTAL,CITY OF BACOLOD,TACULING,45010371,SP,"WEBER, CHRISTIAN (IND)",39,0.60 %
region,province,city,barangay,precinct,position,candidate,votes,percentage
REGION VI,NEGROS OCCIDENTAL,CITY OF BACOLOD,TACULING,45010372,PRESIDENT,Candidate,Votes,Percentage
REGION VI,NEGROS OCCIDENTAL,CITY OF BACOLOD,TACULING,45010372,PRESIDENT,"ABELLA, ERNIE (IND)",0,0.00 %
REGION VI,NEGROS OCCIDENTAL,CITY OF BACOLOD,TACULING,45010372,PRESIDENT,"DE GUZMAN, LEODY (PLM)",1,0.16 %
REGION VI,NEGROS OCCIDENTAL,CITY OF BACOLOD,TACULING,45010372,PRESIDENT,"DOMAGOSO, ISKO MORENO (AKSYON)",29,4.67 %
REGION VI,NEGROS OCCIDENTAL,CITY OF BACOLOD,TACULING,45010372,PRESIDENT,"GONZALES, NORBERTO (PDSP)",2,0.32 %
REGION VI,NEGROS OCCIDENTAL,CITY OF BACOLOD,TACULING,45010372,PRESIDENT,"LACSON, PING (PDR)",11,1.77 %
REGION VI,NEGROS OCCIDENTAL,CITY OF BACOLOD,TACULING,45010372,PRESIDENT,"MANGONDATO, FAISAL (KTPNAN)",0,0.00 %
REGION VI,NEGROS OCCIDENTAL,CITY OF BACOLOD,TACULING,45010372,PRESIDENT,"MARCOS, BONGBONG (PFP)",267,43.06 %
REGION VI,NEGROS OCCIDENTAL,CITY OF BACOLOD,TACULING,45010372,PRESIDENT,"MONTEMAYOR, JOSE JR. (DPP)",1,0.16 %
REGION VI,NEGROS OCCIDENTAL,CITY OF BACOLOD,TACULING,45010372,PRESIDENT,"PACQUIAO, MANNY PACMAN(PROMDI)",59,9.51 %
REGION VI,NEGROS OCCIDENTAL,CITY OF BACOLOD,TACULING,45010372,PRESIDENT,"ROBREDO, LENI (IND)",250,40.32 %
REGION VI,NEGROS OCCIDENTAL,CITY OF BACOLOD,TACULING,45010372,VICE_PRESIDENT,Candidate,Votes,Percentage
REGION VI,NEGROS OCCIDENTAL,CITY OF BACOLOD,TACULING,45010372,VICE_PRESIDENT,"ATIENZA, LITO (PROMDI)",5,0.82 %
REGION VI,NEGROS OCCIDENTAL,CITY OF BACOLOD,TACULING,45010372,VICE_PRESIDENT,"BELLO, WALDEN (PLM)",0,0.00 %
REGION VI,NEGROS OCCIDENTAL,CITY OF BACOLOD,TACULING,45010372,VICE_PRESIDENT,"DAVID, RIZALITO (DPP)",1,0.16 %
REGION VI,NEGROS OCCIDENTAL,CITY OF BACOLOD,TACULING,45010372,VICE_PRESIDENT,"DUTERTE, SARA (LAKAS)",253,41.61 %
REGION VI,NEGROS OCCIDENTAL,CITY OF BACOLOD,TACULING,45010372,VICE_PRESIDENT,"LOPEZ, MANNY SD (WPP)",4,0.65 %
REGION VI,NEGROS OCCIDENTAL,CITY OF BACOLOD,TACULING,45010372,VICE_PRESIDENT,"ONG, DOC WILLIE (AKSYON)",30,4.93 %
REGION VI,NEGROS OCCIDENTAL,CITY OF BACOLOD,TACULING,45010372,VICE_PRESIDENT,"PANGILINAN, KIKO (LP)",157,25.82 %
REGION VI,NEGROS OCCIDENTAL,CITY OF BACOLOD,TACULING,45010372,VICE_PRESIDENT,"SERAPIO, CARLOS (KTPNAN)",1,0.16 %
REGION VI,NEGROS OCCIDENTAL,CITY OF BACOLOD,TACULING,45010372,VICE_PRESIDENT,"SOTTO, VICENTE TITO (NPC)",157,25.82 %
REGION VI,NEGROS OCCIDENTAL,CITY OF BACOLOD,TACULING,45010372,SENATOR,Candidate,Votes,Percentage
REGION VI,NEGROS OCCIDENTAL,CITY OF BACOLOD,TACULING,45010372,SENATOR,"AFUANG, ABNER (IND)",10,0.18 %
REGION VI,NEGROS OCCIDENTAL,CITY OF BACOLOD,TACULING,45010372,SENATOR,"ALBANI, IBRAHIM (WPP)",3,0.05 %
REGION VI,NEGROS OCCIDENTAL,CITY OF BACOLOD,TACULING,45010372,SENATOR,"ARRANZA, MANG JESS (IND)",12,0.22 %
REGION VI,NEGROS OCCIDENTAL,CITY OF BACOLOD,TACULING,45010372,SENATOR,"BAGUILAT, TEDDY (LP)",72,1.34 %
REGION VI,NEGROS OCCIDENTAL,CITY OF BACOLOD,TACULING,45010372,SENATOR,"BAILEN, AGNES (IND)",7,0.13 %
REGION VI,NEGROS OCCIDENTAL,CITY OF BACOLOD,TACULING,45010372,SENATOR,"BALITA, CARL (AKSYON)",41,0.76 %
REGION VI,NEGROS OCCIDENTAL,CITY OF BACOLOD,TACULING,45010372,SENATOR,"BARBO, LUTZ (PDPLBN)",5,0.09 %
REGION VI,NEGROS OCCIDENTAL,CITY OF BACOLOD,TACULING,45010372,SENATOR,"BAUTISTA, HERBERT BISTEK (NPC)",145,2.70 %
REGION VI,NEGROS OCCIDENTAL,CITY OF BACOLOD,TACULING,45010372,SENATOR,"BELGICA, GRECO (PDDS)",20,0.37 %
REGION VI,NEGROS OCCIDENTAL,CITY OF BACOLOD,TACULING,45010372,SENATOR,"BELLO, SILVESTRE JR. (PDPLBN)",16,0.29 %
REGION VI,NEGROS OCCIDENTAL,CITY OF BACOLOD,TACULING,45010372,SENATOR,"BINAY, JOJO (UNA)",113,2.10 %
REGION VI,NEGROS OCCIDENTAL,CITY OF BACOLOD,TACULING,45010372,SENATOR,"CABONEGRO, ROY (PLM)",8,0.14 %
REGION VI,NEGROS OCCIDENTAL,CITY OF BACOLOD,TACULING,45010372,SENATOR,"CASTRICIONES, BRO JOHN(PDPLBN)",4,0.07 %
REGION VI,NEGROS OCCIDENTAL,CITY OF BACOLOD,TACULING,45010372,SENATOR,"CAYETANO, ALAN PETER (IND)",212,3.95 %
REGION VI,NEGROS OCCIDENTAL,CITY OF BACOLOD,TACULING,45010372,SENATOR,"CHAVEZ, MELCHOR (WPP)",13,0.24 %
REGION VI,NEGROS OCCIDENTAL,CITY OF BACOLOD,TACULING,45010372,SENATOR,"COLMENARES, NERI (MKBYN)",186,3.47 %
REGION VI,NEGROS OCCIDENTAL,CITY OF BACOLOD,TACULING,45010372,SENATOR,"D'ANGELO, DAVID (PLM)",6,0.11 %
REGION VI,NEGROS OCCIDENTAL,CITY OF BACOLOD,TACULING,45010372,SENATOR,"DE LIMA, LEILA (LP)",140,2.61 %
REGION VI,NEGROS OCCIDENTAL,CITY OF BACOLOD,TACULING,45010372,SENATOR,"DEL ROSARIO, MONSOUR (PDR)",85,1.58 %
REGION VI,NEGROS OCCIDENTAL,CITY OF BACOLOD,TACULING,45010372,SENATOR,"DIAZ, DING (PPP)",7,0.13 %
REGION VI,NEGROS OCCIDENTAL,CITY OF BACOLOD,TACULING,45010372,SENATOR,"DIOKNO, CHEL (KANP)",178,3.32 %
REGION VI,NEGROS OCCIDENTAL,CITY OF BACOLOD,TACULING,45010372,SENATOR,"EJERCITO, JV ESTRADA (NPC)",166,3.09 %
REGION VI,NEGROS OCCIDENTAL,CITY OF BACOLOD,TACULING,45010372,SENATOR,"ELEAZAR, GEN. GUILLERMO (PDR)",159,2.96 %
REGION VI,NEGROS OCCIDENTAL,CITY OF BACOLOD,TACULING,45010372,SENATOR,"EREÑO, BRO. ERNIE (PM)",5,0.09 %
REGION VI,NEGROS OCCIDENTAL,CITY OF BACOLOD,TACULING,45010372,SENATOR,"ESCUDERO, CHIZ (NPC)",239,4.45 %
REGION VI,NEGROS OCCIDENTAL,CITY OF BACOLOD,TACULING,45010372,SENATOR,"ESPIRITU, LUKE (PLM)",106,1.97 %
REGION VI,NEGROS OCCIDENTAL,CITY OF BACOLOD,TACULING,45010372,SENATOR,"ESTRADA, JINGGOY (PMP)",115,2.14 %
REGION VI,NEGROS OCCIDENTAL,CITY OF BACOLOD,TACULING,45010372,SENATOR,"FALCONE, BAL FALCON (DPP)",5,0.09 %
REGION VI,NEGROS OCCIDENTAL,CITY OF BACOLOD,TACULING,45010372,SENATOR,"GADON, LARRY (KBL)",86,1.60 %
REGION VI,NEGROS OCCIDENTAL,CITY OF BACOLOD,TACULING,45010372,SENATOR,"GATCHALIAN, WIN (NPC)",219,4.08 %
REGION VI,NEGROS OCCIDENTAL,CITY OF BACOLOD,TACULING,45010372,SENATOR,"GORDON, WOW DICK (BVNP)",154,2.87 %
REGION VI,NEGROS OCCIDENTAL,CITY OF BACOLOD,TACULING,45010372,SENATOR,"GUTOC, SAMIRA (AKSYON)",21,0.39 %
REGION VI,NEGROS OCCIDENTAL,CITY OF BACOLOD,TACULING,45010372,SENATOR,"HONASAN, GRINGO (IND)",117,2.18 %
REGION VI,NEGROS OCCIDENTAL,CITY OF BACOLOD,TACULING,45010372,SENATOR,"HONTIVEROS, RISA (AKBAYAN)",240,4.47 %
REGION VI,NEGROS OCCIDENTAL,CITY OF BACOLOD,TACULING,45010372,SENATOR,"JAVELLANA, RJ (IND)",18,0.33 %
REGION VI,NEGROS OCCIDENTAL,CITY OF BACOLOD,TACULING,45010372,SENATOR,"KIRAM, NUR-MAHAL (IND)",6,0.11 %
REGION VI,NEGROS OCCIDENTAL,CITY OF BACOLOD,TACULING,45010372,SENATOR,"LABOG, ELMER (MKBYN)",14,0.26 %
REGION VI,NEGROS OCCIDENTAL,CITY OF BACOLOD,TACULING,45010372,SENATOR,"LACSON, KUYA ALEX (KP)",126,2.35 %
REGION VI,NEGROS OCCIDENTAL,CITY OF BACOLOD,TACULING,45010372,SENATOR,"LANGIT, REY (PDPLBN)",12,0.22 %
REGION VI,NEGROS OCCIDENTAL,CITY OF BACOLOD,TACULING,45010372,SENATOR,"LEGARDA, LOREN (NPC)",282,5.26 %
REGION VI,NEGROS OCCIDENTAL,CITY OF BACOLOD,TACULING,45010372,SENATOR,"LIM, ARIEL (IND)",8,0.14 %
REGION VI,NEGROS OCCIDENTAL,CITY OF BACOLOD,TACULING,45010372,SENATOR,"MALLILLIN, EMILY (PPM)",2,0.03 %
REGION VI,NEGROS OCCIDENTAL,CITY OF BACOLOD,TACULING,45010372,SENATOR,"MARCOLETA, RODANTE (PDPLBN)",31,0.57 %
REGION VI,NEGROS OCCIDENTAL,CITY OF BACOLOD,TACULING,45010372,SENATOR,"MARCOS, FRANCIS LEO (IND)",43,0.80 %
REGION VI,NEGROS OCCIDENTAL,CITY OF BACOLOD,TACULING,45010372,SENATOR,"MATULA, SONNY (IND)",49,0.91 %
REGION VI,NEGROS OCCIDENTAL,CITY OF BACOLOD,TACULING,45010372,SENATOR,"MINDALANO-ADAM,MARIETA(KTPNAN)",4,0.07 %
REGION VI,NEGROS OCCIDENTAL,CITY OF BACOLOD,TACULING,45010372,SENATOR,"OLARTE, ATTY/DR. LEO (BIGKIS)",11,0.20 %
REGION VI,NEGROS OCCIDENTAL,CITY OF BACOLOD,TACULING,45010372,SENATOR,"PADILLA, DRA. MINGUITA (PDR)",45,0.83 %
REGION VI,NEGROS OCCIDENTAL,CITY OF BACOLOD,TACULING,45010372,SENATOR,"PADILLA, ROBIN (PDPLBN)",242,4.51 %
REGION VI,NEGROS OCCIDENTAL,CITY OF BACOLOD,TACULING,45010372,SENATOR,"PANELO, SAL PANALO (PDPLBN)",49,0.91 %
REGION VI,NEGROS OCCIDENTAL,CITY OF BACOLOD,TACULING,45010372,SENATOR,"PIMENTEL, ASTRA (PDPLBN)",32,0.59 %
REGION VI,NEGROS OCCIDENTAL,CITY OF BACOLOD,TACULING,45010372,SENATOR,"PIÑOL, MANNY (NPC)",35,0.65 %
REGION VI,NEGROS OCCIDENTAL,CITY OF BACOLOD,TACULING,45010372,SENATOR,"RICABLANCA, WILLIE JR. (PM)",4,0.07 %
REGION VI,NEGROS OCCIDENTAL,CITY OF BACOLOD,TACULING,45010372,SENATOR,"ROQUE, HARRY SPOX (PRP)",73,1.36 %
REGION VI,NEGROS OCCIDENTAL,CITY OF BACOLOD,TACULING,45010372,SENATOR,"SAHIDULLA, LADY ANNE (PDDS)",3,0.05 %
REGION VI,NEGROS OCCIDENTAL,CITY OF BACOLOD,TACULING,45010372,SENATOR,"SISON, JOPET (AKSYON)",29,0.54 %
REGION VI,NEGROS OCCIDENTAL,CITY OF BACOLOD,TACULING,45010372,SENATOR,"TEODORO, GIBO (PRP)",180,3.35 %
REGION VI,NEGROS OCCIDENTAL,CITY OF BACOLOD,TACULING,45010372,SENATOR,"TRILLANES, ANTONIO IV (LP)",154,2.87 %
REGION VI,NEGROS OCCIDENTAL,CITY OF BACOLOD,TACULING,45010372,SENATOR,"TULFO, IDOL RAFFY (IND)",287,5.35 %
REGION VI,NEGROS OCCIDENTAL,CITY OF BACOLOD,TACULING,45010372,SENATOR,"VALEROS, REY (IND)",8,0.14 %
REGION VI,NEGROS OCCIDENTAL,CITY OF BACOLOD,TACULING,45010372,SENATOR,"VILLANUEVA,JOEL TESDAMAN (IND)",205,3.82 %
REGION VI,NEGROS OCCIDENTAL,CITY OF BACOLOD,TACULING,45010372,SENATOR,"VILLAR, MARK (NP)",188,3.50 %
REGION VI,NEGROS OCCIDENTAL,CITY OF BACOLOD,TACULING,45010372,SENATOR,"ZUBIAGA, CARMEN (IND)",24,0.44 %
REGION VI,NEGROS OCCIDENTAL,CITY OF BACOLOD,TACULING,45010372,SENATOR,"ZUBIRI, MIGZ (IND)",281,5.24 %
REGION VI,NEGROS OCCIDENTAL,CITY OF BACOLOD,TACULING,45010372,PARTYLIST,Candidate,Votes,Percentage
REGION VI,NEGROS OCCIDENTAL,CITY OF BACOLOD,TACULING,45010372,PARTYLIST,01 KAMALAYAN,0,0.00 %
REGION VI,NEGROS OCCIDENTAL,CITY OF BACOLOD,TACULING,45010372,PARTYLIST,02 KM NGAYON NA,0,0.00 %
REGION VI,NEGROS OCCIDENTAL,CITY OF BACOLOD,TACULING,45010372,PARTYLIST,03 PSIS,0,0.00 %
REGION VI,NEGROS OCCIDENTAL,CITY OF BACOLOD,TACULING,45010372,PARTYLIST,04 AGAP,4,0.86 %
REGION VI,NEGROS OCCIDENTAL,CITY OF BACOLOD,TACULING,45010372,PARTYLIST,05 KABAYAN,1,0.21 %
REGION VI,NEGROS OCCIDENTAL,CITY OF BACOLOD,TACULING,45010372,PARTYLIST,06 HOME OWNER,2,0.43 %
REGION VI,NEGROS OCCIDENTAL,CITY OF BACOLOD,TACULING,45010372,PARTYLIST,07 KAPUSO-PM,0,0.00 %
REGION VI,NEGROS OCCIDENTAL,CITY OF BACOLOD,TACULING,45010372,PARTYLIST,08 PDP CARES,1,0.21 %
REGION VI,NEGROS OCCIDENTAL,CITY OF BACOLOD,TACULING,45010372,PARTYLIST,09 MARVELOUS TAYO,0,0.00 %
REGION VI,NEGROS OCCIDENTAL,CITY OF BACOLOD,TACULING,45010372,PARTYLIST,10 AKO OFW,2,0.43 %
REGION VI,NEGROS OCCIDENTAL,CITY OF BACOLOD,TACULING,45010372,PARTYLIST,11 UNITED SENIOR CITIZEN,5,1.07 %
REGION VI,NEGROS OCCIDENTAL,CITY OF BACOLOD,TACULING,45010372,PARTYLIST,12 WOW PILIPINAS,0,0.00 %
REGION VI,NEGROS OCCIDENTAL,CITY OF BACOLOD,TACULING,45010372,PARTYLIST,13 ALTERNATIBA,0,0.00 %
REGION VI,NEGROS OCCIDENTAL,CITY OF BACOLOD,TACULING,45010372,PARTYLIST,14 1-RIDER PARTYLIST,8,1.72 %
REGION VI,NEGROS OCCIDENTAL,CITY OF BACOLOD,TACULING,45010372,PARTYLIST,15 1-CARE,1,0.21 %
REGION VI,NEGROS OCCIDENTAL,CITY OF BACOLOD,TACULING,45010372,PARTYLIST,16 ABP,0,0.00 %
REGION VI,NEGROS OCCIDENTAL,CITY OF BACOLOD,TACULING,45010372,PARTYLIST,17 AKO MUSIKERO,1,0.21 %
REGION VI,NEGROS OCCIDENTAL,CITY OF BACOLOD,TACULING,45010372,PARTYLIST,18 AKO BICOL,0,0.00 %
REGION VI,NEGROS OCCIDENTAL,CITY OF BACOLOD,TACULING,45010372,PARTYLIST,19 PRAI,1,0.21 %
REGION VI,NEGROS OCCIDENTAL,CITY OF BACOLOD,TACULING,45010372,PARTYLIST,20 4PS,2,0.43 %
REGION VI,NEGROS OCCIDENTAL,CITY OF BACOLOD,TACULING,45010372,PARTYLIST,21 MAAGAP,0,0.00 %
REGION VI,NEGROS OCCIDENTAL,CITY OF BACOLOD,TACULING,45010372,PARTYLIST,22 ABANTE PILIPINAS,4,0.86 %
REGION VI,NEGROS OCCIDENTAL,CITY OF BACOLOD,TACULING,45010372,PARTYLIST,23 AKTIBONG KAAGAPAY,0,0.00 %
REGION VI,NEGROS OCCIDENTAL,CITY OF BACOLOD,TACULING,45010372,PARTYLIST,24 ALSA BISAYA,0,0.00 %
REGION VI,NEGROS OCCIDENTAL,CITY OF BACOLOD,TACULING,45010372,PARTYLIST,25 PROBINSYANO AKO,2,0.43 %
REGION VI,NEGROS OCCIDENTAL,CITY OF BACOLOD,TACULING,45010372,PARTYLIST,26 YACAP,1,0.21 %
REGION VI,NEGROS OCCIDENTAL,CITY OF BACOLOD,TACULING,45010372,PARTYLIST,27 MAGDALO,3,0.64 %
REGION VI,NEGROS OCCIDENTAL,CITY OF BACOLOD,TACULING,45010372,PARTYLIST,28 ACT-CIS,14,3.01 %
REGION VI,NEGROS OCCIDENTAL,CITY OF BACOLOD,TACULING,45010372,PARTYLIST,29 HUGPONG FEDERAL,0,0.00 %
REGION VI,NEGROS OCCIDENTAL,CITY OF BACOLOD,TACULING,45010372,PARTYLIST,30 TGP,0,0.00 %
REGION VI,NEGROS OCCIDENTAL,CITY OF BACOLOD,TACULING,45010372,PARTYLIST,31 ONE COOP,0,0.00 %
REGION VI,NEGROS OCCIDENTAL,CITY OF BACOLOD,TACULING,45010372,PARTYLIST,32 BARKADAHAN,0,0.00 %
REGION VI,NEGROS OCCIDENTAL,CITY OF BACOLOD,TACULING,45010372,PARTYLIST,33 DUMPER PTDA,1,0.21 %
REGION VI,NEGROS OCCIDENTAL,CITY OF BACOLOD,TACULING,45010372,PARTYLIST,34 MALABUNG,0,0.00 %
REGION VI,NEGROS OCCIDENTAL,CITY OF BACOLOD,TACULING,45010372,PARTYLIST,35 BH (BAGONG HENERASYON),2,0.43 %
REGION VI,NEGROS OCCIDENTAL,CITY OF BACOLOD,TACULING,45010372,PARTYLIST,36 AKMA-PTM,0,0.00 %
REGION VI,NEGROS OCCIDENTAL,CITY OF BACOLOD,TACULING,45010372,PARTYLIST,37 IPATUPAD,0,0.00 %
REGION VI,NEGROS OCCIDENTAL,CITY OF BACOLOD,TACULING,45010372,PARTYLIST,38 PINUNO,1,0.21 %
REGION VI,NEGROS OCCIDENTAL,CITY OF BACOLOD,TACULING,45010372,PARTYLIST,39 LPGMA,0,0.00 %
REGION VI,NEGROS OCCIDENTAL,CITY OF BACOLOD,TACULING,45010372,PARTYLIST,40 CLICK PARTY,0,0.00 %
REGION VI,NEGROS OCCIDENTAL,CITY OF BACOLOD,TACULING,45010372,PARTYLIST,41 TODA,0,0.00 %
REGION VI,NEGROS OCCIDENTAL,CITY OF BACOLOD,TACULING,45010372,PARTYLIST,42 BHW,2,0.43 %
REGION VI,NEGROS OCCIDENTAL,CITY OF BACOLOD,TACULING,45010372,PARTYLIST,43 MALASAKIT@BAYANIHAN,81,17.45 %
REGION VI,NEGROS OCCIDENTAL,CITY OF BACOLOD,TACULING,45010372,PARTYLIST,44 ABS,0,0.00 %
REGION VI,NEGROS OCCIDENTAL,CITY OF BACOLOD,TACULING,45010372,PARTYLIST,45 PASAHERO PARTYLIST,1,0.21 %
REGION VI,NEGROS OCCIDENTAL,CITY OF BACOLOD,TACULING,45010372,PARTYLIST,46 ANGAT,1,0.21 %
REGION VI,NEGROS OCCIDENTAL,CITY OF BACOLOD,TACULING,45010372,PARTYLIST,47 SOLID-CHANGE,0,0.00 %
REGION VI,NEGROS OCCIDENTAL,CITY OF BACOLOD,TACULING,45010372,PARTYLIST,48 BICOL SARO,0,0.00 %
REGION VI,NEGROS OCCIDENTAL,CITY OF BACOLOD,TACULING,45010372,PARTYLIST,49 OFW,4,0.86 %
REGION VI,NEGROS OCCIDENTAL,CITY OF BACOLOD,TACULING,45010372,PARTYLIST,50 ANG PROBINSIYANO,6,1.29 %
REGION VI,NEGROS OCCIDENTAL,CITY OF BACOLOD,TACULING,45010372,PARTYLIST,51 ANAKALUSUGAN,0,0.00 %
REGION VI,NEGROS OCCIDENTAL,CITY OF BACOLOD,TACULING,45010372,PARTYLIST,52 PBA,2,0.43 %
REGION VI,NEGROS OCCIDENTAL,CITY OF BACOLOD,TACULING,45010372,PARTYLIST,53 PEACE,3,0.64 %
REGION VI,NEGROS OCCIDENTAL,CITY OF BACOLOD,TACULING,45010372,PARTYLIST,54 P3PWD,14,3.01 %
REGION VI,NEGROS OCCIDENTAL,CITY OF BACOLOD,TACULING,45010372,PARTYLIST,55 S.M.I.L.E,0,0.00 %
REGION VI,NEGROS OCCIDENTAL,CITY OF BACOLOD,TACULING,45010372,PARTYLIST,56 AAMBIS-OWA,0,0.00 %
REGION VI,NEGROS OCCIDENTAL,CITY OF BACOLOD,TACULING,45010372,PARTYLIST,57 BUTIL,0,0.00 %
REGION VI,NEGROS OCCIDENTAL,CITY OF BACOLOD,TACULING,45010372,PARTYLIST,58 LUNAS,0,0.00 %
REGION VI,NEGROS OCCIDENTAL,CITY OF BACOLOD,TACULING,45010372,PARTYLIST,59 ANG KOMADRONA,0,0.00 %
REGION VI,NEGROS OCCIDENTAL,CITY OF BACOLOD,TACULING,45010372,PARTYLIST,60 KABAKA,0,0.00 %
REGION VI,NEGROS OCCIDENTAL,CITY OF BACOLOD,TACULING,45010372,PARTYLIST,61 SAGIP,0,0.00 %
REGION VI,NEGROS OCCIDENTAL,CITY OF BACOLOD,TACULING,45010372,PARTYLIST,62 ANG KABUHAYAN,0,0.00 %
REGION VI,NEGROS OCCIDENTAL,CITY OF BACOLOD,TACULING,45010372,PARTYLIST,63 AKO I.P.,2,0.43 %
REGION VI,NEGROS OCCIDENTAL,CITY OF BACOLOD,TACULING,45010372,PARTYLIST,64 PHILRECA,0,0.00 %
REGION VI,NEGROS OCCIDENTAL,CITY OF BACOLOD,TACULING,45010372,PARTYLIST,65 BABAE AKO,1,0.21 %
REGION VI,NEGROS OCCIDENTAL,CITY OF BACOLOD,TACULING,45010372,PARTYLIST,66 KB,0,0.00 %
REGION VI,NEGROS OCCIDENTAL,CITY OF BACOLOD,TACULING,45010372,PARTYLIST,67 GABRIELA,6,1.29 %
REGION VI,NEGROS OCCIDENTAL,CITY OF BACOLOD,TACULING,45010372,PARTYLIST,68 KALINGA,10,2.15 %
REGION VI,NEGROS OCCIDENTAL,CITY OF BACOLOD,TACULING,45010372,PARTYLIST,69 STL,0,0.00 %
REGION VI,NEGROS OCCIDENTAL,CITY OF BACOLOD,TACULING,45010372,PARTYLIST,70 RECOBODA,0,0.00 %
REGION VI,NEGROS OCCIDENTAL,CITY OF BACOLOD,TACULING,45010372,PARTYLIST,71 ANGAT PINOY,0,0.00 %
REGION VI,NEGROS OCCIDENTAL,CITY OF BACOLOD,TACULING,45010372,PARTYLIST,72 ANAC-IP,0,0.00 %
REGION VI,NEGROS OCCIDENTAL,CITY OF BACOLOD,TACULING,45010372,PARTYLIST,73 DIWA,1,0.21 %
REGION VI,NEGROS OCCIDENTAL,CITY OF BACOLOD,TACULING,45010372,PARTYLIST,74 ASENSO PINOY,1,0.21 %
REGION VI,NEGROS OCCIDENTAL,CITY OF BACOLOD,TACULING,45010372,PARTYLIST,75 PPP,0,0.00 %
REGION VI,NEGROS OCCIDENTAL,CITY OF BACOLOD,TACULING,45010372,PARTYLIST,76 PAMILYA MUNA,4,0.86 %
REGION VI,NEGROS OCCIDENTAL,CITY OF BACOLOD,TACULING,45010372,PARTYLIST,77 AYUDA SANDUGO,0,0.00 %
REGION VI,NEGROS OCCIDENTAL,CITY OF BACOLOD,TACULING,45010372,PARTYLIST,78 BUKLOD FILIPINO,0,0.00 %
REGION VI,NEGROS OCCIDENTAL,CITY OF BACOLOD,TACULING,45010372,PARTYLIST,79 BTS,0,0.00 %
REGION VI,NEGROS OCCIDENTAL,CITY OF BACOLOD,TACULING,45010372,PARTYLIST,80 MOCHA,3,0.64 %
REGION VI,NEGROS OCCIDENTAL,CITY OF BACOLOD,TACULING,45010372,PARTYLIST,81 ACT TEACHERS,6,1.29 %
REGION VI,NEGROS OCCIDENTAL,CITY OF BACOLOD,TACULING,45010372,PARTYLIST,82 ALONA,0,0.00 %
REGION VI,NEGROS OCCIDENTAL,CITY OF BACOLOD,TACULING,45010372,PARTYLIST,83 KABALIKAT,1,0.21 %
REGION VI,NEGROS OCCIDENTAL,CITY OF BACOLOD,TACULING,45010372,PARTYLIST,84 ALIF,0,0.00 %
REGION VI,NEGROS OCCIDENTAL,CITY OF BACOLOD,TACULING,45010372,PARTYLIST,85 1-UTAP BICOL,0,0.00 %
REGION VI,NEGROS OCCIDENTAL,CITY OF BACOLOD,TACULING,45010372,PARTYLIST,86 TINGOG,0,0.00 %
REGION VI,NEGROS OCCIDENTAL,CITY OF BACOLOD,TACULING,45010372,PARTYLIST,87 H.E.L.P. PILIPINAS,0,0.00 %
REGION VI,NEGROS OCCIDENTAL,CITY OF BACOLOD,TACULING,45010372,PARTYLIST,88 TUCP,0,0.00 %
REGION VI,NEGROS OCCIDENTAL,CITY OF BACOLOD,TACULING,45010372,PARTYLIST,89 PTA,0,0.00 %
REGION VI,NEGROS OCCIDENTAL,CITY OF BACOLOD,TACULING,45010372,PARTYLIST,90 AGIMAT,0,0.00 %
REGION VI,NEGROS OCCIDENTAL,CITY OF BACOLOD,TACULING,45010372,PARTYLIST,91 KONTRA BROWNOUT,1,0.21 %
REGION VI,NEGROS OCCIDENTAL,CITY OF BACOLOD,TACULING,45010372,PARTYLIST,92 TULUNGAN TAYO,1,0.21 %
REGION VI,NEGROS OCCIDENTAL,CITY OF BACOLOD,TACULING,45010372,PARTYLIST,93 DUTERTE YOUTH,2,0.43 %
REGION VI,NEGROS OCCIDENTAL,CITY OF BACOLOD,TACULING,45010372,PARTYLIST,94 ABEKA,0,0.00 %
REGION VI,NEGROS OCCIDENTAL,CITY OF BACOLOD,TACULING,45010372,PARTYLIST,95 KABATAAN,7,1.50 %
REGION VI,NEGROS OCCIDENTAL,CITY OF BACOLOD,TACULING,45010372,PARTYLIST,97 ACTS-OFW,2,0.43 %
REGION VI,NEGROS OCCIDENTAL,CITY OF BACOLOD,TACULING,45010372,PARTYLIST,98 RAM,3,0.64 %
REGION VI,NEGROS OCCIDENTAL,CITY OF BACOLOD,TACULING,45010372,PARTYLIST,99 USWAG ILONGGO,18,3.87 %
REGION VI,NEGROS OCCIDENTAL,CITY OF BACOLOD,TACULING,45010372,PARTYLIST,100 AKO BISAYA,0,0.00 %
REGION VI,NEGROS OCCIDENTAL,CITY OF BACOLOD,TACULING,45010372,PARTYLIST,101 KAPAMILYA,1,0.21 %
REGION VI,NEGROS OCCIDENTAL,CITY OF BACOLOD,TACULING,45010372,PARTYLIST,102 PUSONG PINOY,0,0.00 %
REGION VI,NEGROS OCCIDENTAL,CITY OF BACOLOD,TACULING,45010372,PARTYLIST,103 CWS,0,0.00 %
REGION VI,NEGROS OCCIDENTAL,CITY OF BACOLOD,TACULING,45010372,PARTYLIST,104 SILBI,0,0.00 %
REGION VI,NEGROS OCCIDENTAL,CITY OF BACOLOD,TACULING,45010372,PARTYLIST,105 CIBAC,11,2.37 %
REGION VI,NEGROS OCCIDENTAL,CITY OF BACOLOD,TACULING,45010372,PARTYLIST,106 SUBANEN,0,0.00 %
REGION VI,NEGROS OCCIDENTAL,CITY OF BACOLOD,TACULING,45010372,PARTYLIST,107 AKKK,0,0.00 %
REGION VI,NEGROS OCCIDENTAL,CITY OF BACOLOD,TACULING,45010372,PARTYLIST,108 BG PARTY-LIST,0,0.00 %
REGION VI,NEGROS OCCIDENTAL,CITY OF BACOLOD,TACULING,45010372,PARTYLIST,109 PAMILYANG MAGSASAKA,1,0.21 %
REGION VI,NEGROS OCCIDENTAL,CITY OF BACOLOD,TACULING,45010372,PARTYLIST,110 COOP NATCCO,2,0.43 %
REGION VI,NEGROS OCCIDENTAL,CITY OF BACOLOD,TACULING,45010372,PARTYLIST,111 FRONTLINERS ANG BIDA,0,0.00 %
REGION VI,NEGROS OCCIDENTAL,CITY OF BACOLOD,TACULING,45010372,PARTYLIST,112 KASAMA,0,0.00 %
REGION VI,NEGROS OCCIDENTAL,CITY OF BACOLOD,TACULING,45010372,PARTYLIST,113 AKO BISDAK,0,0.00 %
REGION VI,NEGROS OCCIDENTAL,CITY OF BACOLOD,TACULING,45010372,PARTYLIST,114 GP PARTY,1,0.21 %
REGION VI,NEGROS OCCIDENTAL,CITY OF BACOLOD,TACULING,45010372,PARTYLIST,115 BAHAY,0,0.00 %
REGION VI,NEGROS OCCIDENTAL,CITY OF BACOLOD,TACULING,45010372,PARTYLIST,116 MAGSASAKA,0,0.00 %
REGION VI,NEGROS OCCIDENTAL,CITY OF BACOLOD,TACULING,45010372,PARTYLIST,117 MARINO,1,0.21 %
REGION VI,NEGROS OCCIDENTAL,CITY OF BACOLOD,TACULING,45010372,PARTYLIST,118 UNITED FRONTLINERS,2,0.43 %
REGION VI,NEGROS OCCIDENTAL,CITY OF BACOLOD,TACULING,45010372,PARTYLIST,119 L.O.G.R.O. KUSINERO,0,0.00 %
REGION VI,NEGROS OCCIDENTAL,CITY OF BACOLOD,TACULING,45010372,PARTYLIST,120 BPO,0,0.00 %
REGION VI,NEGROS OCCIDENTAL,CITY OF BACOLOD,TACULING,45010372,PARTYLIST,121 ABANG LINGKOD,136,29.31 %
REGION VI,NEGROS OCCIDENTAL,CITY OF BACOLOD,TACULING,45010372,PARTYLIST,122 KUSUG TAUSUG,1,0.21 %
REGION VI,NEGROS OCCIDENTAL,CITY OF BACOLOD,TACULING,45010372,PARTYLIST,123 PLM,0,0.00 %
REGION VI,NEGROS OCCIDENTAL,CITY OF BACOLOD,TACULING,45010372,PARTYLIST,124 OK PARTYLIST,0,0.00 %
REGION VI,NEGROS OCCIDENTAL,CITY OF BACOLOD,TACULING,45010372,PARTYLIST,125 A TEACHER,1,0.21 %
REGION VI,NEGROS OCCIDENTAL,CITY OF BACOLOD,TACULING,45010372,PARTYLIST,126 PASADA-CC,0,0.00 %
REGION VI,NEGROS OCCIDENTAL,CITY OF BACOLOD,TACULING,45010372,PARTYLIST,127 OFW FAMILY,2,0.43 %
REGION VI,NEGROS OCCIDENTAL,CITY OF BACOLOD,TACULING,45010372,PARTYLIST,128 ANGKLA,2,0.43 %
REGION VI,NEGROS OCCIDENTAL,CITY OF BACOLOD,TACULING,45010372,PARTYLIST,129 COCOMAN,0,0.00 %
REGION VI,NEGROS OCCIDENTAL,CITY OF BACOLOD,TACULING,45010372,PARTYLIST,130 ACT AS ONE,2,0.43 %
REGION VI,NEGROS OCCIDENTAL,CITY OF BACOLOD,TACULING,45010372,PARTYLIST,131 AKO ILOCANO AKO,5,1.07 %
REGION VI,NEGROS OCCIDENTAL,CITY OF BACOLOD,TACULING,45010372,PARTYLIST,132 TRABAHO,1,0.21 %
REGION VI,NEGROS OCCIDENTAL,CITY OF BACOLOD,TACULING,45010372,PARTYLIST,133 PATROL,0,0.00 %
REGION VI,NEGROS OCCIDENTAL,CITY OF BACOLOD,TACULING,45010372,PARTYLIST,134 AKO PADAYON,0,0.00 %
REGION VI,NEGROS OCCIDENTAL,CITY OF BACOLOD,TACULING,45010372,PARTYLIST,135 ABONO,0,0.00 %
REGION VI,NEGROS OCCIDENTAL,CITY OF BACOLOD,TACULING,45010372,PARTYLIST,136 MANILA TEACHERS,2,0.43 %
REGION VI,NEGROS OCCIDENTAL,CITY OF BACOLOD,TACULING,45010372,PARTYLIST,137 KOOP-KAMPI,0,0.00 %
REGION VI,NEGROS OCCIDENTAL,CITY OF BACOLOD,TACULING,45010372,PARTYLIST,138 MAYPAGASA,0,0.00 %
REGION VI,NEGROS OCCIDENTAL,CITY OF BACOLOD,TACULING,45010372,PARTYLIST,139 PVAID,0,0.00 %
REGION VI,NEGROS OCCIDENTAL,CITY OF BACOLOD,TACULING,45010372,PARTYLIST,140 TUTOK TO WIN,9,1.93 %
REGION VI,NEGROS OCCIDENTAL,CITY OF BACOLOD,TACULING,45010372,PARTYLIST,141 BAYAN MUNA,7,1.50 %
REGION VI,NEGROS OCCIDENTAL,CITY OF BACOLOD,TACULING,45010372,PARTYLIST,142 API,1,0.21 %
REGION VI,NEGROS OCCIDENTAL,CITY OF BACOLOD,TACULING,45010372,PARTYLIST,143 ARTE,1,0.21 %
REGION VI,NEGROS OCCIDENTAL,CITY OF BACOLOD,TACULING,45010372,PARTYLIST,144 ASAP,0,0.00 %
REGION VI,NEGROS OCCIDENTAL,CITY OF BACOLOD,TACULING,45010372,PARTYLIST,145 BUNYOG,0,0.00 %
REGION VI,NEGROS OCCIDENTAL,CITY OF BACOLOD,TACULING,45010372,PARTYLIST,146 AKBAYAN,9,1.93 %
REGION VI,NEGROS OCCIDENTAL,CITY OF BACOLOD,TACULING,45010372,PARTYLIST,147 DAMAYAN,0,0.00 %
REGION VI,NEGROS OCCIDENTAL,CITY OF BACOLOD,TACULING,45010372,PARTYLIST,148 WIFI,2,0.43 %
REGION VI,NEGROS OCCIDENTAL,CITY OF BACOLOD,TACULING,45010372,PARTYLIST,149 CANCER PARTY LIST,1,0.21 %
REGION VI,NEGROS OCCIDENTAL,CITY OF BACOLOD,TACULING,45010372,PARTYLIST,150 1-ANG EDUKASYON,1,0.21 %
REGION VI,NEGROS OCCIDENTAL,CITY OF BACOLOD,TACULING,45010372,PARTYLIST,151 UFCC,0,0.00 %
REGION VI,NEGROS OCCIDENTAL,CITY OF BACOLOD,TACULING,45010372,PARTYLIST,152 AGRI,1,0.21 %
REGION VI,NEGROS OCCIDENTAL,CITY OF BACOLOD,TACULING,45010372,PARTYLIST,153 MAHARLIKA,1,0.21 %
REGION VI,NEGROS OCCIDENTAL,CITY OF BACOLOD,TACULING,45010372,PARTYLIST,154 ANAKPAWIS,0,0.00 %
REGION VI,NEGROS OCCIDENTAL,CITY OF BACOLOD,TACULING,45010372,PARTYLIST,155 1TAHANAN,0,0.00 %
REGION VI,NEGROS OCCIDENTAL,CITY OF BACOLOD,TACULING,45010372,PARTYLIST,156 TURISMO,0,0.00 %
REGION VI,NEGROS OCCIDENTAL,CITY OF BACOLOD,TACULING,45010372,PARTYLIST,157 APEC,1,0.21 %
REGION VI,NEGROS OCCIDENTAL,CITY OF BACOLOD,TACULING,45010372,PARTYLIST,158 SENIOR CITIZENS PARTYLIST,3,0.64 %
REGION VI,NEGROS OCCIDENTAL,CITY OF BACOLOD,TACULING,45010372,PARTYLIST,159 AASENSO,0,0.00 %
REGION VI,NEGROS OCCIDENTAL,CITY OF BACOLOD,TACULING,45010372,PARTYLIST,160 AMIN,0,0.00 %
REGION VI,NEGROS OCCIDENTAL,CITY OF BACOLOD,TACULING,45010372,PARTYLIST,161 1-PACMAN,3,0.64 %
REGION VI,NEGROS OCCIDENTAL,CITY OF BACOLOD,TACULING,45010372,PARTYLIST,162 ABB-NFCPI,0,0.00 %
REGION VI,NEGROS OCCIDENTAL,CITY OF BACOLOD,TACULING,45010372,PARTYLIST,163 AN WARAY,0,0.00 %
REGION VI,NEGROS OCCIDENTAL,CITY OF BACOLOD,TACULING,45010372,PARTYLIST,164 AP PARTYLIST,3,0.64 %
REGION VI,NEGROS OCCIDENTAL,CITY OF BACOLOD,TACULING,45010372,PARTYLIST,165 AKAP PINOY,0,0.00 %
REGION VI,NEGROS OCCIDENTAL,CITY OF BACOLOD,TACULING,45010372,PARTYLIST,166 BUHAY,0,0.00 %
REGION VI,NEGROS OCCIDENTAL,CITY OF BACOLOD,TACULING,45010372,PARTYLIST,167 ARISE,0,0.00 %
REGION VI,NEGROS OCCIDENTAL,CITY OF BACOLOD,TACULING,45010372,PARTYLIST,168 IWI,0,0.00 %
REGION VI,NEGROS OCCIDENTAL,CITY OF BACOLOD,TACULING,45010372,PARTYLIST,169 ANG TINIG NG SENIORS,2,0.43 %
REGION VI,NEGROS OCCIDENTAL,CITY OF BACOLOD,TACULING,45010372,PARTYLIST,170 LBP,1,0.21 %
REGION VI,NEGROS OCCIDENTAL,CITY OF BACOLOD,TACULING,45010372,PARTYLIST,171 IPEACE EPANAW,1,0.21 %
REGION VI,NEGROS OCCIDENTAL,CITY OF BACOLOD,TACULING,45010372,PARTYLIST,172 APAT-DAPAT,0,0.00 %
REGION VI,NEGROS OCCIDENTAL,CITY OF BACOLOD,TACULING,45010372,PARTYLIST,173 UMA ILONGGO,4,0.86 %
REGION VI,NEGROS OCCIDENTAL,CITY OF BACOLOD,TACULING,45010372,PARTYLIST,174 AYUDA,0,0.00 %
REGION VI,NEGROS OCCIDENTAL,CITY OF BACOLOD,TACULING,45010372,PARTYLIST,175 SAMBAYANAN,1,0.21 %
REGION VI,NEGROS OCCIDENTAL,CITY OF BACOLOD,TACULING,45010372,PARTYLIST,176 AKO BREEDER,1,0.21 %
REGION VI,NEGROS OCCIDENTAL,CITY OF BACOLOD,TACULING,45010372,PARTYLIST,177 FPJ,1,0.21 %
REGION VI,NEGROS OCCIDENTAL,CITY OF BACOLOD,TACULING,45010372,PARTYLIST,178 LIBRO,0,0.00 %
REGION VI,NEGROS OCCIDENTAL,CITY OF BACOLOD,TACULING,45010372,REP,Candidate,Votes,Percentage
REGION VI,NEGROS OCCIDENTAL,CITY OF BACOLOD,TACULING,45010372,REP,"ATAYDE, DAN (IND)",253,42.09 %
REGION VI,NEGROS OCCIDENTAL,CITY OF BACOLOD,TACULING,45010372,REP,"DAVID, WILLY (IND)",1,0.16 %
REGION VI,NEGROS OCCIDENTAL,CITY OF BACOLOD,TACULING,45010372,REP,"GASATAYA, GREG (NPC)",345,57.40 %
REGION VI,NEGROS OCCIDENTAL,CITY OF BACOLOD,TACULING,45010372,REP,"GUSTILO, ROMY (IND)",1,0.16 %
REGION VI,NEGROS OCCIDENTAL,CITY OF BACOLOD,TACULING,45010372,REP,"SAN MIGUEL, NONONG (PDDS)",1,0.16 %
REGION VI,NEGROS OCCIDENTAL,CITY OF BACOLOD,TACULING,45010372,MAYOR,Candidate,Votes,Percentage
REGION VI,NEGROS OCCIDENTAL,CITY OF BACOLOD,TACULING,45010372,MAYOR,"BENITEZ, ALBEE (PDPLBN)",312,50.24 %
REGION VI,NEGROS OCCIDENTAL,CITY OF BACOLOD,TACULING,45010372,MAYOR,"LEONARDIA, BING (NP)",309,49.75 %
REGION VI,NEGROS OCCIDENTAL,CITY OF BACOLOD,TACULING,45010372,VICE_MAYOR,Candidate,Votes,Percentage
REGION VI,NEGROS OCCIDENTAL,CITY OF BACOLOD,TACULING,45010372,VICE_MAYOR,"DISTRITO, CAESAR (PDPLBN)",180,30.45 %
REGION VI,NEGROS OCCIDENTAL,CITY OF BACOLOD,TACULING,45010372,VICE_MAYOR,"FAMILIARAN, EL CID (NP)",327,55.32 %
REGION VI,NEGROS OCCIDENTAL,CITY OF BACOLOD,TACULING,45010372,VICE_MAYOR,"GAMBOA, WILSON JR. (IND)",84,14.21 %
REGION VI,NEGROS OCCIDENTAL,CITY OF BACOLOD,TACULING,45010372,SP,Candidate,Votes,Percentage
REGION VI,NEGROS OCCIDENTAL,CITY OF BACOLOD,TACULING,45010372,SP,"ANG, EM (NP)",311,5.13 %
REGION VI,NEGROS OCCIDENTAL,CITY OF BACOLOD,TACULING,45010372,SP,"ARROYO, ALAN (IND)",22,0.36 %
REGION VI,NEGROS OCCIDENTAL,CITY OF BACOLOD,TACULING,45010372,SP,"AUJERO, JORGE THE WISE (IND)",9,0.14 %
REGION VI,NEGROS OCCIDENTAL,CITY OF BACOLOD,TACULING,45010372,SP,"BAIS, HOMER (PDPLBN)",171,2.82 %
REGION VI,NEGROS OCCIDENTAL,CITY OF BACOLOD,TACULING,45010372,SP,"BARIBAR, ARCHIE (PROMDI)",265,4.37 %
REGION VI,NEGROS OCCIDENTAL,CITY OF BACOLOD,TACULING,45010372,SP,"BELARIO, 007 (IND)",11,0.18 %
REGION VI,NEGROS OCCIDENTAL,CITY OF BACOLOD,TACULING,45010372,SP,"BELORIA, TOTO CESAR (IND)",64,1.05 %
REGION VI,NEGROS OCCIDENTAL,CITY OF BACOLOD,TACULING,45010372,SP,"CONTRERAS, LR (PRP)",15,0.24 %
REGION VI,NEGROS OCCIDENTAL,CITY OF BACOLOD,TACULING,45010372,SP,"DIAZ, JONATHAN JR. (NP)",151,2.49 %
REGION VI,NEGROS OCCIDENTAL,CITY OF BACOLOD,TACULING,45010372,SP,"DISTRITO, SIMPLE (PDPLBN)",187,3.08 %
REGION VI,NEGROS OCCIDENTAL,CITY OF BACOLOD,TACULING,45010372,SP,"ESPINO, AL (NPC)",212,3.50 %
REGION VI,NEGROS OCCIDENTAL,CITY OF BACOLOD,TACULING,45010372,SP,"FLOR, CELIA (IND)",232,3.83 %
REGION VI,NEGROS OCCIDENTAL,CITY OF BACOLOD,TACULING,45010372,SP,"GICO, VIC (IND)",15,0.24 %
REGION VI,NEGROS OCCIDENTAL,CITY OF BACOLOD,TACULING,45010372,SP,"GONZALEZ, VLADI (PDPLBN)",251,4.14 %
REGION VI,NEGROS OCCIDENTAL,CITY OF BACOLOD,TACULING,45010372,SP,"GUILLEM, ED (NP)",203,3.35 %
REGION VI,NEGROS OCCIDENTAL,CITY OF BACOLOD,TACULING,45010372,SP,"HERMOSURA, BONG (IND)",30,0.49 %
REGION VI,NEGROS OCCIDENTAL,CITY OF BACOLOD,TACULING,45010372,SP,"JAUOD, JIFFY (IND)",17,0.28 %
REGION VI,NEGROS OCCIDENTAL,CITY OF BACOLOD,TACULING,45010372,SP,"LACSON, PATRICK (PDPLBN)",196,3.23 %
REGION VI,NEGROS OCCIDENTAL,CITY OF BACOLOD,TACULING,45010372,SP,"LOPEZ, CARL (NP)",210,3.46 %
REGION VI,NEGROS OCCIDENTAL,CITY OF BACOLOD,TACULING,45010372,SP,"MAYO, MARK STEVEN (NPC)",59,0.97 %
REGION VI,NEGROS OCCIDENTAL,CITY OF BACOLOD,TACULING,45010372,SP,"MONTALVO, CASH (NP)",225,3.71 %
REGION VI,NEGROS OCCIDENTAL,CITY OF BACOLOD,TACULING,45010372,SP,"NACIONALES, FERMIN (IND)",9,0.14 %
REGION VI,NEGROS OCCIDENTAL,CITY OF BACOLOD,TACULING,45010372,SP,"NOVERO, RENECITO (NP)",297,4.90 %
REGION VI,NEGROS OCCIDENTAL,CITY OF BACOLOD,TACULING,45010372,SP,"OROLA, BART (PDPLBN)",177,2.92 %
REGION VI,NEGROS OCCIDENTAL,CITY OF BACOLOD,TACULING,45010372,SP,"PADIOS, EDUARDO (PPM)",65,1.07 %
REGION VI,NEGROS OCCIDENTAL,CITY OF BACOLOD,TACULING,45010372,SP,"PUENTEVELLA, KALAW (PROMDI)",233,3.84 %
REGION VI,NEGROS OCCIDENTAL,CITY OF BACOLOD,TACULING,45010372,SP,"RAMOS, DINDO (NP)",251,4.14 %
REGION VI,NEGROS OCCIDENTAL,CITY OF BACOLOD,TACULING,45010372,SP,"ROJAS, CINDY (NP)",333,5.50 %
REGION VI,NEGROS OCCIDENTAL,CITY OF BACOLOD,TACULING,45010372,SP,"SALANGA, ISRAEL (NP)",348,5.74 %
REGION VI,NEGROS OCCIDENTAL,CITY OF BACOLOD,TACULING,45010372,SP,"SAYSON, THADDY (PDPLBN)",277,4.57 %
REGION VI,NEGROS OCCIDENTAL,CITY OF BACOLOD,TACULING,45010372,SP,"SOLIDUM, MARLON (NPC)",221,3.65 %
REGION VI,NEGROS OCCIDENTAL,CITY OF BACOLOD,TACULING,45010372,SP,"SORONGON, CHRIS (NP)",236,3.89 %
REGION VI,NEGROS OCCIDENTAL,CITY OF BACOLOD,TACULING,45010372,SP,"SY, PAO (NPC)",187,3.08 %
REGION VI,NEGROS OCCIDENTAL,CITY OF BACOLOD,TACULING,45010372,SP,"TAN, CANO GWAPO (AKSYON)",115,1.89 %
REGION VI,NEGROS OCCIDENTAL,CITY OF BACOLOD,TACULING,45010372,SP,"VERDEFLOR, SONYA (UNEGA)",188,3.10 %
REGION VI,NEGROS OCCIDENTAL,CITY OF BACOLOD,TACULING,45010372,SP,"VILLAFUERTE, RICO (IND)",33,0.54 %
REGION VI,NEGROS OCCIDENTAL,CITY OF BACOLOD,TACULING,45010372,SP,"VILLAROSA, JASON (LAKAS)",202,3.33 %
REGION VI,NEGROS OCCIDENTAL,CITY OF BACOLOD,TACULING,45010372,SP,"WEBER, CHRISTIAN (IND)",25,0.41 %
region,province,city,barangay,precinct,position,candidate,votes,percentage
REGION VI,NEGROS OCCIDENTAL,CITY OF BACOLOD,TACULING,45010373,PRESIDENT,Candidate,Votes,Percentage
REGION VI,NEGROS OCCIDENTAL,CITY OF BACOLOD,TACULING,45010373,PRESIDENT,"ABELLA, ERNIE (IND)",4,0.58 %
REGION VI,NEGROS OCCIDENTAL,CITY OF BACOLOD,TACULING,45010373,PRESIDENT,"DE GUZMAN, LEODY (PLM)",1,0.14 %
REGION VI,NEGROS OCCIDENTAL,CITY OF BACOLOD,TACULING,45010373,PRESIDENT,"DOMAGOSO, ISKO MORENO (AKSYON)",31,4.53 %
REGION VI,NEGROS OCCIDENTAL,CITY OF BACOLOD,TACULING,45010373,PRESIDENT,"GONZALES, NORBERTO (PDSP)",1,0.14 %
REGION VI,NEGROS OCCIDENTAL,CITY OF BACOLOD,TACULING,45010373,PRESIDENT,"LACSON, PING (PDR)",5,0.73 %
REGION VI,NEGROS OCCIDENTAL,CITY OF BACOLOD,TACULING,45010373,PRESIDENT,"MANGONDATO, FAISAL (KTPNAN)",0,0.00 %
REGION VI,NEGROS OCCIDENTAL,CITY OF BACOLOD,TACULING,45010373,PRESIDENT,"MARCOS, BONGBONG (PFP)",294,43.04 %
REGION VI,NEGROS OCCIDENTAL,CITY OF BACOLOD,TACULING,45010373,PRESIDENT,"MONTEMAYOR, JOSE JR. (DPP)",2,0.29 %
REGION VI,NEGROS OCCIDENTAL,CITY OF BACOLOD,TACULING,45010373,PRESIDENT,"PACQUIAO, MANNY PACMAN(PROMDI)",86,12.59 %
REGION VI,NEGROS OCCIDENTAL,CITY OF BACOLOD,TACULING,45010373,PRESIDENT,"ROBREDO, LENI (IND)",259,37.92 %
REGION VI,NEGROS OCCIDENTAL,CITY OF BACOLOD,TACULING,45010373,VICE_PRESIDENT,Candidate,Votes,Percentage
REGION VI,NEGROS OCCIDENTAL,CITY OF BACOLOD,TACULING,45010373,VICE_PRESIDENT,"ATIENZA, LITO (PROMDI)",1,0.14 %
REGION VI,NEGROS OCCIDENTAL,CITY OF BACOLOD,TACULING,45010373,VICE_PRESIDENT,"BELLO, WALDEN (PLM)",2,0.29 %
REGION VI,NEGROS OCCIDENTAL,CITY OF BACOLOD,TACULING,45010373,VICE_PRESIDENT,"DAVID, RIZALITO (DPP)",2,0.29 %
REGION VI,NEGROS OCCIDENTAL,CITY OF BACOLOD,TACULING,45010373,VICE_PRESIDENT,"DUTERTE, SARA (LAKAS)",317,46.75 %
REGION VI,NEGROS OCCIDENTAL,CITY OF BACOLOD,TACULING,45010373,VICE_PRESIDENT,"LOPEZ, MANNY SD (WPP)",4,0.58 %
REGION VI,NEGROS OCCIDENTAL,CITY OF BACOLOD,TACULING,45010373,VICE_PRESIDENT,"ONG, DOC WILLIE (AKSYON)",26,3.83 %
REGION VI,NEGROS OCCIDENTAL,CITY OF BACOLOD,TACULING,45010373,VICE_PRESIDENT,"PANGILINAN, KIKO (LP)",167,24.63 %
REGION VI,NEGROS OCCIDENTAL,CITY OF BACOLOD,TACULING,45010373,VICE_PRESIDENT,"SERAPIO, CARLOS (KTPNAN)",0,0.00 %
REGION VI,NEGROS OCCIDENTAL,CITY OF BACOLOD,TACULING,45010373,VICE_PRESIDENT,"SOTTO, VICENTE TITO (NPC)",159,23.45 %
REGION VI,NEGROS OCCIDENTAL,CITY OF BACOLOD,TACULING,45010373,SENATOR,Candidate,Votes,Percentage
REGION VI,NEGROS OCCIDENTAL,CITY OF BACOLOD,TACULING,45010373,SENATOR,"AFUANG, ABNER (IND)",17,0.28 %
REGION VI,NEGROS OCCIDENTAL,CITY OF BACOLOD,TACULING,45010373,SENATOR,"ALBANI, IBRAHIM (WPP)",17,0.28 %
REGION VI,NEGROS OCCIDENTAL,CITY OF BACOLOD,TACULING,45010373,SENATOR,"ARRANZA, MANG JESS (IND)",16,0.26 %
REGION VI,NEGROS OCCIDENTAL,CITY OF BACOLOD,TACULING,45010373,SENATOR,"BAGUILAT, TEDDY (LP)",75,1.26 %
REGION VI,NEGROS OCCIDENTAL,CITY OF BACOLOD,TACULING,45010373,SENATOR,"BAILEN, AGNES (IND)",16,0.26 %
REGION VI,NEGROS OCCIDENTAL,CITY OF BACOLOD,TACULING,45010373,SENATOR,"BALITA, CARL (AKSYON)",39,0.65 %
REGION VI,NEGROS OCCIDENTAL,CITY OF BACOLOD,TACULING,45010373,SENATOR,"BARBO, LUTZ (PDPLBN)",13,0.21 %
REGION VI,NEGROS OCCIDENTAL,CITY OF BACOLOD,TACULING,45010373,SENATOR,"BAUTISTA, HERBERT BISTEK (NPC)",160,2.69 %
REGION VI,NEGROS OCCIDENTAL,CITY OF BACOLOD,TACULING,45010373,SENATOR,"BELGICA, GRECO (PDDS)",18,0.30 %
REGION VI,NEGROS OCCIDENTAL,CITY OF BACOLOD,TACULING,45010373,SENATOR,"BELLO, SILVESTRE JR. (PDPLBN)",23,0.38 %
REGION VI,NEGROS OCCIDENTAL,CITY OF BACOLOD,TACULING,45010373,SENATOR,"BINAY, JOJO (UNA)",146,2.45 %
REGION VI,NEGROS OCCIDENTAL,CITY OF BACOLOD,TACULING,45010373,SENATOR,"CABONEGRO, ROY (PLM)",19,0.31 %
REGION VI,NEGROS OCCIDENTAL,CITY OF BACOLOD,TACULING,45010373,SENATOR,"CASTRICIONES, BRO JOHN(PDPLBN)",12,0.20 %
REGION VI,NEGROS OCCIDENTAL,CITY OF BACOLOD,TACULING,45010373,SENATOR,"CAYETANO, ALAN PETER (IND)",257,4.32 %
REGION VI,NEGROS OCCIDENTAL,CITY OF BACOLOD,TACULING,45010373,SENATOR,"CHAVEZ, MELCHOR (WPP)",11,0.18 %
REGION VI,NEGROS OCCIDENTAL,CITY OF BACOLOD,TACULING,45010373,SENATOR,"COLMENARES, NERI (MKBYN)",203,3.41 %
REGION VI,NEGROS OCCIDENTAL,CITY OF BACOLOD,TACULING,45010373,SENATOR,"D'ANGELO, DAVID (PLM)",9,0.15 %
REGION VI,NEGROS OCCIDENTAL,CITY OF BACOLOD,TACULING,45010373,SENATOR,"DE LIMA, LEILA (LP)",129,2.17 %
REGION VI,NEGROS OCCIDENTAL,CITY OF BACOLOD,TACULING,45010373,SENATOR,"DEL ROSARIO, MONSOUR (PDR)",81,1.36 %
REGION VI,NEGROS OCCIDENTAL,CITY OF BACOLOD,TACULING,45010373,SENATOR,"DIAZ, DING (PPP)",12,0.20 %
REGION VI,NEGROS OCCIDENTAL,CITY OF BACOLOD,TACULING,45010373,SENATOR,"DIOKNO, CHEL (KANP)",206,3.46 %
REGION VI,NEGROS OCCIDENTAL,CITY OF BACOLOD,TACULING,45010373,SENATOR,"EJERCITO, JV ESTRADA (NPC)",172,2.89 %
REGION VI,NEGROS OCCIDENTAL,CITY OF BACOLOD,TACULING,45010373,SENATOR,"ELEAZAR, GEN. GUILLERMO (PDR)",153,2.57 %
REGION VI,NEGROS OCCIDENTAL,CITY OF BACOLOD,TACULING,45010373,SENATOR,"EREÑO, BRO. ERNIE (PM)",10,0.16 %
REGION VI,NEGROS OCCIDENTAL,CITY OF BACOLOD,TACULING,45010373,SENATOR,"ESCUDERO, CHIZ (NPC)",258,4.34 %
REGION VI,NEGROS OCCIDENTAL,CITY OF BACOLOD,TACULING,45010373,SENATOR,"ESPIRITU, LUKE (PLM)",110,1.85 %
REGION VI,NEGROS OCCIDENTAL,CITY OF BACOLOD,TACULING,45010373,SENATOR,"ESTRADA, JINGGOY (PMP)",146,2.45 %
REGION VI,NEGROS OCCIDENTAL,CITY OF BACOLOD,TACULING,45010373,SENATOR,"FALCONE, BAL FALCON (DPP)",6,0.10 %
REGION VI,NEGROS OCCIDENTAL,CITY OF BACOLOD,TACULING,45010373,SENATOR,"GADON, LARRY (KBL)",107,1.80 %
REGION VI,NEGROS OCCIDENTAL,CITY OF BACOLOD,TACULING,45010373,SENATOR,"GATCHALIAN, WIN (NPC)",224,3.77 %
REGION VI,NEGROS OCCIDENTAL,CITY OF BACOLOD,TACULING,45010373,SENATOR,"GORDON, WOW DICK (BVNP)",141,2.37 %
REGION VI,NEGROS OCCIDENTAL,CITY OF BACOLOD,TACULING,45010373,SENATOR,"GUTOC, SAMIRA (AKSYON)",32,0.53 %
REGION VI,NEGROS OCCIDENTAL,CITY OF BACOLOD,TACULING,45010373,SENATOR,"HONASAN, GRINGO (IND)",140,2.35 %
REGION VI,NEGROS OCCIDENTAL,CITY OF BACOLOD,TACULING,45010373,SENATOR,"HONTIVEROS, RISA (AKBAYAN)",286,4.81 %
REGION VI,NEGROS OCCIDENTAL,CITY OF BACOLOD,TACULING,45010373,SENATOR,"JAVELLANA, RJ (IND)",12,0.20 %
REGION VI,NEGROS OCCIDENTAL,CITY OF BACOLOD,TACULING,45010373,SENATOR,"KIRAM, NUR-MAHAL (IND)",7,0.11 %
REGION VI,NEGROS OCCIDENTAL,CITY OF BACOLOD,TACULING,45010373,SENATOR,"LABOG, ELMER (MKBYN)",32,0.53 %
REGION VI,NEGROS OCCIDENTAL,CITY OF BACOLOD,TACULING,45010373,SENATOR,"LACSON, KUYA ALEX (KP)",149,2.50 %
REGION VI,NEGROS OCCIDENTAL,CITY OF BACOLOD,TACULING,45010373,SENATOR,"LANGIT, REY (PDPLBN)",6,0.10 %
REGION VI,NEGROS OCCIDENTAL,CITY OF BACOLOD,TACULING,45010373,SENATOR,"LEGARDA, LOREN (NPC)",288,4.84 %
REGION VI,NEGROS OCCIDENTAL,CITY OF BACOLOD,TACULING,45010373,SENATOR,"LIM, ARIEL (IND)",13,0.21 %
REGION VI,NEGROS OCCIDENTAL,CITY OF BACOLOD,TACULING,45010373,SENATOR,"MALLILLIN, EMILY (PPM)",6,0.10 %
REGION VI,NEGROS OCCIDENTAL,CITY OF BACOLOD,TACULING,45010373,SENATOR,"MARCOLETA, RODANTE (PDPLBN)",41,0.69 %
REGION VI,NEGROS OCCIDENTAL,CITY OF BACOLOD,TACULING,45010373,SENATOR,"MARCOS, FRANCIS LEO (IND)",57,0.95 %
REGION VI,NEGROS OCCIDENTAL,CITY OF BACOLOD,TACULING,45010373,SENATOR,"MATULA, SONNY (IND)",53,0.89 %
REGION VI,NEGROS OCCIDENTAL,CITY OF BACOLOD,TACULING,45010373,SENATOR,"MINDALANO-ADAM,MARIETA(KTPNAN)",4,0.06 %
REGION VI,NEGROS OCCIDENTAL,CITY OF BACOLOD,TACULING,45010373,SENATOR,"OLARTE, ATTY/DR. LEO (BIGKIS)",10,0.16 %
REGION VI,NEGROS OCCIDENTAL,CITY OF BACOLOD,TACULING,45010373,SENATOR,"PADILLA, DRA. MINGUITA (PDR)",53,0.89 %
REGION VI,NEGROS OCCIDENTAL,CITY OF BACOLOD,TACULING,45010373,SENATOR,"PADILLA, ROBIN (PDPLBN)",248,4.17 %
REGION VI,NEGROS OCCIDENTAL,CITY OF BACOLOD,TACULING,45010373,SENATOR,"PANELO, SAL PANALO (PDPLBN)",61,1.02 %
REGION VI,NEGROS OCCIDENTAL,CITY OF BACOLOD,TACULING,45010373,SENATOR,"PIMENTEL, ASTRA (PDPLBN)",58,0.97 %
REGION VI,NEGROS OCCIDENTAL,CITY OF BACOLOD,TACULING,45010373,SENATOR,"PIÑOL, MANNY (NPC)",35,0.58 %
REGION VI,NEGROS OCCIDENTAL,CITY OF BACOLOD,TACULING,45010373,SENATOR,"RICABLANCA, WILLIE JR. (PM)",8,0.13 %
REGION VI,NEGROS OCCIDENTAL,CITY OF BACOLOD,TACULING,45010373,SENATOR,"ROQUE, HARRY SPOX (PRP)",91,1.53 %
REGION VI,NEGROS OCCIDENTAL,CITY OF BACOLOD,TACULING,45010373,SENATOR,"SAHIDULLA, LADY ANNE (PDDS)",8,0.13 %
REGION VI,NEGROS OCCIDENTAL,CITY OF BACOLOD,TACULING,45010373,SENATOR,"SISON, JOPET (AKSYON)",32,0.53 %
REGION VI,NEGROS OCCIDENTAL,CITY OF BACOLOD,TACULING,45010373,SENATOR,"TEODORO, GIBO (PRP)",190,3.19 %
REGION VI,NEGROS OCCIDENTAL,CITY OF BACOLOD,TACULING,45010373,SENATOR,"TRILLANES, ANTONIO IV (LP)",141,2.37 %
REGION VI,NEGROS OCCIDENTAL,CITY OF BACOLOD,TACULING,45010373,SENATOR,"TULFO, IDOL RAFFY (IND)",332,5.58 %
REGION VI,NEGROS OCCIDENTAL,CITY OF BACOLOD,TACULING,45010373,SENATOR,"VALEROS, REY (IND)",5,0.08 %
REGION VI,NEGROS OCCIDENTAL,CITY OF BACOLOD,TACULING,45010373,SENATOR,"VILLANUEVA,JOEL TESDAMAN (IND)",202,3.40 %
REGION VI,NEGROS OCCIDENTAL,CITY OF BACOLOD,TACULING,45010373,SENATOR,"VILLAR, MARK (NP)",209,3.51 %
REGION VI,NEGROS OCCIDENTAL,CITY OF BACOLOD,TACULING,45010373,SENATOR,"ZUBIAGA, CARMEN (IND)",31,0.52 %
REGION VI,NEGROS OCCIDENTAL,CITY OF BACOLOD,TACULING,45010373,SENATOR,"ZUBIRI, MIGZ (IND)",295,4.96 %
REGION VI,NEGROS OCCIDENTAL,CITY OF BACOLOD,TACULING,45010373,PARTYLIST,Candidate,Votes,Percentage
REGION VI,NEGROS OCCIDENTAL,CITY OF BACOLOD,TACULING,45010373,PARTYLIST,01 KAMALAYAN,2,0.36 %
REGION VI,NEGROS OCCIDENTAL,CITY OF BACOLOD,TACULING,45010373,PARTYLIST,02 KM NGAYON NA,0,0.00 %
REGION VI,NEGROS OCCIDENTAL,CITY OF BACOLOD,TACULING,45010373,PARTYLIST,03 PSIS,0,0.00 %
REGION VI,NEGROS OCCIDENTAL,CITY OF BACOLOD,TACULING,45010373,PARTYLIST,04 AGAP,1,0.18 %
REGION VI,NEGROS OCCIDENTAL,CITY OF BACOLOD,TACULING,45010373,PARTYLIST,05 KABAYAN,3,0.54 %
REGION VI,NEGROS OCCIDENTAL,CITY OF BACOLOD,TACULING,45010373,PARTYLIST,06 HOME OWNER,1,0.18 %
REGION VI,NEGROS OCCIDENTAL,CITY OF BACOLOD,TACULING,45010373,PARTYLIST,07 KAPUSO-PM,2,0.36 %
REGION VI,NEGROS OCCIDENTAL,CITY OF BACOLOD,TACULING,45010373,PARTYLIST,08 PDP CARES,2,0.36 %
REGION VI,NEGROS OCCIDENTAL,CITY OF BACOLOD,TACULING,45010373,PARTYLIST,09 MARVELOUS TAYO,0,0.00 %
REGION VI,NEGROS OCCIDENTAL,CITY OF BACOLOD,TACULING,45010373,PARTYLIST,10 AKO OFW,0,0.00 %
REGION VI,NEGROS OCCIDENTAL,CITY OF BACOLOD,TACULING,45010373,PARTYLIST,11 UNITED SENIOR CITIZEN,5,0.91 %
REGION VI,NEGROS OCCIDENTAL,CITY OF BACOLOD,TACULING,45010373,PARTYLIST,12 WOW PILIPINAS,3,0.54 %
REGION VI,NEGROS OCCIDENTAL,CITY OF BACOLOD,TACULING,45010373,PARTYLIST,13 ALTERNATIBA,0,0.00 %
REGION VI,NEGROS OCCIDENTAL,CITY OF BACOLOD,TACULING,45010373,PARTYLIST,14 1-RIDER PARTYLIST,10,1.82 %
REGION VI,NEGROS OCCIDENTAL,CITY OF BACOLOD,TACULING,45010373,PARTYLIST,15 1-CARE,0,0.00 %
REGION VI,NEGROS OCCIDENTAL,CITY OF BACOLOD,TACULING,45010373,PARTYLIST,16 ABP,0,0.00 %
REGION VI,NEGROS OCCIDENTAL,CITY OF BACOLOD,TACULING,45010373,PARTYLIST,17 AKO MUSIKERO,0,0.00 %
REGION VI,NEGROS OCCIDENTAL,CITY OF BACOLOD,TACULING,45010373,PARTYLIST,18 AKO BICOL,0,0.00 %
REGION VI,NEGROS OCCIDENTAL,CITY OF BACOLOD,TACULING,45010373,PARTYLIST,19 PRAI,0,0.00 %
REGION VI,NEGROS OCCIDENTAL,CITY OF BACOLOD,TACULING,45010373,PARTYLIST,20 4PS,2,0.36 %
REGION VI,NEGROS OCCIDENTAL,CITY OF BACOLOD,TACULING,45010373,PARTYLIST,21 MAAGAP,0,0.00 %
REGION VI,NEGROS OCCIDENTAL,CITY OF BACOLOD,TACULING,45010373,PARTYLIST,22 ABANTE PILIPINAS,2,0.36 %
REGION VI,NEGROS OCCIDENTAL,CITY OF BACOLOD,TACULING,45010373,PARTYLIST,23 AKTIBONG KAAGAPAY,0,0.00 %
REGION VI,NEGROS OCCIDENTAL,CITY OF BACOLOD,TACULING,45010373,PARTYLIST,24 ALSA BISAYA,1,0.18 %
REGION VI,NEGROS OCCIDENTAL,CITY OF BACOLOD,TACULING,45010373,PARTYLIST,25 PROBINSYANO AKO,5,0.91 %
REGION VI,NEGROS OCCIDENTAL,CITY OF BACOLOD,TACULING,45010373,PARTYLIST,26 YACAP,3,0.54 %
REGION VI,NEGROS OCCIDENTAL,CITY OF BACOLOD,TACULING,45010373,PARTYLIST,27 MAGDALO,2,0.36 %
REGION VI,NEGROS OCCIDENTAL,CITY OF BACOLOD,TACULING,45010373,PARTYLIST,28 ACT-CIS,20,3.64 %
REGION VI,NEGROS OCCIDENTAL,CITY OF BACOLOD,TACULING,45010373,PARTYLIST,29 HUGPONG FEDERAL,0,0.00 %
REGION VI,NEGROS OCCIDENTAL,CITY OF BACOLOD,TACULING,45010373,PARTYLIST,30 TGP,0,0.00 %
REGION VI,NEGROS OCCIDENTAL,CITY OF BACOLOD,TACULING,45010373,PARTYLIST,31 ONE COOP,0,0.00 %
REGION VI,NEGROS OCCIDENTAL,CITY OF BACOLOD,TACULING,45010373,PARTYLIST,32 BARKADAHAN,0,0.00 %
REGION VI,NEGROS OCCIDENTAL,CITY OF BACOLOD,TACULING,45010373,PARTYLIST,33 DUMPER PTDA,2,0.36 %
REGION VI,NEGROS OCCIDENTAL,CITY OF BACOLOD,TACULING,45010373,PARTYLIST,34 MALABUNG,0,0.00 %
REGION VI,NEGROS OCCIDENTAL,CITY OF BACOLOD,TACULING,45010373,PARTYLIST,35 BH (BAGONG HENERASYON),4,0.72 %
REGION VI,NEGROS OCCIDENTAL,CITY OF BACOLOD,TACULING,45010373,PARTYLIST,36 AKMA-PTM,0,0.00 %
REGION VI,NEGROS OCCIDENTAL,CITY OF BACOLOD,TACULING,45010373,PARTYLIST,37 IPATUPAD,0,0.00 %
REGION VI,NEGROS OCCIDENTAL,CITY OF BACOLOD,TACULING,45010373,PARTYLIST,38 PINUNO,1,0.18 %
REGION VI,NEGROS OCCIDENTAL,CITY OF BACOLOD,TACULING,45010373,PARTYLIST,39 LPGMA,0,0.00 %
REGION VI,NEGROS OCCIDENTAL,CITY OF BACOLOD,TACULING,45010373,PARTYLIST,40 CLICK PARTY,0,0.00 %
REGION VI,NEGROS OCCIDENTAL,CITY OF BACOLOD,TACULING,45010373,PARTYLIST,41 TODA,0,0.00 %
REGION VI,NEGROS OCCIDENTAL,CITY OF BACOLOD,TACULING,45010373,PARTYLIST,42 BHW,11,2.00 %
REGION VI,NEGROS OCCIDENTAL,CITY OF BACOLOD,TACULING,45010373,PARTYLIST,43 MALASAKIT@BAYANIHAN,107,19.52 %
REGION VI,NEGROS OCCIDENTAL,CITY OF BACOLOD,TACULING,45010373,PARTYLIST,44 ABS,1,0.18 %
REGION VI,NEGROS OCCIDENTAL,CITY OF BACOLOD,TACULING,45010373,PARTYLIST,45 PASAHERO PARTYLIST,1,0.18 %
REGION VI,NEGROS OCCIDENTAL,CITY OF BACOLOD,TACULING,45010373,PARTYLIST,46 ANGAT,10,1.82 %
REGION VI,NEGROS OCCIDENTAL,CITY OF BACOLOD,TACULING,45010373,PARTYLIST,47 SOLID-CHANGE,2,0.36 %
REGION VI,NEGROS OCCIDENTAL,CITY OF BACOLOD,TACULING,45010373,PARTYLIST,48 BICOL SARO,0,0.00 %
REGION VI,NEGROS OCCIDENTAL,CITY OF BACOLOD,TACULING,45010373,PARTYLIST,49 OFW,1,0.18 %
REGION VI,NEGROS OCCIDENTAL,CITY OF BACOLOD,TACULING,45010373,PARTYLIST,50 ANG PROBINSIYANO,5,0.91 %
REGION VI,NEGROS OCCIDENTAL,CITY OF BACOLOD,TACULING,45010373,PARTYLIST,51 ANAKALUSUGAN,2,0.36 %
REGION VI,NEGROS OCCIDENTAL,CITY OF BACOLOD,TACULING,45010373,PARTYLIST,52 PBA,0,0.00 %
REGION VI,NEGROS OCCIDENTAL,CITY OF BACOLOD,TACULING,45010373,PARTYLIST,53 PEACE,1,0.18 %
REGION VI,NEGROS OCCIDENTAL,CITY OF BACOLOD,TACULING,45010373,PARTYLIST,54 P3PWD,17,3.10 %
REGION VI,NEGROS OCCIDENTAL,CITY OF BACOLOD,TACULING,45010373,PARTYLIST,55 S.M.I.L.E,0,0.00 %
REGION VI,NEGROS OCCIDENTAL,CITY OF BACOLOD,TACULING,45010373,PARTYLIST,56 AAMBIS-OWA,0,0.00 %
REGION VI,NEGROS OCCIDENTAL,CITY OF BACOLOD,TACULING,45010373,PARTYLIST,57 BUTIL,0,0.00 %
REGION VI,NEGROS OCCIDENTAL,CITY OF BACOLOD,TACULING,45010373,PARTYLIST,58 LUNAS,1,0.18 %
REGION VI,NEGROS OCCIDENTAL,CITY OF BACOLOD,TACULING,45010373,PARTYLIST,59 ANG KOMADRONA,0,0.00 %
REGION VI,NEGROS OCCIDENTAL,CITY OF BACOLOD,TACULING,45010373,PARTYLIST,60 KABAKA,0,0.00 %
REGION VI,NEGROS OCCIDENTAL,CITY OF BACOLOD,TACULING,45010373,PARTYLIST,61 SAGIP,0,0.00 %
REGION VI,NEGROS OCCIDENTAL,CITY OF BACOLOD,TACULING,45010373,PARTYLIST,62 ANG KABUHAYAN,3,0.54 %
REGION VI,NEGROS OCCIDENTAL,CITY OF BACOLOD,TACULING,45010373,PARTYLIST,63 AKO I.P.,3,0.54 %
REGION VI,NEGROS OCCIDENTAL,CITY OF BACOLOD,TACULING,45010373,PARTYLIST,64 PHILRECA,1,0.18 %
REGION VI,NEGROS OCCIDENTAL,CITY OF BACOLOD,TACULING,45010373,PARTYLIST,65 BABAE AKO,0,0.00 %
REGION VI,NEGROS OCCIDENTAL,CITY OF BACOLOD,TACULING,45010373,PARTYLIST,66 KB,0,0.00 %
REGION VI,NEGROS OCCIDENTAL,CITY OF BACOLOD,TACULING,45010373,PARTYLIST,67 GABRIELA,3,0.54 %
REGION VI,NEGROS OCCIDENTAL,CITY OF BACOLOD,TACULING,45010373,PARTYLIST,68 KALINGA,25,4.56 %
REGION VI,NEGROS OCCIDENTAL,CITY OF BACOLOD,TACULING,45010373,PARTYLIST,69 STL,2,0.36 %
REGION VI,NEGROS OCCIDENTAL,CITY OF BACOLOD,TACULING,45010373,PARTYLIST,70 RECOBODA,0,0.00 %
REGION VI,NEGROS OCCIDENTAL,CITY OF BACOLOD,TACULING,45010373,PARTYLIST,71 ANGAT PINOY,0,0.00 %
REGION VI,NEGROS OCCIDENTAL,CITY OF BACOLOD,TACULING,45010373,PARTYLIST,72 ANAC-IP,0,0.00 %
REGION VI,NEGROS OCCIDENTAL,CITY OF BACOLOD,TACULING,45010373,PARTYLIST,73 DIWA,1,0.18 %
REGION VI,NEGROS OCCIDENTAL,CITY OF BACOLOD,TACULING,45010373,PARTYLIST,74 ASENSO PINOY,3,0.54 %
REGION VI,NEGROS OCCIDENTAL,CITY OF BACOLOD,TACULING,45010373,PARTYLIST,75 PPP,0,0.00 %
REGION VI,NEGROS OCCIDENTAL,CITY OF BACOLOD,TACULING,45010373,PARTYLIST,76 PAMILYA MUNA,1,0.18 %
REGION VI,NEGROS OCCIDENTAL,CITY OF BACOLOD,TACULING,45010373,PARTYLIST,77 AYUDA SANDUGO,0,0.00 %
REGION VI,NEGROS OCCIDENTAL,CITY OF BACOLOD,TACULING,45010373,PARTYLIST,78 BUKLOD FILIPINO,0,0.00 %
REGION VI,NEGROS OCCIDENTAL,CITY OF BACOLOD,TACULING,45010373,PARTYLIST,79 BTS,0,0.00 %
REGION VI,NEGROS OCCIDENTAL,CITY OF BACOLOD,TACULING,45010373,PARTYLIST,80 MOCHA,0,0.00 %
REGION VI,NEGROS OCCIDENTAL,CITY OF BACOLOD,TACULING,45010373,PARTYLIST,81 ACT TEACHERS,4,0.72 %
REGION VI,NEGROS OCCIDENTAL,CITY OF BACOLOD,TACULING,45010373,PARTYLIST,82 ALONA,0,0.00 %
REGION VI,NEGROS OCCIDENTAL,CITY OF BACOLOD,TACULING,45010373,PARTYLIST,83 KABALIKAT,0,0.00 %
REGION VI,NEGROS OCCIDENTAL,CITY OF BACOLOD,TACULING,45010373,PARTYLIST,84 ALIF,0,0.00 %
REGION VI,NEGROS OCCIDENTAL,CITY OF BACOLOD,TACULING,45010373,PARTYLIST,85 1-UTAP BICOL,0,0.00 %
REGION VI,NEGROS OCCIDENTAL,CITY OF BACOLOD,TACULING,45010373,PARTYLIST,86 TINGOG,4,0.72 %
REGION VI,NEGROS OCCIDENTAL,CITY OF BACOLOD,TACULING,45010373,PARTYLIST,87 H.E.L.P. PILIPINAS,1,0.18 %
REGION VI,NEGROS OCCIDENTAL,CITY OF BACOLOD,TACULING,45010373,PARTYLIST,88 TUCP,0,0.00 %
REGION VI,NEGROS OCCIDENTAL,CITY OF BACOLOD,TACULING,45010373,PARTYLIST,89 PTA,0,0.00 %
REGION VI,NEGROS OCCIDENTAL,CITY OF BACOLOD,TACULING,45010373,PARTYLIST,90 AGIMAT,0,0.00 %
REGION VI,NEGROS OCCIDENTAL,CITY OF BACOLOD,TACULING,45010373,PARTYLIST,91 KONTRA BROWNOUT,2,0.36 %
REGION VI,NEGROS OCCIDENTAL,CITY OF BACOLOD,TACULING,45010373,PARTYLIST,92 TULUNGAN TAYO,0,0.00 %
REGION VI,NEGROS OCCIDENTAL,CITY OF BACOLOD,TACULING,45010373,PARTYLIST,93 DUTERTE YOUTH,7,1.27 %
REGION VI,NEGROS OCCIDENTAL,CITY OF BACOLOD,TACULING,45010373,PARTYLIST,94 ABEKA,1,0.18 %
REGION VI,NEGROS OCCIDENTAL,CITY OF BACOLOD,TACULING,45010373,PARTYLIST,95 KABATAAN,4,0.72 %
REGION VI,NEGROS OCCIDENTAL,CITY OF BACOLOD,TACULING,45010373,PARTYLIST,97 ACTS-OFW,3,0.54 %
REGION VI,NEGROS OCCIDENTAL,CITY OF BACOLOD,TACULING,45010373,PARTYLIST,98 RAM,10,1.82 %
REGION VI,NEGROS OCCIDENTAL,CITY OF BACOLOD,TACULING,45010373,PARTYLIST,99 USWAG ILONGGO,17,3.10 %
REGION VI,NEGROS OCCIDENTAL,CITY OF BACOLOD,TACULING,45010373,PARTYLIST,100 AKO BISAYA,1,0.18 %
REGION VI,NEGROS OCCIDENTAL,CITY OF BACOLOD,TACULING,45010373,PARTYLIST,101 KAPAMILYA,2,0.36 %
REGION VI,NEGROS OCCIDENTAL,CITY OF BACOLOD,TACULING,45010373,PARTYLIST,102 PUSONG PINOY,1,0.18 %
REGION VI,NEGROS OCCIDENTAL,CITY OF BACOLOD,TACULING,45010373,PARTYLIST,103 CWS,1,0.18 %
REGION VI,NEGROS OCCIDENTAL,CITY OF BACOLOD,TACULING,45010373,PARTYLIST,104 SILBI,0,0.00 %
REGION VI,NEGROS OCCIDENTAL,CITY OF BACOLOD,TACULING,45010373,PARTYLIST,105 CIBAC,1,0.18 %
REGION VI,NEGROS OCCIDENTAL,CITY OF BACOLOD,TACULING,45010373,PARTYLIST,106 SUBANEN,0,0.00 %
REGION VI,NEGROS OCCIDENTAL,CITY OF BACOLOD,TACULING,45010373,PARTYLIST,107 AKKK,0,0.00 %
REGION VI,NEGROS OCCIDENTAL,CITY OF BACOLOD,TACULING,45010373,PARTYLIST,108 BG PARTY-LIST,0,0.00 %
REGION VI,NEGROS OCCIDENTAL,CITY OF BACOLOD,TACULING,45010373,PARTYLIST,109 PAMILYANG MAGSASAKA,3,0.54 %
REGION VI,NEGROS OCCIDENTAL,CITY OF BACOLOD,TACULING,45010373,PARTYLIST,110 COOP NATCCO,0,0.00 %
REGION VI,NEGROS OCCIDENTAL,CITY OF BACOLOD,TACULING,45010373,PARTYLIST,111 FRONTLINERS ANG BIDA,0,0.00 %
REGION VI,NEGROS OCCIDENTAL,CITY OF BACOLOD,TACULING,45010373,PARTYLIST,112 KASAMA,1,0.18 %
REGION VI,NEGROS OCCIDENTAL,CITY OF BACOLOD,TACULING,45010373,PARTYLIST,113 AKO BISDAK,0,0.00 %
REGION VI,NEGROS OCCIDENTAL,CITY OF BACOLOD,TACULING,45010373,PARTYLIST,114 GP PARTY,0,0.00 %
REGION VI,NEGROS OCCIDENTAL,CITY OF BACOLOD,TACULING,45010373,PARTYLIST,115 BAHAY,0,0.00 %
REGION VI,NEGROS OCCIDENTAL,CITY OF BACOLOD,TACULING,45010373,PARTYLIST,116 MAGSASAKA,1,0.18 %
REGION VI,NEGROS OCCIDENTAL,CITY OF BACOLOD,TACULING,45010373,PARTYLIST,117 MARINO,4,0.72 %
REGION VI,NEGROS OCCIDENTAL,CITY OF BACOLOD,TACULING,45010373,PARTYLIST,118 UNITED FRONTLINERS,1,0.18 %
REGION VI,NEGROS OCCIDENTAL,CITY OF BACOLOD,TACULING,45010373,PARTYLIST,119 L.O.G.R.O. KUSINERO,0,0.00 %
REGION VI,NEGROS OCCIDENTAL,CITY OF BACOLOD,TACULING,45010373,PARTYLIST,120 BPO,0,0.00 %
REGION VI,NEGROS OCCIDENTAL,CITY OF BACOLOD,TACULING,45010373,PARTYLIST,121 ABANG LINGKOD,140,25.54 %
REGION VI,NEGROS OCCIDENTAL,CITY OF BACOLOD,TACULING,45010373,PARTYLIST,122 KUSUG TAUSUG,0,0.00 %
REGION VI,NEGROS OCCIDENTAL,CITY OF BACOLOD,TACULING,45010373,PARTYLIST,123 PLM,1,0.18 %
REGION VI,NEGROS OCCIDENTAL,CITY OF BACOLOD,TACULING,45010373,PARTYLIST,124 OK PARTYLIST,1,0.18 %
REGION VI,NEGROS OCCIDENTAL,CITY OF BACOLOD,TACULING,45010373,PARTYLIST,125 A TEACHER,1,0.18 %
REGION VI,NEGROS OCCIDENTAL,CITY OF BACOLOD,TACULING,45010373,PARTYLIST,126 PASADA-CC,0,0.00 %
REGION VI,NEGROS OCCIDENTAL,CITY OF BACOLOD,TACULING,45010373,PARTYLIST,127 OFW FAMILY,1,0.18 %
REGION VI,NEGROS OCCIDENTAL,CITY OF BACOLOD,TACULING,45010373,PARTYLIST,128 ANGKLA,4,0.72 %
REGION VI,NEGROS OCCIDENTAL,CITY OF BACOLOD,TACULING,45010373,PARTYLIST,129 COCOMAN,0,0.00 %
REGION VI,NEGROS OCCIDENTAL,CITY OF BACOLOD,TACULING,45010373,PARTYLIST,130 ACT AS ONE,2,0.36 %
REGION VI,NEGROS OCCIDENTAL,CITY OF BACOLOD,TACULING,45010373,PARTYLIST,131 AKO ILOCANO AKO,8,1.45 %
REGION VI,NEGROS OCCIDENTAL,CITY OF BACOLOD,TACULING,45010373,PARTYLIST,132 TRABAHO,0,0.00 %
REGION VI,NEGROS OCCIDENTAL,CITY OF BACOLOD,TACULING,45010373,PARTYLIST,133 PATROL,0,0.00 %
REGION VI,NEGROS OCCIDENTAL,CITY OF BACOLOD,TACULING,45010373,PARTYLIST,134 AKO PADAYON,0,0.00 %
REGION VI,NEGROS OCCIDENTAL,CITY OF BACOLOD,TACULING,45010373,PARTYLIST,135 ABONO,0,0.00 %
REGION VI,NEGROS OCCIDENTAL,CITY OF BACOLOD,TACULING,45010373,PARTYLIST,136 MANILA TEACHERS,1,0.18 %
REGION VI,NEGROS OCCIDENTAL,CITY OF BACOLOD,TACULING,45010373,PARTYLIST,137 KOOP-KAMPI,1,0.18 %
REGION VI,NEGROS OCCIDENTAL,CITY OF BACOLOD,TACULING,45010373,PARTYLIST,138 MAYPAGASA,0,0.00 %
REGION VI,NEGROS OCCIDENTAL,CITY OF BACOLOD,TACULING,45010373,PARTYLIST,139 PVAID,0,0.00 %
REGION VI,NEGROS OCCIDENTAL,CITY OF BACOLOD,TACULING,45010373,PARTYLIST,140 TUTOK TO WIN,6,1.09 %
REGION VI,NEGROS OCCIDENTAL,CITY OF BACOLOD,TACULING,45010373,PARTYLIST,141 BAYAN MUNA,4,0.72 %
REGION VI,NEGROS OCCIDENTAL,CITY OF BACOLOD,TACULING,45010373,PARTYLIST,142 API,0,0.00 %
REGION VI,NEGROS OCCIDENTAL,CITY OF BACOLOD,TACULING,45010373,PARTYLIST,143 ARTE,1,0.18 %
REGION VI,NEGROS OCCIDENTAL,CITY OF BACOLOD,TACULING,45010373,PARTYLIST,144 ASAP,0,0.00 %
REGION VI,NEGROS OCCIDENTAL,CITY OF BACOLOD,TACULING,45010373,PARTYLIST,145 BUNYOG,0,0.00 %
REGION VI,NEGROS OCCIDENTAL,CITY OF BACOLOD,TACULING,45010373,PARTYLIST,146 AKBAYAN,9,1.64 %
REGION VI,NEGROS OCCIDENTAL,CITY OF BACOLOD,TACULING,45010373,PARTYLIST,147 DAMAYAN,0,0.00 %
REGION VI,NEGROS OCCIDENTAL,CITY OF BACOLOD,TACULING,45010373,PARTYLIST,148 WIFI,0,0.00 %
REGION VI,NEGROS OCCIDENTAL,CITY OF BACOLOD,TACULING,45010373,PARTYLIST,149 CANCER PARTY LIST,0,0.00 %
REGION VI,NEGROS OCCIDENTAL,CITY OF BACOLOD,TACULING,45010373,PARTYLIST,150 1-ANG EDUKASYON,2,0.36 %
REGION VI,NEGROS OCCIDENTAL,CITY OF BACOLOD,TACULING,45010373,PARTYLIST,151 UFCC,0,0.00 %
REGION VI,NEGROS OCCIDENTAL,CITY OF BACOLOD,TACULING,45010373,PARTYLIST,152 AGRI,1,0.18 %
REGION VI,NEGROS OCCIDENTAL,CITY OF BACOLOD,TACULING,45010373,PARTYLIST,153 MAHARLIKA,0,0.00 %
REGION VI,NEGROS OCCIDENTAL,CITY OF BACOLOD,TACULING,45010373,PARTYLIST,154 ANAKPAWIS,0,0.00 %
REGION VI,NEGROS OCCIDENTAL,CITY OF BACOLOD,TACULING,45010373,PARTYLIST,155 1TAHANAN,0,0.00 %
REGION VI,NEGROS OCCIDENTAL,CITY OF BACOLOD,TACULING,45010373,PARTYLIST,156 TURISMO,0,0.00 %
REGION VI,NEGROS OCCIDENTAL,CITY OF BACOLOD,TACULING,45010373,PARTYLIST,157 APEC,0,0.00 %
REGION VI,NEGROS OCCIDENTAL,CITY OF BACOLOD,TACULING,45010373,PARTYLIST,158 SENIOR CITIZENS PARTYLIST,10,1.82 %
REGION VI,NEGROS OCCIDENTAL,CITY OF BACOLOD,TACULING,45010373,PARTYLIST,159 AASENSO,1,0.18 %
REGION VI,NEGROS OCCIDENTAL,CITY OF BACOLOD,TACULING,45010373,PARTYLIST,160 AMIN,0,0.00 %
REGION VI,NEGROS OCCIDENTAL,CITY OF BACOLOD,TACULING,45010373,PARTYLIST,161 1-PACMAN,3,0.54 %
REGION VI,NEGROS OCCIDENTAL,CITY OF BACOLOD,TACULING,45010373,PARTYLIST,162 ABB-NFCPI,0,0.00 %
REGION VI,NEGROS OCCIDENTAL,CITY OF BACOLOD,TACULING,45010373,PARTYLIST,163 AN WARAY,0,0.00 %
REGION VI,NEGROS OCCIDENTAL,CITY OF BACOLOD,TACULING,45010373,PARTYLIST,164 AP PARTYLIST,1,0.18 %
REGION VI,NEGROS OCCIDENTAL,CITY OF BACOLOD,TACULING,45010373,PARTYLIST,165 AKAP PINOY,0,0.00 %
REGION VI,NEGROS OCCIDENTAL,CITY OF BACOLOD,TACULING,45010373,PARTYLIST,166 BUHAY,0,0.00 %
REGION VI,NEGROS OCCIDENTAL,CITY OF BACOLOD,TACULING,45010373,PARTYLIST,167 ARISE,0,0.00 %
REGION VI,NEGROS OCCIDENTAL,CITY OF BACOLOD,TACULING,45010373,PARTYLIST,168 IWI,0,0.00 %
REGION VI,NEGROS OCCIDENTAL,CITY OF BACOLOD,TACULING,45010373,PARTYLIST,169 ANG TINIG NG SENIORS,3,0.54 %
REGION VI,NEGROS OCCIDENTAL,CITY OF BACOLOD,TACULING,45010373,PARTYLIST,170 LBP,0,0.00 %
REGION VI,NEGROS OCCIDENTAL,CITY OF BACOLOD,TACULING,45010373,PARTYLIST,171 IPEACE EPANAW,0,0.00 %
REGION VI,NEGROS OCCIDENTAL,CITY OF BACOLOD,TACULING,45010373,PARTYLIST,172 APAT-DAPAT,0,0.00 %
REGION VI,NEGROS OCCIDENTAL,CITY OF BACOLOD,TACULING,45010373,PARTYLIST,173 UMA ILONGGO,3,0.54 %
REGION VI,NEGROS OCCIDENTAL,CITY OF BACOLOD,TACULING,45010373,PARTYLIST,174 AYUDA,0,0.00 %
REGION VI,NEGROS OCCIDENTAL,CITY OF BACOLOD,TACULING,45010373,PARTYLIST,175 SAMBAYANAN,0,0.00 %
REGION VI,NEGROS OCCIDENTAL,CITY OF BACOLOD,TACULING,45010373,PARTYLIST,176 AKO BREEDER,1,0.18 %
REGION VI,NEGROS OCCIDENTAL,CITY OF BACOLOD,TACULING,45010373,PARTYLIST,177 FPJ,2,0.36 %
REGION VI,NEGROS OCCIDENTAL,CITY OF BACOLOD,TACULING,45010373,PARTYLIST,178 LIBRO,0,0.00 %
REGION VI,NEGROS OCCIDENTAL,CITY OF BACOLOD,TACULING,45010373,REP,Candidate,Votes,Percentage
REGION VI,NEGROS OCCIDENTAL,CITY OF BACOLOD,TACULING,45010373,REP,"ATAYDE, DAN (IND)",288,43.70 %
REGION VI,NEGROS OCCIDENTAL,CITY OF BACOLOD,TACULING,45010373,REP,"DAVID, WILLY (IND)",0,0.00 %
REGION VI,NEGROS OCCIDENTAL,CITY OF BACOLOD,TACULING,45010373,REP,"GASATAYA, GREG (NPC)",367,55.69 %
REGION VI,NEGROS OCCIDENTAL,CITY OF BACOLOD,TACULING,45010373,REP,"GUSTILO, ROMY (IND)",2,0.30 %
REGION VI,NEGROS OCCIDENTAL,CITY OF BACOLOD,TACULING,45010373,REP,"SAN MIGUEL, NONONG (PDDS)",2,0.30 %
REGION VI,NEGROS OCCIDENTAL,CITY OF BACOLOD,TACULING,45010373,MAYOR,Candidate,Votes,Percentage
REGION VI,NEGROS OCCIDENTAL,CITY OF BACOLOD,TACULING,45010373,MAYOR,"BENITEZ, ALBEE (PDPLBN)",309,44.84 %
REGION VI,NEGROS OCCIDENTAL,CITY OF BACOLOD,TACULING,45010373,MAYOR,"LEONARDIA, BING (NP)",380,55.15 %
REGION VI,NEGROS OCCIDENTAL,CITY OF BACOLOD,TACULING,45010373,VICE_MAYOR,Candidate,Votes,Percentage
REGION VI,NEGROS OCCIDENTAL,CITY OF BACOLOD,TACULING,45010373,VICE_MAYOR,"DISTRITO, CAESAR (PDPLBN)",190,28.70 %
REGION VI,NEGROS OCCIDENTAL,CITY OF BACOLOD,TACULING,45010373,VICE_MAYOR,"FAMILIARAN, EL CID (NP)",392,59.21 %
REGION VI,NEGROS OCCIDENTAL,CITY OF BACOLOD,TACULING,45010373,VICE_MAYOR,"GAMBOA, WILSON JR. (IND)",80,12.08 %
REGION VI,NEGROS OCCIDENTAL,CITY OF BACOLOD,TACULING,45010373,SP,Candidate,Votes,Percentage
REGION VI,NEGROS OCCIDENTAL,CITY OF BACOLOD,TACULING,45010373,SP,"ANG, EM (NP)",368,5.55 %
REGION VI,NEGROS OCCIDENTAL,CITY OF BACOLOD,TACULING,45010373,SP,"ARROYO, ALAN (IND)",28,0.42 %
REGION VI,NEGROS OCCIDENTAL,CITY OF BACOLOD,TACULING,45010373,SP,"AUJERO, JORGE THE WISE (IND)",14,0.21 %
REGION VI,NEGROS OCCIDENTAL,CITY OF BACOLOD,TACULING,45010373,SP,"BAIS, HOMER (PDPLBN)",175,2.64 %
REGION VI,NEGROS OCCIDENTAL,CITY OF BACOLOD,TACULING,45010373,SP,"BARIBAR, ARCHIE (PROMDI)",315,4.75 %
REGION VI,NEGROS OCCIDENTAL,CITY OF BACOLOD,TACULING,45010373,SP,"BELARIO, 007 (IND)",21,0.31 %
REGION VI,NEGROS OCCIDENTAL,CITY OF BACOLOD,TACULING,45010373,SP,"BELORIA, TOTO CESAR (IND)",63,0.95 %
REGION VI,NEGROS OCCIDENTAL,CITY OF BACOLOD,TACULING,45010373,SP,"CONTRERAS, LR (PRP)",27,0.40 %
REGION VI,NEGROS OCCIDENTAL,CITY OF BACOLOD,TACULING,45010373,SP,"DIAZ, JONATHAN JR. (NP)",194,2.93 %
REGION VI,NEGROS OCCIDENTAL,CITY OF BACOLOD,TACULING,45010373,SP,"DISTRITO, SIMPLE (PDPLBN)",207,3.12 %
REGION VI,NEGROS OCCIDENTAL,CITY OF BACOLOD,TACULING,45010373,SP,"ESPINO, AL (NPC)",220,3.32 %
REGION VI,NEGROS OCCIDENTAL,CITY OF BACOLOD,TACULING,45010373,SP,"FLOR, CELIA (IND)",241,3.63 %
REGION VI,NEGROS OCCIDENTAL,CITY OF BACOLOD,TACULING,45010373,SP,"GICO, VIC (IND)",13,0.19 %
REGION VI,NEGROS OCCIDENTAL,CITY OF BACOLOD,TACULING,45010373,SP,"GONZALEZ, VLADI (PDPLBN)",261,3.94 %
REGION VI,NEGROS OCCIDENTAL,CITY OF BACOLOD,TACULING,45010373,SP,"GUILLEM, ED (NP)",259,3.91 %
REGION VI,NEGROS OCCIDENTAL,CITY OF BACOLOD,TACULING,45010373,SP,"HERMOSURA, BONG (IND)",18,0.27 %
REGION VI,NEGROS OCCIDENTAL,CITY OF BACOLOD,TACULING,45010373,SP,"JAUOD, JIFFY (IND)",17,0.25 %
REGION VI,NEGROS OCCIDENTAL,CITY OF BACOLOD,TACULING,45010373,SP,"LACSON, PATRICK (PDPLBN)",159,2.40 %
REGION VI,NEGROS OCCIDENTAL,CITY OF BACOLOD,TACULING,45010373,SP,"LOPEZ, CARL (NP)",234,3.53 %
REGION VI,NEGROS OCCIDENTAL,CITY OF BACOLOD,TACULING,45010373,SP,"MAYO, MARK STEVEN (NPC)",75,1.13 %
REGION VI,NEGROS OCCIDENTAL,CITY OF BACOLOD,TACULING,45010373,SP,"MONTALVO, CASH (NP)",270,4.07 %
REGION VI,NEGROS OCCIDENTAL,CITY OF BACOLOD,TACULING,45010373,SP,"NACIONALES, FERMIN (IND)",9,0.13 %
REGION VI,NEGROS OCCIDENTAL,CITY OF BACOLOD,TACULING,45010373,SP,"NOVERO, RENECITO (NP)",347,5.24 %
REGION VI,NEGROS OCCIDENTAL,CITY OF BACOLOD,TACULING,45010373,SP,"OROLA, BART (PDPLBN)",179,2.70 %
REGION VI,NEGROS OCCIDENTAL,CITY OF BACOLOD,TACULING,45010373,SP,"PADIOS, EDUARDO (PPM)",67,1.01 %
REGION VI,NEGROS OCCIDENTAL,CITY OF BACOLOD,TACULING,45010373,SP,"PUENTEVELLA, KALAW (PROMDI)",222,3.35 %
REGION VI,NEGROS OCCIDENTAL,CITY OF BACOLOD,TACULING,45010373,SP,"RAMOS, DINDO (NP)",291,4.39 %
REGION VI,NEGROS OCCIDENTAL,CITY OF BACOLOD,TACULING,45010373,SP,"ROJAS, CINDY (NP)",351,5.30 %
REGION VI,NEGROS OCCIDENTAL,CITY OF BACOLOD,TACULING,45010373,SP,"SALANGA, ISRAEL (NP)",365,5.51 %
REGION VI,NEGROS OCCIDENTAL,CITY OF BACOLOD,TACULING,45010373,SP,"SAYSON, THADDY (PDPLBN)",292,4.41 %
REGION VI,NEGROS OCCIDENTAL,CITY OF BACOLOD,TACULING,45010373,SP,"SOLIDUM, MARLON (NPC)",269,4.06 %
REGION VI,NEGROS OCCIDENTAL,CITY OF BACOLOD,TACULING,45010373,SP,"SORONGON, CHRIS (NP)",270,4.07 %
REGION VI,NEGROS OCCIDENTAL,CITY OF BACOLOD,TACULING,45010373,SP,"SY, PAO (NPC)",168,2.53 %
REGION VI,NEGROS OCCIDENTAL,CITY OF BACOLOD,TACULING,45010373,SP,"TAN, CANO GWAPO (AKSYON)",142,2.14 %
REGION VI,NEGROS OCCIDENTAL,CITY OF BACOLOD,TACULING,45010373,SP,"VERDEFLOR, SONYA (UNEGA)",188,2.83 %
REGION VI,NEGROS OCCIDENTAL,CITY OF BACOLOD,TACULING,45010373,SP,"VILLAFUERTE, RICO (IND)",55,0.83 %
REGION VI,NEGROS OCCIDENTAL,CITY OF BACOLOD,TACULING,45010373,SP,"VILLAROSA, JASON (LAKAS)",202,3.05 %
REGION VI,NEGROS OCCIDENTAL,CITY OF BACOLOD,TACULING,45010373,SP,"WEBER, CHRISTIAN (IND)",25,0.37 %
region,province,city,barangay,precinct,position,candidate,votes,percentage
REGION VI,NEGROS OCCIDENTAL,CITY OF BACOLOD,TACULING,45010374,PRESIDENT,Candidate,Votes,Percentage
REGION VI,NEGROS OCCIDENTAL,CITY OF BACOLOD,TACULING,45010374,PRESIDENT,"ABELLA, ERNIE (IND)",2,0.30 %
REGION VI,NEGROS OCCIDENTAL,CITY OF BACOLOD,TACULING,45010374,PRESIDENT,"DE GUZMAN, LEODY (PLM)",0,0.00 %
REGION VI,NEGROS OCCIDENTAL,CITY OF BACOLOD,TACULING,45010374,PRESIDENT,"DOMAGOSO, ISKO MORENO (AKSYON)",29,4.39 %
REGION VI,NEGROS OCCIDENTAL,CITY OF BACOLOD,TACULING,45010374,PRESIDENT,"GONZALES, NORBERTO (PDSP)",0,0.00 %
REGION VI,NEGROS OCCIDENTAL,CITY OF BACOLOD,TACULING,45010374,PRESIDENT,"LACSON, PING (PDR)",12,1.81 %
REGION VI,NEGROS OCCIDENTAL,CITY OF BACOLOD,TACULING,45010374,PRESIDENT,"MANGONDATO, FAISAL (KTPNAN)",0,0.00 %
REGION VI,NEGROS OCCIDENTAL,CITY OF BACOLOD,TACULING,45010374,PRESIDENT,"MARCOS, BONGBONG (PFP)",242,36.66 %
REGION VI,NEGROS OCCIDENTAL,CITY OF BACOLOD,TACULING,45010374,PRESIDENT,"MONTEMAYOR, JOSE JR. (DPP)",0,0.00 %
REGION VI,NEGROS OCCIDENTAL,CITY OF BACOLOD,TACULING,45010374,PRESIDENT,"PACQUIAO, MANNY PACMAN(PROMDI)",37,5.60 %
REGION VI,NEGROS OCCIDENTAL,CITY OF BACOLOD,TACULING,45010374,PRESIDENT,"ROBREDO, LENI (IND)",338,51.21 %
REGION VI,NEGROS OCCIDENTAL,CITY OF BACOLOD,TACULING,45010374,VICE_PRESIDENT,Candidate,Votes,Percentage
REGION VI,NEGROS OCCIDENTAL,CITY OF BACOLOD,TACULING,45010374,VICE_PRESIDENT,"ATIENZA, LITO (PROMDI)",2,0.30 %
REGION VI,NEGROS OCCIDENTAL,CITY OF BACOLOD,TACULING,45010374,VICE_PRESIDENT,"BELLO, WALDEN (PLM)",0,0.00 %
REGION VI,NEGROS OCCIDENTAL,CITY OF BACOLOD,TACULING,45010374,VICE_PRESIDENT,"DAVID, RIZALITO (DPP)",0,0.00 %
REGION VI,NEGROS OCCIDENTAL,CITY OF BACOLOD,TACULING,45010374,VICE_PRESIDENT,"DUTERTE, SARA (LAKAS)",249,38.19 %
REGION VI,NEGROS OCCIDENTAL,CITY OF BACOLOD,TACULING,45010374,VICE_PRESIDENT,"LOPEZ, MANNY SD (WPP)",0,0.00 %
REGION VI,NEGROS OCCIDENTAL,CITY OF BACOLOD,TACULING,45010374,VICE_PRESIDENT,"ONG, DOC WILLIE (AKSYON)",44,6.74 %
REGION VI,NEGROS OCCIDENTAL,CITY OF BACOLOD,TACULING,45010374,VICE_PRESIDENT,"PANGILINAN, KIKO (LP)",238,36.50 %
REGION VI,NEGROS OCCIDENTAL,CITY OF BACOLOD,TACULING,45010374,VICE_PRESIDENT,"SERAPIO, CARLOS (KTPNAN)",1,0.15 %
REGION VI,NEGROS OCCIDENTAL,CITY OF BACOLOD,TACULING,45010374,VICE_PRESIDENT,"SOTTO, VICENTE TITO (NPC)",118,18.09 %
REGION VI,NEGROS OCCIDENTAL,CITY OF BACOLOD,TACULING,45010374,SENATOR,Candidate,Votes,Percentage
REGION VI,NEGROS OCCIDENTAL,CITY OF BACOLOD,TACULING,45010374,SENATOR,"AFUANG, ABNER (IND)",12,0.19 %
REGION VI,NEGROS OCCIDENTAL,CITY OF BACOLOD,TACULING,45010374,SENATOR,"ALBANI, IBRAHIM (WPP)",7,0.11 %
REGION VI,NEGROS OCCIDENTAL,CITY OF BACOLOD,TACULING,45010374,SENATOR,"ARRANZA, MANG JESS (IND)",7,0.11 %
REGION VI,NEGROS OCCIDENTAL,CITY OF BACOLOD,TACULING,45010374,SENATOR,"BAGUILAT, TEDDY (LP)",116,1.85 %
REGION VI,NEGROS OCCIDENTAL,CITY OF BACOLOD,TACULING,45010374,SENATOR,"BAILEN, AGNES (IND)",10,0.15 %
REGION VI,NEGROS OCCIDENTAL,CITY OF BACOLOD,TACULING,45010374,SENATOR,"BALITA, CARL (AKSYON)",49,0.78 %
REGION VI,NEGROS OCCIDENTAL,CITY OF BACOLOD,TACULING,45010374,SENATOR,"BARBO, LUTZ (PDPLBN)",8,0.12 %
REGION VI,NEGROS OCCIDENTAL,CITY OF BACOLOD,TACULING,45010374,SENATOR,"BAUTISTA, HERBERT BISTEK (NPC)",128,2.04 %
REGION VI,NEGROS OCCIDENTAL,CITY OF BACOLOD,TACULING,45010374,SENATOR,"BELGICA, GRECO (PDDS)",27,0.43 %
REGION VI,NEGROS OCCIDENTAL,CITY OF BACOLOD,TACULING,45010374,SENATOR,"BELLO, SILVESTRE JR. (PDPLBN)",36,0.57 %
REGION VI,NEGROS OCCIDENTAL,CITY OF BACOLOD,TACULING,45010374,SENATOR,"BINAY, JOJO (UNA)",120,1.91 %
REGION VI,NEGROS OCCIDENTAL,CITY OF BACOLOD,TACULING,45010374,SENATOR,"CABONEGRO, ROY (PLM)",24,0.38 %
REGION VI,NEGROS OCCIDENTAL,CITY OF BACOLOD,TACULING,45010374,SENATOR,"CASTRICIONES, BRO JOHN(PDPLBN)",10,0.15 %
REGION VI,NEGROS OCCIDENTAL,CITY OF BACOLOD,TACULING,45010374,SENATOR,"CAYETANO, ALAN PETER (IND)",239,3.81 %
REGION VI,NEGROS OCCIDENTAL,CITY OF BACOLOD,TACULING,45010374,SENATOR,"CHAVEZ, MELCHOR (WPP)",17,0.27 %
REGION VI,NEGROS OCCIDENTAL,CITY OF BACOLOD,TACULING,45010374,SENATOR,"COLMENARES, NERI (MKBYN)",253,4.04 %
REGION VI,NEGROS OCCIDENTAL,CITY OF BACOLOD,TACULING,45010374,SENATOR,"D'ANGELO, DAVID (PLM)",12,0.19 %
REGION VI,NEGROS OCCIDENTAL,CITY OF BACOLOD,TACULING,45010374,SENATOR,"DE LIMA, LEILA (LP)",195,3.11 %
REGION VI,NEGROS OCCIDENTAL,CITY OF BACOLOD,TACULING,45010374,SENATOR,"DEL ROSARIO, MONSOUR (PDR)",67,1.07 %
REGION VI,NEGROS OCCIDENTAL,CITY OF BACOLOD,TACULING,45010374,SENATOR,"DIAZ, DING (PPP)",15,0.23 %
REGION VI,NEGROS OCCIDENTAL,CITY OF BACOLOD,TACULING,45010374,SENATOR,"DIOKNO, CHEL (KANP)",258,4.12 %
REGION VI,NEGROS OCCIDENTAL,CITY OF BACOLOD,TACULING,45010374,SENATOR,"EJERCITO, JV ESTRADA (NPC)",171,2.73 %
REGION VI,NEGROS OCCIDENTAL,CITY OF BACOLOD,TACULING,45010374,SENATOR,"ELEAZAR, GEN. GUILLERMO (PDR)",172,2.74 %
REGION VI,NEGROS OCCIDENTAL,CITY OF BACOLOD,TACULING,45010374,SENATOR,"EREÑO, BRO. ERNIE (PM)",6,0.09 %
REGION VI,NEGROS OCCIDENTAL,CITY OF BACOLOD,TACULING,45010374,SENATOR,"ESCUDERO, CHIZ (NPC)",278,4.44 %
REGION VI,NEGROS OCCIDENTAL,CITY OF BACOLOD,TACULING,45010374,SENATOR,"ESPIRITU, LUKE (PLM)",159,2.54 %
REGION VI,NEGROS OCCIDENTAL,CITY OF BACOLOD,TACULING,45010374,SENATOR,"ESTRADA, JINGGOY (PMP)",108,1.72 %
REGION VI,NEGROS OCCIDENTAL,CITY OF BACOLOD,TACULING,45010374,SENATOR,"FALCONE, BAL FALCON (DPP)",5,0.07 %
REGION VI,NEGROS OCCIDENTAL,CITY OF BACOLOD,TACULING,45010374,SENATOR,"GADON, LARRY (KBL)",94,1.50 %
REGION VI,NEGROS OCCIDENTAL,CITY OF BACOLOD,TACULING,45010374,SENATOR,"GATCHALIAN, WIN (NPC)",247,3.94 %
REGION VI,NEGROS OCCIDENTAL,CITY OF BACOLOD,TACULING,45010374,SENATOR,"GORDON, WOW DICK (BVNP)",198,3.16 %
REGION VI,NEGROS OCCIDENTAL,CITY OF BACOLOD,TACULING,45010374,SENATOR,"GUTOC, SAMIRA (AKSYON)",40,0.63 %
REGION VI,NEGROS OCCIDENTAL,CITY OF BACOLOD,TACULING,45010374,SENATOR,"HONASAN, GRINGO (IND)",112,1.78 %
REGION VI,NEGROS OCCIDENTAL,CITY OF BACOLOD,TACULING,45010374,SENATOR,"HONTIVEROS, RISA (AKBAYAN)",310,4.95 %
REGION VI,NEGROS OCCIDENTAL,CITY OF BACOLOD,TACULING,45010374,SENATOR,"JAVELLANA, RJ (IND)",15,0.23 %
REGION VI,NEGROS OCCIDENTAL,CITY OF BACOLOD,TACULING,45010374,SENATOR,"KIRAM, NUR-MAHAL (IND)",6,0.09 %
REGION VI,NEGROS OCCIDENTAL,CITY OF BACOLOD,TACULING,45010374,SENATOR,"LABOG, ELMER (MKBYN)",42,0.67 %
REGION VI,NEGROS OCCIDENTAL,CITY OF BACOLOD,TACULING,45010374,SENATOR,"LACSON, KUYA ALEX (KP)",182,2.90 %
REGION VI,NEGROS OCCIDENTAL,CITY OF BACOLOD,TACULING,45010374,SENATOR,"LANGIT, REY (PDPLBN)",9,0.14 %
REGION VI,NEGROS OCCIDENTAL,CITY OF BACOLOD,TACULING,45010374,SENATOR,"LEGARDA, LOREN (NPC)",289,4.61 %
REGION VI,NEGROS OCCIDENTAL,CITY OF BACOLOD,TACULING,45010374,SENATOR,"LIM, ARIEL (IND)",10,0.15 %
REGION VI,NEGROS OCCIDENTAL,CITY OF BACOLOD,TACULING,45010374,SENATOR,"MALLILLIN, EMILY (PPM)",3,0.04 %
REGION VI,NEGROS OCCIDENTAL,CITY OF BACOLOD,TACULING,45010374,SENATOR,"MARCOLETA, RODANTE (PDPLBN)",36,0.57 %
REGION VI,NEGROS OCCIDENTAL,CITY OF BACOLOD,TACULING,45010374,SENATOR,"MARCOS, FRANCIS LEO (IND)",35,0.55 %
REGION VI,NEGROS OCCIDENTAL,CITY OF BACOLOD,TACULING,45010374,SENATOR,"MATULA, SONNY (IND)",85,1.35 %
REGION VI,NEGROS OCCIDENTAL,CITY OF BACOLOD,TACULING,45010374,SENATOR,"MINDALANO-ADAM,MARIETA(KTPNAN)",4,0.06 %
REGION VI,NEGROS OCCIDENTAL,CITY OF BACOLOD,TACULING,45010374,SENATOR,"OLARTE, ATTY/DR. LEO (BIGKIS)",9,0.14 %
REGION VI,NEGROS OCCIDENTAL,CITY OF BACOLOD,TACULING,45010374,SENATOR,"PADILLA, DRA. MINGUITA (PDR)",45,0.71 %
REGION VI,NEGROS OCCIDENTAL,CITY OF BACOLOD,TACULING,45010374,SENATOR,"PADILLA, ROBIN (PDPLBN)",196,3.13 %
REGION VI,NEGROS OCCIDENTAL,CITY OF BACOLOD,TACULING,45010374,SENATOR,"PANELO, SAL PANALO (PDPLBN)",76,1.21 %
REGION VI,NEGROS OCCIDENTAL,CITY OF BACOLOD,TACULING,45010374,SENATOR,"PIMENTEL, ASTRA (PDPLBN)",50,0.79 %
REGION VI,NEGROS OCCIDENTAL,CITY OF BACOLOD,TACULING,45010374,SENATOR,"PIÑOL, MANNY (NPC)",57,0.91 %
REGION VI,NEGROS OCCIDENTAL,CITY OF BACOLOD,TACULING,45010374,SENATOR,"RICABLANCA, WILLIE JR. (PM)",9,0.14 %
REGION VI,NEGROS OCCIDENTAL,CITY OF BACOLOD,TACULING,45010374,SENATOR,"ROQUE, HARRY SPOX (PRP)",95,1.51 %
REGION VI,NEGROS OCCIDENTAL,CITY OF BACOLOD,TACULING,45010374,SENATOR,"SAHIDULLA, LADY ANNE (PDDS)",4,0.06 %
REGION VI,NEGROS OCCIDENTAL,CITY OF BACOLOD,TACULING,45010374,SENATOR,"SISON, JOPET (AKSYON)",29,0.46 %
REGION VI,NEGROS OCCIDENTAL,CITY OF BACOLOD,TACULING,45010374,SENATOR,"TEODORO, GIBO (PRP)",236,3.77 %
REGION VI,NEGROS OCCIDENTAL,CITY OF BACOLOD,TACULING,45010374,SENATOR,"TRILLANES, ANTONIO IV (LP)",182,2.90 %
REGION VI,NEGROS OCCIDENTAL,CITY OF BACOLOD,TACULING,45010374,SENATOR,"TULFO, IDOL RAFFY (IND)",254,4.05 %
REGION VI,NEGROS OCCIDENTAL,CITY OF BACOLOD,TACULING,45010374,SENATOR,"VALEROS, REY (IND)",3,0.04 %
REGION VI,NEGROS OCCIDENTAL,CITY OF BACOLOD,TACULING,45010374,SENATOR,"VILLANUEVA,JOEL TESDAMAN (IND)",211,3.37 %
REGION VI,NEGROS OCCIDENTAL,CITY OF BACOLOD,TACULING,45010374,SENATOR,"VILLAR, MARK (NP)",215,3.43 %
REGION VI,NEGROS OCCIDENTAL,CITY OF BACOLOD,TACULING,45010374,SENATOR,"ZUBIAGA, CARMEN (IND)",37,0.59 %
REGION VI,NEGROS OCCIDENTAL,CITY OF BACOLOD,TACULING,45010374,SENATOR,"ZUBIRI, MIGZ (IND)",323,5.16 %
REGION VI,NEGROS OCCIDENTAL,CITY OF BACOLOD,TACULING,45010374,PARTYLIST,Candidate,Votes,Percentage
REGION VI,NEGROS OCCIDENTAL,CITY OF BACOLOD,TACULING,45010374,PARTYLIST,01 KAMALAYAN,2,0.41 %
REGION VI,NEGROS OCCIDENTAL,CITY OF BACOLOD,TACULING,45010374,PARTYLIST,02 KM NGAYON NA,0,0.00 %
REGION VI,NEGROS OCCIDENTAL,CITY OF BACOLOD,TACULING,45010374,PARTYLIST,03 PSIS,0,0.00 %
REGION VI,NEGROS OCCIDENTAL,CITY OF BACOLOD,TACULING,45010374,PARTYLIST,04 AGAP,2,0.41 %
REGION VI,NEGROS OCCIDENTAL,CITY OF BACOLOD,TACULING,45010374,PARTYLIST,05 KABAYAN,2,0.41 %
REGION VI,NEGROS OCCIDENTAL,CITY OF BACOLOD,TACULING,45010374,PARTYLIST,06 HOME OWNER,1,0.20 %
REGION VI,NEGROS OCCIDENTAL,CITY OF BACOLOD,TACULING,45010374,PARTYLIST,07 KAPUSO-PM,1,0.20 %
REGION VI,NEGROS OCCIDENTAL,CITY OF BACOLOD,TACULING,45010374,PARTYLIST,08 PDP CARES,0,0.00 %
REGION VI,NEGROS OCCIDENTAL,CITY OF BACOLOD,TACULING,45010374,PARTYLIST,09 MARVELOUS TAYO,0,0.00 %
REGION VI,NEGROS OCCIDENTAL,CITY OF BACOLOD,TACULING,45010374,PARTYLIST,10 AKO OFW,0,0.00 %
REGION VI,NEGROS OCCIDENTAL,CITY OF BACOLOD,TACULING,45010374,PARTYLIST,11 UNITED SENIOR CITIZEN,8,1.65 %
REGION VI,NEGROS OCCIDENTAL,CITY OF BACOLOD,TACULING,45010374,PARTYLIST,12 WOW PILIPINAS,0,0.00 %
REGION VI,NEGROS OCCIDENTAL,CITY OF BACOLOD,TACULING,45010374,PARTYLIST,13 ALTERNATIBA,0,0.00 %
REGION VI,NEGROS OCCIDENTAL,CITY OF BACOLOD,TACULING,45010374,PARTYLIST,14 1-RIDER PARTYLIST,7,1.45 %
REGION VI,NEGROS OCCIDENTAL,CITY OF BACOLOD,TACULING,45010374,PARTYLIST,15 1-CARE,0,0.00 %
REGION VI,NEGROS OCCIDENTAL,CITY OF BACOLOD,TACULING,45010374,PARTYLIST,16 ABP,0,0.00 %
REGION VI,NEGROS OCCIDENTAL,CITY OF BACOLOD,TACULING,45010374,PARTYLIST,17 AKO MUSIKERO,1,0.20 %
REGION VI,NEGROS OCCIDENTAL,CITY OF BACOLOD,TACULING,45010374,PARTYLIST,18 AKO BICOL,1,0.20 %
REGION VI,NEGROS OCCIDENTAL,CITY OF BACOLOD,TACULING,45010374,PARTYLIST,19 PRAI,6,1.24 %
REGION VI,NEGROS OCCIDENTAL,CITY OF BACOLOD,TACULING,45010374,PARTYLIST,20 4PS,1,0.20 %
REGION VI,NEGROS OCCIDENTAL,CITY OF BACOLOD,TACULING,45010374,PARTYLIST,21 MAAGAP,0,0.00 %
REGION VI,NEGROS OCCIDENTAL,CITY OF BACOLOD,TACULING,45010374,PARTYLIST,22 ABANTE PILIPINAS,2,0.41 %
REGION VI,NEGROS OCCIDENTAL,CITY OF BACOLOD,TACULING,45010374,PARTYLIST,23 AKTIBONG KAAGAPAY,0,0.00 %
REGION VI,NEGROS OCCIDENTAL,CITY OF BACOLOD,TACULING,45010374,PARTYLIST,24 ALSA BISAYA,0,0.00 %
REGION VI,NEGROS OCCIDENTAL,CITY OF BACOLOD,TACULING,45010374,PARTYLIST,25 PROBINSYANO AKO,0,0.00 %
REGION VI,NEGROS OCCIDENTAL,CITY OF BACOLOD,TACULING,45010374,PARTYLIST,26 YACAP,1,0.20 %
REGION VI,NEGROS OCCIDENTAL,CITY OF BACOLOD,TACULING,45010374,PARTYLIST,27 MAGDALO,2,0.41 %
REGION VI,NEGROS OCCIDENTAL,CITY OF BACOLOD,TACULING,45010374,PARTYLIST,28 ACT-CIS,27,5.60 %
REGION VI,NEGROS OCCIDENTAL,CITY OF BACOLOD,TACULING,45010374,PARTYLIST,29 HUGPONG FEDERAL,0,0.00 %
REGION VI,NEGROS OCCIDENTAL,CITY OF BACOLOD,TACULING,45010374,PARTYLIST,30 TGP,1,0.20 %
REGION VI,NEGROS OCCIDENTAL,CITY OF BACOLOD,TACULING,45010374,PARTYLIST,31 ONE COOP,1,0.20 %
REGION VI,NEGROS OCCIDENTAL,CITY OF BACOLOD,TACULING,45010374,PARTYLIST,32 BARKADAHAN,0,0.00 %
REGION VI,NEGROS OCCIDENTAL,CITY OF BACOLOD,TACULING,45010374,PARTYLIST,33 DUMPER PTDA,1,0.20 %
REGION VI,NEGROS OCCIDENTAL,CITY OF BACOLOD,TACULING,45010374,PARTYLIST,34 MALABUNG,0,0.00 %
REGION VI,NEGROS OCCIDENTAL,CITY OF BACOLOD,TACULING,45010374,PARTYLIST,35 BH (BAGONG HENERASYON),1,0.20 %
REGION VI,NEGROS OCCIDENTAL,CITY OF BACOLOD,TACULING,45010374,PARTYLIST,36 AKMA-PTM,0,0.00 %
REGION VI,NEGROS OCCIDENTAL,CITY OF BACOLOD,TACULING,45010374,PARTYLIST,37 IPATUPAD,1,0.20 %
REGION VI,NEGROS OCCIDENTAL,CITY OF BACOLOD,TACULING,45010374,PARTYLIST,38 PINUNO,1,0.20 %
REGION VI,NEGROS OCCIDENTAL,CITY OF BACOLOD,TACULING,45010374,PARTYLIST,39 LPGMA,0,0.00 %
REGION VI,NEGROS OCCIDENTAL,CITY OF BACOLOD,TACULING,45010374,PARTYLIST,40 CLICK PARTY,0,0.00 %
REGION VI,NEGROS OCCIDENTAL,CITY OF BACOLOD,TACULING,45010374,PARTYLIST,41 TODA,0,0.00 %
REGION VI,NEGROS OCCIDENTAL,CITY OF BACOLOD,TACULING,45010374,PARTYLIST,42 BHW,0,0.00 %
REGION VI,NEGROS OCCIDENTAL,CITY OF BACOLOD,TACULING,45010374,PARTYLIST,43 MALASAKIT@BAYANIHAN,49,10.16 %
REGION VI,NEGROS OCCIDENTAL,CITY OF BACOLOD,TACULING,45010374,PARTYLIST,44 ABS,0,0.00 %
REGION VI,NEGROS OCCIDENTAL,CITY OF BACOLOD,TACULING,45010374,PARTYLIST,45 PASAHERO PARTYLIST,0,0.00 %
REGION VI,NEGROS OCCIDENTAL,CITY OF BACOLOD,TACULING,45010374,PARTYLIST,46 ANGAT,2,0.41 %
REGION VI,NEGROS OCCIDENTAL,CITY OF BACOLOD,TACULING,45010374,PARTYLIST,47 SOLID-CHANGE,0,0.00 %
REGION VI,NEGROS OCCIDENTAL,CITY OF BACOLOD,TACULING,45010374,PARTYLIST,48 BICOL SARO,0,0.00 %
REGION VI,NEGROS OCCIDENTAL,CITY OF BACOLOD,TACULING,45010374,PARTYLIST,49 OFW,2,0.41 %
REGION VI,NEGROS OCCIDENTAL,CITY OF BACOLOD,TACULING,45010374,PARTYLIST,50 ANG PROBINSIYANO,3,0.62 %
REGION VI,NEGROS OCCIDENTAL,CITY OF BACOLOD,TACULING,45010374,PARTYLIST,51 ANAKALUSUGAN,0,0.00 %
REGION VI,NEGROS OCCIDENTAL,CITY OF BACOLOD,TACULING,45010374,PARTYLIST,52 PBA,0,0.00 %
REGION VI,NEGROS OCCIDENTAL,CITY OF BACOLOD,TACULING,45010374,PARTYLIST,53 PEACE,3,0.62 %
REGION VI,NEGROS OCCIDENTAL,CITY OF BACOLOD,TACULING,45010374,PARTYLIST,54 P3PWD,38,7.88 %
REGION VI,NEGROS OCCIDENTAL,CITY OF BACOLOD,TACULING,45010374,PARTYLIST,55 S.M.I.L.E,2,0.41 %
REGION VI,NEGROS OCCIDENTAL,CITY OF BACOLOD,TACULING,45010374,PARTYLIST,56 AAMBIS-OWA,0,0.00 %
REGION VI,NEGROS OCCIDENTAL,CITY OF BACOLOD,TACULING,45010374,PARTYLIST,57 BUTIL,0,0.00 %
REGION VI,NEGROS OCCIDENTAL,CITY OF BACOLOD,TACULING,45010374,PARTYLIST,58 LUNAS,0,0.00 %
REGION VI,NEGROS OCCIDENTAL,CITY OF BACOLOD,TACULING,45010374,PARTYLIST,59 ANG KOMADRONA,0,0.00 %
REGION VI,NEGROS OCCIDENTAL,CITY OF BACOLOD,TACULING,45010374,PARTYLIST,60 KABAKA,0,0.00 %
REGION VI,NEGROS OCCIDENTAL,CITY OF BACOLOD,TACULING,45010374,PARTYLIST,61 SAGIP,3,0.62 %
REGION VI,NEGROS OCCIDENTAL,CITY OF BACOLOD,TACULING,45010374,PARTYLIST,62 ANG KABUHAYAN,1,0.20 %
REGION VI,NEGROS OCCIDENTAL,CITY OF BACOLOD,TACULING,45010374,PARTYLIST,63 AKO I.P.,1,0.20 %
REGION VI,NEGROS OCCIDENTAL,CITY OF BACOLOD,TACULING,45010374,PARTYLIST,64 PHILRECA,0,0.00 %
REGION VI,NEGROS OCCIDENTAL,CITY OF BACOLOD,TACULING,45010374,PARTYLIST,65 BABAE AKO,0,0.00 %
REGION VI,NEGROS OCCIDENTAL,CITY OF BACOLOD,TACULING,45010374,PARTYLIST,66 KB,0,0.00 %
REGION VI,NEGROS OCCIDENTAL,CITY OF BACOLOD,TACULING,45010374,PARTYLIST,67 GABRIELA,9,1.86 %
REGION VI,NEGROS OCCIDENTAL,CITY OF BACOLOD,TACULING,45010374,PARTYLIST,68 KALINGA,0,0.00 %
REGION VI,NEGROS OCCIDENTAL,CITY OF BACOLOD,TACULING,45010374,PARTYLIST,69 STL,1,0.20 %
REGION VI,NEGROS OCCIDENTAL,CITY OF BACOLOD,TACULING,45010374,PARTYLIST,70 RECOBODA,0,0.00 %
REGION VI,NEGROS OCCIDENTAL,CITY OF BACOLOD,TACULING,45010374,PARTYLIST,71 ANGAT PINOY,0,0.00 %
REGION VI,NEGROS OCCIDENTAL,CITY OF BACOLOD,TACULING,45010374,PARTYLIST,72 ANAC-IP,0,0.00 %
REGION VI,NEGROS OCCIDENTAL,CITY OF BACOLOD,TACULING,45010374,PARTYLIST,73 DIWA,2,0.41 %
REGION VI,NEGROS OCCIDENTAL,CITY OF BACOLOD,TACULING,45010374,PARTYLIST,74 ASENSO PINOY,0,0.00 %
REGION VI,NEGROS OCCIDENTAL,CITY OF BACOLOD,TACULING,45010374,PARTYLIST,75 PPP,0,0.00 %
REGION VI,NEGROS OCCIDENTAL,CITY OF BACOLOD,TACULING,45010374,PARTYLIST,76 PAMILYA MUNA,4,0.82 %
REGION VI,NEGROS OCCIDENTAL,CITY OF BACOLOD,TACULING,45010374,PARTYLIST,77 AYUDA SANDUGO,0,0.00 %
REGION VI,NEGROS OCCIDENTAL,CITY OF BACOLOD,TACULING,45010374,PARTYLIST,78 BUKLOD FILIPINO,2,0.41 %
REGION VI,NEGROS OCCIDENTAL,CITY OF BACOLOD,TACULING,45010374,PARTYLIST,79 BTS,0,0.00 %
REGION VI,NEGROS OCCIDENTAL,CITY OF BACOLOD,TACULING,45010374,PARTYLIST,80 MOCHA,1,0.20 %
REGION VI,NEGROS OCCIDENTAL,CITY OF BACOLOD,TACULING,45010374,PARTYLIST,81 ACT TEACHERS,5,1.03 %
REGION VI,NEGROS OCCIDENTAL,CITY OF BACOLOD,TACULING,45010374,PARTYLIST,82 ALONA,0,0.00 %
REGION VI,NEGROS OCCIDENTAL,CITY OF BACOLOD,TACULING,45010374,PARTYLIST,83 KABALIKAT,1,0.20 %
REGION VI,NEGROS OCCIDENTAL,CITY OF BACOLOD,TACULING,45010374,PARTYLIST,84 ALIF,0,0.00 %
REGION VI,NEGROS OCCIDENTAL,CITY OF BACOLOD,TACULING,45010374,PARTYLIST,85 1-UTAP BICOL,0,0.00 %
REGION VI,NEGROS OCCIDENTAL,CITY OF BACOLOD,TACULING,45010374,PARTYLIST,86 TINGOG,0,0.00 %
REGION VI,NEGROS OCCIDENTAL,CITY OF BACOLOD,TACULING,45010374,PARTYLIST,87 H.E.L.P. PILIPINAS,1,0.20 %
REGION VI,NEGROS OCCIDENTAL,CITY OF BACOLOD,TACULING,45010374,PARTYLIST,88 TUCP,0,0.00 %
REGION VI,NEGROS OCCIDENTAL,CITY OF BACOLOD,TACULING,45010374,PARTYLIST,89 PTA,0,0.00 %
REGION VI,NEGROS OCCIDENTAL,CITY OF BACOLOD,TACULING,45010374,PARTYLIST,90 AGIMAT,0,0.00 %
REGION VI,NEGROS OCCIDENTAL,CITY OF BACOLOD,TACULING,45010374,PARTYLIST,91 KONTRA BROWNOUT,2,0.41 %
REGION VI,NEGROS OCCIDENTAL,CITY OF BACOLOD,TACULING,45010374,PARTYLIST,92 TULUNGAN TAYO,1,0.20 %
REGION VI,NEGROS OCCIDENTAL,CITY OF BACOLOD,TACULING,45010374,PARTYLIST,93 DUTERTE YOUTH,9,1.86 %
REGION VI,NEGROS OCCIDENTAL,CITY OF BACOLOD,TACULING,45010374,PARTYLIST,94 ABEKA,1,0.20 %
REGION VI,NEGROS OCCIDENTAL,CITY OF BACOLOD,TACULING,45010374,PARTYLIST,95 KABATAAN,8,1.65 %
REGION VI,NEGROS OCCIDENTAL,CITY OF BACOLOD,TACULING,45010374,PARTYLIST,97 ACTS-OFW,3,0.62 %
REGION VI,NEGROS OCCIDENTAL,CITY OF BACOLOD,TACULING,45010374,PARTYLIST,98 RAM,0,0.00 %
REGION VI,NEGROS OCCIDENTAL,CITY OF BACOLOD,TACULING,45010374,PARTYLIST,99 USWAG ILONGGO,16,3.31 %
REGION VI,NEGROS OCCIDENTAL,CITY OF BACOLOD,TACULING,45010374,PARTYLIST,100 AKO BISAYA,2,0.41 %
REGION VI,NEGROS OCCIDENTAL,CITY OF BACOLOD,TACULING,45010374,PARTYLIST,101 KAPAMILYA,2,0.41 %
REGION VI,NEGROS OCCIDENTAL,CITY OF BACOLOD,TACULING,45010374,PARTYLIST,102 PUSONG PINOY,0,0.00 %
REGION VI,NEGROS OCCIDENTAL,CITY OF BACOLOD,TACULING,45010374,PARTYLIST,103 CWS,1,0.20 %
REGION VI,NEGROS OCCIDENTAL,CITY OF BACOLOD,TACULING,45010374,PARTYLIST,104 SILBI,0,0.00 %
REGION VI,NEGROS OCCIDENTAL,CITY OF BACOLOD,TACULING,45010374,PARTYLIST,105 CIBAC,3,0.62 %
REGION VI,NEGROS OCCIDENTAL,CITY OF BACOLOD,TACULING,45010374,PARTYLIST,106 SUBANEN,0,0.00 %
REGION VI,NEGROS OCCIDENTAL,CITY OF BACOLOD,TACULING,45010374,PARTYLIST,107 AKKK,0,0.00 %
REGION VI,NEGROS OCCIDENTAL,CITY OF BACOLOD,TACULING,45010374,PARTYLIST,108 BG PARTY-LIST,0,0.00 %
REGION VI,NEGROS OCCIDENTAL,CITY OF BACOLOD,TACULING,45010374,PARTYLIST,109 PAMILYANG MAGSASAKA,0,0.00 %
REGION VI,NEGROS OCCIDENTAL,CITY OF BACOLOD,TACULING,45010374,PARTYLIST,110 COOP NATCCO,9,1.86 %
REGION VI,NEGROS OCCIDENTAL,CITY OF BACOLOD,TACULING,45010374,PARTYLIST,111 FRONTLINERS ANG BIDA,2,0.41 %
REGION VI,NEGROS OCCIDENTAL,CITY OF BACOLOD,TACULING,45010374,PARTYLIST,112 KASAMA,0,0.00 %
REGION VI,NEGROS OCCIDENTAL,CITY OF BACOLOD,TACULING,45010374,PARTYLIST,113 AKO BISDAK,0,0.00 %
REGION VI,NEGROS OCCIDENTAL,CITY OF BACOLOD,TACULING,45010374,PARTYLIST,114 GP PARTY,0,0.00 %
REGION VI,NEGROS OCCIDENTAL,CITY OF BACOLOD,TACULING,45010374,PARTYLIST,115 BAHAY,0,0.00 %
REGION VI,NEGROS OCCIDENTAL,CITY OF BACOLOD,TACULING,45010374,PARTYLIST,116 MAGSASAKA,0,0.00 %
REGION VI,NEGROS OCCIDENTAL,CITY OF BACOLOD,TACULING,45010374,PARTYLIST,117 MARINO,4,0.82 %
REGION VI,NEGROS OCCIDENTAL,CITY OF BACOLOD,TACULING,45010374,PARTYLIST,118 UNITED FRONTLINERS,3,0.62 %
REGION VI,NEGROS OCCIDENTAL,CITY OF BACOLOD,TACULING,45010374,PARTYLIST,119 L.O.G.R.O. KUSINERO,0,0.00 %
REGION VI,NEGROS OCCIDENTAL,CITY OF BACOLOD,TACULING,45010374,PARTYLIST,120 BPO,0,0.00 %
REGION VI,NEGROS OCCIDENTAL,CITY OF BACOLOD,TACULING,45010374,PARTYLIST,121 ABANG LINGKOD,122,25.31 %
REGION VI,NEGROS OCCIDENTAL,CITY OF BACOLOD,TACULING,45010374,PARTYLIST,122 KUSUG TAUSUG,0,0.00 %
REGION VI,NEGROS OCCIDENTAL,CITY OF BACOLOD,TACULING,45010374,PARTYLIST,123 PLM,0,0.00 %
REGION VI,NEGROS OCCIDENTAL,CITY OF BACOLOD,TACULING,45010374,PARTYLIST,124 OK PARTYLIST,0,0.00 %
REGION VI,NEGROS OCCIDENTAL,CITY OF BACOLOD,TACULING,45010374,PARTYLIST,125 A TEACHER,1,0.20 %
REGION VI,NEGROS OCCIDENTAL,CITY OF BACOLOD,TACULING,45010374,PARTYLIST,126 PASADA-CC,0,0.00 %
REGION VI,NEGROS OCCIDENTAL,CITY OF BACOLOD,TACULING,45010374,PARTYLIST,127 OFW FAMILY,1,0.20 %
REGION VI,NEGROS OCCIDENTAL,CITY OF BACOLOD,TACULING,45010374,PARTYLIST,128 ANGKLA,7,1.45 %
REGION VI,NEGROS OCCIDENTAL,CITY OF BACOLOD,TACULING,45010374,PARTYLIST,129 COCOMAN,0,0.00 %
REGION VI,NEGROS OCCIDENTAL,CITY OF BACOLOD,TACULING,45010374,PARTYLIST,130 ACT AS ONE,0,0.00 %
REGION VI,NEGROS OCCIDENTAL,CITY OF BACOLOD,TACULING,45010374,PARTYLIST,131 AKO ILOCANO AKO,14,2.90 %
REGION VI,NEGROS OCCIDENTAL,CITY OF BACOLOD,TACULING,45010374,PARTYLIST,132 TRABAHO,3,0.62 %
REGION VI,NEGROS OCCIDENTAL,CITY OF BACOLOD,TACULING,45010374,PARTYLIST,133 PATROL,0,0.00 %
REGION VI,NEGROS OCCIDENTAL,CITY OF BACOLOD,TACULING,45010374,PARTYLIST,134 AKO PADAYON,0,0.00 %
REGION VI,NEGROS OCCIDENTAL,CITY OF BACOLOD,TACULING,45010374,PARTYLIST,135 ABONO,0,0.00 %
REGION VI,NEGROS OCCIDENTAL,CITY OF BACOLOD,TACULING,45010374,PARTYLIST,136 MANILA TEACHERS,1,0.20 %
REGION VI,NEGROS OCCIDENTAL,CITY OF BACOLOD,TACULING,45010374,PARTYLIST,137 KOOP-KAMPI,0,0.00 %
REGION VI,NEGROS OCCIDENTAL,CITY OF BACOLOD,TACULING,45010374,PARTYLIST,138 MAYPAGASA,0,0.00 %
REGION VI,NEGROS OCCIDENTAL,CITY OF BACOLOD,TACULING,45010374,PARTYLIST,139 PVAID,0,0.00 %
REGION VI,NEGROS OCCIDENTAL,CITY OF BACOLOD,TACULING,45010374,PARTYLIST,140 TUTOK TO WIN,10,2.07 %
REGION VI,NEGROS OCCIDENTAL,CITY OF BACOLOD,TACULING,45010374,PARTYLIST,141 BAYAN MUNA,7,1.45 %
REGION VI,NEGROS OCCIDENTAL,CITY OF BACOLOD,TACULING,45010374,PARTYLIST,142 API,0,0.00 %
REGION VI,NEGROS OCCIDENTAL,CITY OF BACOLOD,TACULING,45010374,PARTYLIST,143 ARTE,0,0.00 %
REGION VI,NEGROS OCCIDENTAL,CITY OF BACOLOD,TACULING,45010374,PARTYLIST,144 ASAP,0,0.00 %
REGION VI,NEGROS OCCIDENTAL,CITY OF BACOLOD,TACULING,45010374,PARTYLIST,145 BUNYOG,1,0.20 %
REGION VI,NEGROS OCCIDENTAL,CITY OF BACOLOD,TACULING,45010374,PARTYLIST,146 AKBAYAN,8,1.65 %
REGION VI,NEGROS OCCIDENTAL,CITY OF BACOLOD,TACULING,45010374,PARTYLIST,147 DAMAYAN,0,0.00 %
REGION VI,NEGROS OCCIDENTAL,CITY OF BACOLOD,TACULING,45010374,PARTYLIST,148 WIFI,1,0.20 %
REGION VI,NEGROS OCCIDENTAL,CITY OF BACOLOD,TACULING,45010374,PARTYLIST,149 CANCER PARTY LIST,3,0.62 %
REGION VI,NEGROS OCCIDENTAL,CITY OF BACOLOD,TACULING,45010374,PARTYLIST,150 1-ANG EDUKASYON,0,0.00 %
REGION VI,NEGROS OCCIDENTAL,CITY OF BACOLOD,TACULING,45010374,PARTYLIST,151 UFCC,0,0.00 %
REGION VI,NEGROS OCCIDENTAL,CITY OF BACOLOD,TACULING,45010374,PARTYLIST,152 AGRI,0,0.00 %
REGION VI,NEGROS OCCIDENTAL,CITY OF BACOLOD,TACULING,45010374,PARTYLIST,153 MAHARLIKA,0,0.00 %
REGION VI,NEGROS OCCIDENTAL,CITY OF BACOLOD,TACULING,45010374,PARTYLIST,154 ANAKPAWIS,0,0.00 %
REGION VI,NEGROS OCCIDENTAL,CITY OF BACOLOD,TACULING,45010374,PARTYLIST,155 1TAHANAN,0,0.00 %
REGION VI,NEGROS OCCIDENTAL,CITY OF BACOLOD,TACULING,45010374,PARTYLIST,156 TURISMO,1,0.20 %
REGION VI,NEGROS OCCIDENTAL,CITY OF BACOLOD,TACULING,45010374,PARTYLIST,157 APEC,1,0.20 %
REGION VI,NEGROS OCCIDENTAL,CITY OF BACOLOD,TACULING,45010374,PARTYLIST,158 SENIOR CITIZENS PARTYLIST,18,3.73 %
REGION VI,NEGROS OCCIDENTAL,CITY OF BACOLOD,TACULING,45010374,PARTYLIST,159 AASENSO,0,0.00 %
REGION VI,NEGROS OCCIDENTAL,CITY OF BACOLOD,TACULING,45010374,PARTYLIST,160 AMIN,0,0.00 %
REGION VI,NEGROS OCCIDENTAL,CITY OF BACOLOD,TACULING,45010374,PARTYLIST,161 1-PACMAN,1,0.20 %
REGION VI,NEGROS OCCIDENTAL,CITY OF BACOLOD,TACULING,45010374,PARTYLIST,162 ABB-NFCPI,0,0.00 %
REGION VI,NEGROS OCCIDENTAL,CITY OF BACOLOD,TACULING,45010374,PARTYLIST,163 AN WARAY,0,0.00 %
REGION VI,NEGROS OCCIDENTAL,CITY OF BACOLOD,TACULING,45010374,PARTYLIST,164 AP PARTYLIST,0,0.00 %
REGION VI,NEGROS OCCIDENTAL,CITY OF BACOLOD,TACULING,45010374,PARTYLIST,165 AKAP PINOY,0,0.00 %
REGION VI,NEGROS OCCIDENTAL,CITY OF BACOLOD,TACULING,45010374,PARTYLIST,166 BUHAY,0,0.00 %
REGION VI,NEGROS OCCIDENTAL,CITY OF BACOLOD,TACULING,45010374,PARTYLIST,167 ARISE,0,0.00 %
REGION VI,NEGROS OCCIDENTAL,CITY OF BACOLOD,TACULING,45010374,PARTYLIST,168 IWI,0,0.00 %
REGION VI,NEGROS OCCIDENTAL,CITY OF BACOLOD,TACULING,45010374,PARTYLIST,169 ANG TINIG NG SENIORS,1,0.20 %
REGION VI,NEGROS OCCIDENTAL,CITY OF BACOLOD,TACULING,45010374,PARTYLIST,170 LBP,0,0.00 %
REGION VI,NEGROS OCCIDENTAL,CITY OF BACOLOD,TACULING,45010374,PARTYLIST,171 IPEACE EPANAW,0,0.00 %
REGION VI,NEGROS OCCIDENTAL,CITY OF BACOLOD,TACULING,45010374,PARTYLIST,172 APAT-DAPAT,1,0.20 %
REGION VI,NEGROS OCCIDENTAL,CITY OF BACOLOD,TACULING,45010374,PARTYLIST,173 UMA ILONGGO,7,1.45 %
REGION VI,NEGROS OCCIDENTAL,CITY OF BACOLOD,TACULING,45010374,PARTYLIST,174 AYUDA,0,0.00 %
REGION VI,NEGROS OCCIDENTAL,CITY OF BACOLOD,TACULING,45010374,PARTYLIST,175 SAMBAYANAN,0,0.00 %
REGION VI,NEGROS OCCIDENTAL,CITY OF BACOLOD,TACULING,45010374,PARTYLIST,176 AKO BREEDER,7,1.45 %
REGION VI,NEGROS OCCIDENTAL,CITY OF BACOLOD,TACULING,45010374,PARTYLIST,177 FPJ,0,0.00 %
REGION VI,NEGROS OCCIDENTAL,CITY OF BACOLOD,TACULING,45010374,PARTYLIST,178 LIBRO,0,0.00 %
REGION VI,NEGROS OCCIDENTAL,CITY OF BACOLOD,TACULING,45010374,REP,Candidate,Votes,Percentage
REGION VI,NEGROS OCCIDENTAL,CITY OF BACOLOD,TACULING,45010374,REP,"ATAYDE, DAN (IND)",240,37.50 %
REGION VI,NEGROS OCCIDENTAL,CITY OF BACOLOD,TACULING,45010374,REP,"DAVID, WILLY (IND)",2,0.31 %
REGION VI,NEGROS OCCIDENTAL,CITY OF BACOLOD,TACULING,45010374,REP,"GASATAYA, GREG (NPC)",393,61.40 %
REGION VI,NEGROS OCCIDENTAL,CITY OF BACOLOD,TACULING,45010374,REP,"GUSTILO, ROMY (IND)",3,0.46 %
REGION VI,NEGROS OCCIDENTAL,CITY OF BACOLOD,TACULING,45010374,REP,"SAN MIGUEL, NONONG (PDDS)",2,0.31 %
REGION VI,NEGROS OCCIDENTAL,CITY OF BACOLOD,TACULING,45010374,MAYOR,Candidate,Votes,Percentage
REGION VI,NEGROS OCCIDENTAL,CITY OF BACOLOD,TACULING,45010374,MAYOR,"BENITEZ, ALBEE (PDPLBN)",365,55.89 %
REGION VI,NEGROS OCCIDENTAL,CITY OF BACOLOD,TACULING,45010374,MAYOR,"LEONARDIA, BING (NP)",288,44.10 %
REGION VI,NEGROS OCCIDENTAL,CITY OF BACOLOD,TACULING,45010374,VICE_MAYOR,Candidate,Votes,Percentage
REGION VI,NEGROS OCCIDENTAL,CITY OF BACOLOD,TACULING,45010374,VICE_MAYOR,"DISTRITO, CAESAR (PDPLBN)",169,26.53 %
REGION VI,NEGROS OCCIDENTAL,CITY OF BACOLOD,TACULING,45010374,VICE_MAYOR,"FAMILIARAN, EL CID (NP)",379,59.49 %
REGION VI,NEGROS OCCIDENTAL,CITY OF BACOLOD,TACULING,45010374,VICE_MAYOR,"GAMBOA, WILSON JR. (IND)",89,13.97 %
REGION VI,NEGROS OCCIDENTAL,CITY OF BACOLOD,TACULING,45010374,SP,Candidate,Votes,Percentage
REGION VI,NEGROS OCCIDENTAL,CITY OF BACOLOD,TACULING,45010374,SP,"ANG, EM (NP)",330,5.20 %
REGION VI,NEGROS OCCIDENTAL,CITY OF BACOLOD,TACULING,45010374,SP,"ARROYO, ALAN (IND)",34,0.53 %
REGION VI,NEGROS OCCIDENTAL,CITY OF BACOLOD,TACULING,45010374,SP,"AUJERO, JORGE THE WISE (IND)",17,0.26 %
REGION VI,NEGROS OCCIDENTAL,CITY OF BACOLOD,TACULING,45010374,SP,"BAIS, HOMER (PDPLBN)",203,3.20 %
REGION VI,NEGROS OCCIDENTAL,CITY OF BACOLOD,TACULING,45010374,SP,"BARIBAR, ARCHIE (PROMDI)",263,4.14 %
REGION VI,NEGROS OCCIDENTAL,CITY OF BACOLOD,TACULING,45010374,SP,"BELARIO, 007 (IND)",21,0.33 %
REGION VI,NEGROS OCCIDENTAL,CITY OF BACOLOD,TACULING,45010374,SP,"BELORIA, TOTO CESAR (IND)",79,1.24 %
REGION VI,NEGROS OCCIDENTAL,CITY OF BACOLOD,TACULING,45010374,SP,"CONTRERAS, LR (PRP)",24,0.37 %
REGION VI,NEGROS OCCIDENTAL,CITY OF BACOLOD,TACULING,45010374,SP,"DIAZ, JONATHAN JR. (NP)",142,2.23 %
REGION VI,NEGROS OCCIDENTAL,CITY OF BACOLOD,TACULING,45010374,SP,"DISTRITO, SIMPLE (PDPLBN)",196,3.09 %
REGION VI,NEGROS OCCIDENTAL,CITY OF BACOLOD,TACULING,45010374,SP,"ESPINO, AL (NPC)",248,3.90 %
REGION VI,NEGROS OCCIDENTAL,CITY OF BACOLOD,TACULING,45010374,SP,"FLOR, CELIA (IND)",272,4.28 %
REGION VI,NEGROS OCCIDENTAL,CITY OF BACOLOD,TACULING,45010374,SP,"GICO, VIC (IND)",31,0.48 %
REGION VI,NEGROS OCCIDENTAL,CITY OF BACOLOD,TACULING,45010374,SP,"GONZALEZ, VLADI (PDPLBN)",241,3.79 %
REGION VI,NEGROS OCCIDENTAL,CITY OF BACOLOD,TACULING,45010374,SP,"GUILLEM, ED (NP)",172,2.71 %
REGION VI,NEGROS OCCIDENTAL,CITY OF BACOLOD,TACULING,45010374,SP,"HERMOSURA, BONG (IND)",23,0.36 %
REGION VI,NEGROS OCCIDENTAL,CITY OF BACOLOD,TACULING,45010374,SP,"JAUOD, JIFFY (IND)",18,0.28 %
REGION VI,NEGROS OCCIDENTAL,CITY OF BACOLOD,TACULING,45010374,SP,"LACSON, PATRICK (PDPLBN)",212,3.34 %
REGION VI,NEGROS OCCIDENTAL,CITY OF BACOLOD,TACULING,45010374,SP,"LOPEZ, CARL (NP)",236,3.72 %
REGION VI,NEGROS OCCIDENTAL,CITY OF BACOLOD,TACULING,45010374,SP,"MAYO, MARK STEVEN (NPC)",84,1.32 %
REGION VI,NEGROS OCCIDENTAL,CITY OF BACOLOD,TACULING,45010374,SP,"MONTALVO, CASH (NP)",169,2.66 %
REGION VI,NEGROS OCCIDENTAL,CITY OF BACOLOD,TACULING,45010374,SP,"NACIONALES, FERMIN (IND)",17,0.26 %
REGION VI,NEGROS OCCIDENTAL,CITY OF BACOLOD,TACULING,45010374,SP,"NOVERO, RENECITO (NP)",300,4.72 %
REGION VI,NEGROS OCCIDENTAL,CITY OF BACOLOD,TACULING,45010374,SP,"OROLA, BART (PDPLBN)",194,3.05 %
REGION VI,NEGROS OCCIDENTAL,CITY OF BACOLOD,TACULING,45010374,SP,"PADIOS, EDUARDO (PPM)",67,1.05 %
REGION VI,NEGROS OCCIDENTAL,CITY OF BACOLOD,TACULING,45010374,SP,"PUENTEVELLA, KALAW (PROMDI)",213,3.35 %
REGION VI,NEGROS OCCIDENTAL,CITY OF BACOLOD,TACULING,45010374,SP,"RAMOS, DINDO (NP)",237,3.73 %
REGION VI,NEGROS OCCIDENTAL,CITY OF BACOLOD,TACULING,45010374,SP,"ROJAS, CINDY (NP)",338,5.32 %
REGION VI,NEGROS OCCIDENTAL,CITY OF BACOLOD,TACULING,45010374,SP,"SALANGA, ISRAEL (NP)",301,4.74 %
REGION VI,NEGROS OCCIDENTAL,CITY OF BACOLOD,TACULING,45010374,SP,"SAYSON, THADDY (PDPLBN)",313,4.93 %
REGION VI,NEGROS OCCIDENTAL,CITY OF BACOLOD,TACULING,45010374,SP,"SOLIDUM, MARLON (NPC)",202,3.18 %
REGION VI,NEGROS OCCIDENTAL,CITY OF BACOLOD,TACULING,45010374,SP,"SORONGON, CHRIS (NP)",234,3.68 %
REGION VI,NEGROS OCCIDENTAL,CITY OF BACOLOD,TACULING,45010374,SP,"SY, PAO (NPC)",201,3.16 %
REGION VI,NEGROS OCCIDENTAL,CITY OF BACOLOD,TACULING,45010374,SP,"TAN, CANO GWAPO (AKSYON)",179,2.82 %
REGION VI,NEGROS OCCIDENTAL,CITY OF BACOLOD,TACULING,45010374,SP,"VERDEFLOR, SONYA (UNEGA)",213,3.35 %
REGION VI,NEGROS OCCIDENTAL,CITY OF BACOLOD,TACULING,45010374,SP,"VILLAFUERTE, RICO (IND)",43,0.67 %
REGION VI,NEGROS OCCIDENTAL,CITY OF BACOLOD,TACULING,45010374,SP,"VILLAROSA, JASON (LAKAS)",230,3.62 %
REGION VI,NEGROS OCCIDENTAL,CITY OF BACOLOD,TACULING,45010374,SP,"WEBER, CHRISTIAN (IND)",46,0.72 %
region,province,city,barangay,precinct,position,candidate,votes,percentage
REGION VI,NEGROS OCCIDENTAL,CITY OF BACOLOD,TACULING,45010375,PRESIDENT,Candidate,Votes,Percentage
REGION VI,NEGROS OCCIDENTAL,CITY OF BACOLOD,TACULING,45010375,PRESIDENT,"ABELLA, ERNIE (IND)",6,0.89 %
REGION VI,NEGROS OCCIDENTAL,CITY OF BACOLOD,TACULING,45010375,PRESIDENT,"DE GUZMAN, LEODY (PLM)",1,0.14 %
REGION VI,NEGROS OCCIDENTAL,CITY OF BACOLOD,TACULING,45010375,PRESIDENT,"DOMAGOSO, ISKO MORENO (AKSYON)",16,2.39 %
REGION VI,NEGROS OCCIDENTAL,CITY OF BACOLOD,TACULING,45010375,PRESIDENT,"GONZALES, NORBERTO (PDSP)",1,0.14 %
REGION VI,NEGROS OCCIDENTAL,CITY OF BACOLOD,TACULING,45010375,PRESIDENT,"LACSON, PING (PDR)",15,2.24 %
REGION VI,NEGROS OCCIDENTAL,CITY OF BACOLOD,TACULING,45010375,PRESIDENT,"MANGONDATO, FAISAL (KTPNAN)",1,0.14 %
REGION VI,NEGROS OCCIDENTAL,CITY OF BACOLOD,TACULING,45010375,PRESIDENT,"MARCOS, BONGBONG (PFP)",269,40.32 %
REGION VI,NEGROS OCCIDENTAL,CITY OF BACOLOD,TACULING,45010375,PRESIDENT,"MONTEMAYOR, JOSE JR. (DPP)",1,0.14 %
REGION VI,NEGROS OCCIDENTAL,CITY OF BACOLOD,TACULING,45010375,PRESIDENT,"PACQUIAO, MANNY PACMAN(PROMDI)",51,7.64 %
REGION VI,NEGROS OCCIDENTAL,CITY OF BACOLOD,TACULING,45010375,PRESIDENT,"ROBREDO, LENI (IND)",306,45.87 %
REGION VI,NEGROS OCCIDENTAL,CITY OF BACOLOD,TACULING,45010375,VICE_PRESIDENT,Candidate,Votes,Percentage
REGION VI,NEGROS OCCIDENTAL,CITY OF BACOLOD,TACULING,45010375,VICE_PRESIDENT,"ATIENZA, LITO (PROMDI)",1,0.15 %
REGION VI,NEGROS OCCIDENTAL,CITY OF BACOLOD,TACULING,45010375,VICE_PRESIDENT,"BELLO, WALDEN (PLM)",1,0.15 %
REGION VI,NEGROS OCCIDENTAL,CITY OF BACOLOD,TACULING,45010375,VICE_PRESIDENT,"DAVID, RIZALITO (DPP)",1,0.15 %
REGION VI,NEGROS OCCIDENTAL,CITY OF BACOLOD,TACULING,45010375,VICE_PRESIDENT,"DUTERTE, SARA (LAKAS)",282,43.51 %
REGION VI,NEGROS OCCIDENTAL,CITY OF BACOLOD,TACULING,45010375,VICE_PRESIDENT,"LOPEZ, MANNY SD (WPP)",3,0.46 %
REGION VI,NEGROS OCCIDENTAL,CITY OF BACOLOD,TACULING,45010375,VICE_PRESIDENT,"ONG, DOC WILLIE (AKSYON)",20,3.08 %
REGION VI,NEGROS OCCIDENTAL,CITY OF BACOLOD,TACULING,45010375,VICE_PRESIDENT,"PANGILINAN, KIKO (LP)",230,35.49 %
REGION VI,NEGROS OCCIDENTAL,CITY OF BACOLOD,TACULING,45010375,VICE_PRESIDENT,"SERAPIO, CARLOS (KTPNAN)",3,0.46 %
REGION VI,NEGROS OCCIDENTAL,CITY OF BACOLOD,TACULING,45010375,VICE_PRESIDENT,"SOTTO, VICENTE TITO (NPC)",107,16.51 %
REGION VI,NEGROS OCCIDENTAL,CITY OF BACOLOD,TACULING,45010375,SENATOR,Candidate,Votes,Percentage
REGION VI,NEGROS OCCIDENTAL,CITY OF BACOLOD,TACULING,45010375,SENATOR,"AFUANG, ABNER (IND)",22,0.36 %
REGION VI,NEGROS OCCIDENTAL,CITY OF BACOLOD,TACULING,45010375,SENATOR,"ALBANI, IBRAHIM (WPP)",10,0.16 %
REGION VI,NEGROS OCCIDENTAL,CITY OF BACOLOD,TACULING,45010375,SENATOR,"ARRANZA, MANG JESS (IND)",3,0.05 %
REGION VI,NEGROS OCCIDENTAL,CITY OF BACOLOD,TACULING,45010375,SENATOR,"BAGUILAT, TEDDY (LP)",113,1.88 %
REGION VI,NEGROS OCCIDENTAL,CITY OF BACOLOD,TACULING,45010375,SENATOR,"BAILEN, AGNES (IND)",15,0.25 %
REGION VI,NEGROS OCCIDENTAL,CITY OF BACOLOD,TACULING,45010375,SENATOR,"BALITA, CARL (AKSYON)",43,0.71 %
REGION VI,NEGROS OCCIDENTAL,CITY OF BACOLOD,TACULING,45010375,SENATOR,"BARBO, LUTZ (PDPLBN)",11,0.18 %
REGION VI,NEGROS OCCIDENTAL,CITY OF BACOLOD,TACULING,45010375,SENATOR,"BAUTISTA, HERBERT BISTEK (NPC)",133,2.21 %
REGION VI,NEGROS OCCIDENTAL,CITY OF BACOLOD,TACULING,45010375,SENATOR,"BELGICA, GRECO (PDDS)",28,0.46 %
REGION VI,NEGROS OCCIDENTAL,CITY OF BACOLOD,TACULING,45010375,SENATOR,"BELLO, SILVESTRE JR. (PDPLBN)",18,0.30 %
REGION VI,NEGROS OCCIDENTAL,CITY OF BACOLOD,TACULING,45010375,SENATOR,"BINAY, JOJO (UNA)",124,2.06 %
REGION VI,NEGROS OCCIDENTAL,CITY OF BACOLOD,TACULING,45010375,SENATOR,"CABONEGRO, ROY (PLM)",17,0.28 %
REGION VI,NEGROS OCCIDENTAL,CITY OF BACOLOD,TACULING,45010375,SENATOR,"CASTRICIONES, BRO JOHN(PDPLBN)",9,0.15 %
REGION VI,NEGROS OCCIDENTAL,CITY OF BACOLOD,TACULING,45010375,SENATOR,"CAYETANO, ALAN PETER (IND)",207,3.45 %
REGION VI,NEGROS OCCIDENTAL,CITY OF BACOLOD,TACULING,45010375,SENATOR,"CHAVEZ, MELCHOR (WPP)",21,0.35 %
REGION VI,NEGROS OCCIDENTAL,CITY OF BACOLOD,TACULING,45010375,SENATOR,"COLMENARES, NERI (MKBYN)",209,3.48 %
REGION VI,NEGROS OCCIDENTAL,CITY OF BACOLOD,TACULING,45010375,SENATOR,"D'ANGELO, DAVID (PLM)",11,0.18 %
REGION VI,NEGROS OCCIDENTAL,CITY OF BACOLOD,TACULING,45010375,SENATOR,"DE LIMA, LEILA (LP)",172,2.86 %
REGION VI,NEGROS OCCIDENTAL,CITY OF BACOLOD,TACULING,45010375,SENATOR,"DEL ROSARIO, MONSOUR (PDR)",86,1.43 %
REGION VI,NEGROS OCCIDENTAL,CITY OF BACOLOD,TACULING,45010375,SENATOR,"DIAZ, DING (PPP)",18,0.30 %
REGION VI,NEGROS OCCIDENTAL,CITY OF BACOLOD,TACULING,45010375,SENATOR,"DIOKNO, CHEL (KANP)",232,3.86 %
REGION VI,NEGROS OCCIDENTAL,CITY OF BACOLOD,TACULING,45010375,SENATOR,"EJERCITO, JV ESTRADA (NPC)",165,2.75 %
REGION VI,NEGROS OCCIDENTAL,CITY OF BACOLOD,TACULING,45010375,SENATOR,"ELEAZAR, GEN. GUILLERMO (PDR)",134,2.23 %
REGION VI,NEGROS OCCIDENTAL,CITY OF BACOLOD,TACULING,45010375,SENATOR,"EREÑO, BRO. ERNIE (PM)",11,0.18 %
REGION VI,NEGROS OCCIDENTAL,CITY OF BACOLOD,TACULING,45010375,SENATOR,"ESCUDERO, CHIZ (NPC)",258,4.30 %
REGION VI,NEGROS OCCIDENTAL,CITY OF BACOLOD,TACULING,45010375,SENATOR,"ESPIRITU, LUKE (PLM)",136,2.26 %
REGION VI,NEGROS OCCIDENTAL,CITY OF BACOLOD,TACULING,45010375,SENATOR,"ESTRADA, JINGGOY (PMP)",122,2.03 %
REGION VI,NEGROS OCCIDENTAL,CITY OF BACOLOD,TACULING,45010375,SENATOR,"FALCONE, BAL FALCON (DPP)",9,0.15 %
REGION VI,NEGROS OCCIDENTAL,CITY OF BACOLOD,TACULING,45010375,SENATOR,"GADON, LARRY (KBL)",117,1.95 %
REGION VI,NEGROS OCCIDENTAL,CITY OF BACOLOD,TACULING,45010375,SENATOR,"GATCHALIAN, WIN (NPC)",237,3.95 %
REGION VI,NEGROS OCCIDENTAL,CITY OF BACOLOD,TACULING,45010375,SENATOR,"GORDON, WOW DICK (BVNP)",194,3.23 %
REGION VI,NEGROS OCCIDENTAL,CITY OF BACOLOD,TACULING,45010375,SENATOR,"GUTOC, SAMIRA (AKSYON)",28,0.46 %
REGION VI,NEGROS OCCIDENTAL,CITY OF BACOLOD,TACULING,45010375,SENATOR,"HONASAN, GRINGO (IND)",102,1.70 %
REGION VI,NEGROS OCCIDENTAL,CITY OF BACOLOD,TACULING,45010375,SENATOR,"HONTIVEROS, RISA (AKBAYAN)",297,4.95 %
REGION VI,NEGROS OCCIDENTAL,CITY OF BACOLOD,TACULING,45010375,SENATOR,"JAVELLANA, RJ (IND)",8,0.13 %
REGION VI,NEGROS OCCIDENTAL,CITY OF BACOLOD,TACULING,45010375,SENATOR,"KIRAM, NUR-MAHAL (IND)",7,0.11 %
REGION VI,NEGROS OCCIDENTAL,CITY OF BACOLOD,TACULING,45010375,SENATOR,"LABOG, ELMER (MKBYN)",33,0.55 %
REGION VI,NEGROS OCCIDENTAL,CITY OF BACOLOD,TACULING,45010375,SENATOR,"LACSON, KUYA ALEX (KP)",172,2.86 %
REGION VI,NEGROS OCCIDENTAL,CITY OF BACOLOD,TACULING,45010375,SENATOR,"LANGIT, REY (PDPLBN)",12,0.20 %
REGION VI,NEGROS OCCIDENTAL,CITY OF BACOLOD,TACULING,45010375,SENATOR,"LEGARDA, LOREN (NPC)",285,4.75 %
REGION VI,NEGROS OCCIDENTAL,CITY OF BACOLOD,TACULING,45010375,SENATOR,"LIM, ARIEL (IND)",11,0.18 %
REGION VI,NEGROS OCCIDENTAL,CITY OF BACOLOD,TACULING,45010375,SENATOR,"MALLILLIN, EMILY (PPM)",12,0.20 %
REGION VI,NEGROS OCCIDENTAL,CITY OF BACOLOD,TACULING,45010375,SENATOR,"MARCOLETA, RODANTE (PDPLBN)",32,0.53 %
REGION VI,NEGROS OCCIDENTAL,CITY OF BACOLOD,TACULING,45010375,SENATOR,"MARCOS, FRANCIS LEO (IND)",43,0.71 %
REGION VI,NEGROS OCCIDENTAL,CITY OF BACOLOD,TACULING,45010375,SENATOR,"MATULA, SONNY (IND)",82,1.36 %
REGION VI,NEGROS OCCIDENTAL,CITY OF BACOLOD,TACULING,45010375,SENATOR,"MINDALANO-ADAM,MARIETA(KTPNAN)",5,0.08 %
REGION VI,NEGROS OCCIDENTAL,CITY OF BACOLOD,TACULING,45010375,SENATOR,"OLARTE, ATTY/DR. LEO (BIGKIS)",10,0.16 %
REGION VI,NEGROS OCCIDENTAL,CITY OF BACOLOD,TACULING,45010375,SENATOR,"PADILLA, DRA. MINGUITA (PDR)",45,0.75 %
REGION VI,NEGROS OCCIDENTAL,CITY OF BACOLOD,TACULING,45010375,SENATOR,"PADILLA, ROBIN (PDPLBN)",249,4.15 %
REGION VI,NEGROS OCCIDENTAL,CITY OF BACOLOD,TACULING,45010375,SENATOR,"PANELO, SAL PANALO (PDPLBN)",66,1.10 %
REGION VI,NEGROS OCCIDENTAL,CITY OF BACOLOD,TACULING,45010375,SENATOR,"PIMENTEL, ASTRA (PDPLBN)",41,0.68 %
REGION VI,NEGROS OCCIDENTAL,CITY OF BACOLOD,TACULING,45010375,SENATOR,"PIÑOL, MANNY (NPC)",42,0.70 %
REGION VI,NEGROS OCCIDENTAL,CITY OF BACOLOD,TACULING,45010375,SENATOR,"RICABLANCA, WILLIE JR. (PM)",8,0.13 %
REGION VI,NEGROS OCCIDENTAL,CITY OF BACOLOD,TACULING,45010375,SENATOR,"ROQUE, HARRY SPOX (PRP)",109,1.81 %
REGION VI,NEGROS OCCIDENTAL,CITY OF BACOLOD,TACULING,45010375,SENATOR,"SAHIDULLA, LADY ANNE (PDDS)",7,0.11 %
REGION VI,NEGROS OCCIDENTAL,CITY OF BACOLOD,TACULING,45010375,SENATOR,"SISON, JOPET (AKSYON)",32,0.53 %
REGION VI,NEGROS OCCIDENTAL,CITY OF BACOLOD,TACULING,45010375,SENATOR,"TEODORO, GIBO (PRP)",196,3.26 %
REGION VI,NEGROS OCCIDENTAL,CITY OF BACOLOD,TACULING,45010375,SENATOR,"TRILLANES, ANTONIO IV (LP)",183,3.05 %
REGION VI,NEGROS OCCIDENTAL,CITY OF BACOLOD,TACULING,45010375,SENATOR,"TULFO, IDOL RAFFY (IND)",289,4.81 %
REGION VI,NEGROS OCCIDENTAL,CITY OF BACOLOD,TACULING,45010375,SENATOR,"VALEROS, REY (IND)",9,0.15 %
REGION VI,NEGROS OCCIDENTAL,CITY OF BACOLOD,TACULING,45010375,SENATOR,"VILLANUEVA,JOEL TESDAMAN (IND)",189,3.15 %
REGION VI,NEGROS OCCIDENTAL,CITY OF BACOLOD,TACULING,45010375,SENATOR,"VILLAR, MARK (NP)",191,3.18 %
REGION VI,NEGROS OCCIDENTAL,CITY OF BACOLOD,TACULING,45010375,SENATOR,"ZUBIAGA, CARMEN (IND)",33,0.55 %
REGION VI,NEGROS OCCIDENTAL,CITY OF BACOLOD,TACULING,45010375,SENATOR,"ZUBIRI, MIGZ (IND)",283,4.71 %
REGION VI,NEGROS OCCIDENTAL,CITY OF BACOLOD,TACULING,45010375,PARTYLIST,Candidate,Votes,Percentage
REGION VI,NEGROS OCCIDENTAL,CITY OF BACOLOD,TACULING,45010375,PARTYLIST,01 KAMALAYAN,0,0.00 %
REGION VI,NEGROS OCCIDENTAL,CITY OF BACOLOD,TACULING,45010375,PARTYLIST,02 KM NGAYON NA,0,0.00 %
REGION VI,NEGROS OCCIDENTAL,CITY OF BACOLOD,TACULING,45010375,PARTYLIST,03 PSIS,1,0.21 %
REGION VI,NEGROS OCCIDENTAL,CITY OF BACOLOD,TACULING,45010375,PARTYLIST,04 AGAP,1,0.21 %
REGION VI,NEGROS OCCIDENTAL,CITY OF BACOLOD,TACULING,45010375,PARTYLIST,05 KABAYAN,3,0.63 %
REGION VI,NEGROS OCCIDENTAL,CITY OF BACOLOD,TACULING,45010375,PARTYLIST,06 HOME OWNER,0,0.00 %
REGION VI,NEGROS OCCIDENTAL,CITY OF BACOLOD,TACULING,45010375,PARTYLIST,07 KAPUSO-PM,0,0.00 %
REGION VI,NEGROS OCCIDENTAL,CITY OF BACOLOD,TACULING,45010375,PARTYLIST,08 PDP CARES,0,0.00 %
REGION VI,NEGROS OCCIDENTAL,CITY OF BACOLOD,TACULING,45010375,PARTYLIST,09 MARVELOUS TAYO,0,0.00 %
REGION VI,NEGROS OCCIDENTAL,CITY OF BACOLOD,TACULING,45010375,PARTYLIST,10 AKO OFW,2,0.42 %
REGION VI,NEGROS OCCIDENTAL,CITY OF BACOLOD,TACULING,45010375,PARTYLIST,11 UNITED SENIOR CITIZEN,3,0.63 %
REGION VI,NEGROS OCCIDENTAL,CITY OF BACOLOD,TACULING,45010375,PARTYLIST,12 WOW PILIPINAS,0,0.00 %
REGION VI,NEGROS OCCIDENTAL,CITY OF BACOLOD,TACULING,45010375,PARTYLIST,13 ALTERNATIBA,0,0.00 %
REGION VI,NEGROS OCCIDENTAL,CITY OF BACOLOD,TACULING,45010375,PARTYLIST,14 1-RIDER PARTYLIST,5,1.05 %
REGION VI,NEGROS OCCIDENTAL,CITY OF BACOLOD,TACULING,45010375,PARTYLIST,15 1-CARE,2,0.42 %
REGION VI,NEGROS OCCIDENTAL,CITY OF BACOLOD,TACULING,45010375,PARTYLIST,16 ABP,0,0.00 %
REGION VI,NEGROS OCCIDENTAL,CITY OF BACOLOD,TACULING,45010375,PARTYLIST,17 AKO MUSIKERO,0,0.00 %
REGION VI,NEGROS OCCIDENTAL,CITY OF BACOLOD,TACULING,45010375,PARTYLIST,18 AKO BICOL,0,0.00 %
REGION VI,NEGROS OCCIDENTAL,CITY OF BACOLOD,TACULING,45010375,PARTYLIST,19 PRAI,1,0.21 %
REGION VI,NEGROS OCCIDENTAL,CITY OF BACOLOD,TACULING,45010375,PARTYLIST,20 4PS,0,0.00 %
REGION VI,NEGROS OCCIDENTAL,CITY OF BACOLOD,TACULING,45010375,PARTYLIST,21 MAAGAP,0,0.00 %
REGION VI,NEGROS OCCIDENTAL,CITY OF BACOLOD,TACULING,45010375,PARTYLIST,22 ABANTE PILIPINAS,0,0.00 %
REGION VI,NEGROS OCCIDENTAL,CITY OF BACOLOD,TACULING,45010375,PARTYLIST,23 AKTIBONG KAAGAPAY,2,0.42 %
REGION VI,NEGROS OCCIDENTAL,CITY OF BACOLOD,TACULING,45010375,PARTYLIST,24 ALSA BISAYA,1,0.21 %
REGION VI,NEGROS OCCIDENTAL,CITY OF BACOLOD,TACULING,45010375,PARTYLIST,25 PROBINSYANO AKO,0,0.00 %
REGION VI,NEGROS OCCIDENTAL,CITY OF BACOLOD,TACULING,45010375,PARTYLIST,26 YACAP,5,1.05 %
REGION VI,NEGROS OCCIDENTAL,CITY OF BACOLOD,TACULING,45010375,PARTYLIST,27 MAGDALO,7,1.47 %
REGION VI,NEGROS OCCIDENTAL,CITY OF BACOLOD,TACULING,45010375,PARTYLIST,28 ACT-CIS,25,5.28 %
REGION VI,NEGROS OCCIDENTAL,CITY OF BACOLOD,TACULING,45010375,PARTYLIST,29 HUGPONG FEDERAL,0,0.00 %
REGION VI,NEGROS OCCIDENTAL,CITY OF BACOLOD,TACULING,45010375,PARTYLIST,30 TGP,1,0.21 %
REGION VI,NEGROS OCCIDENTAL,CITY OF BACOLOD,TACULING,45010375,PARTYLIST,31 ONE COOP,1,0.21 %
REGION VI,NEGROS OCCIDENTAL,CITY OF BACOLOD,TACULING,45010375,PARTYLIST,32 BARKADAHAN,0,0.00 %
REGION VI,NEGROS OCCIDENTAL,CITY OF BACOLOD,TACULING,45010375,PARTYLIST,33 DUMPER PTDA,1,0.21 %
REGION VI,NEGROS OCCIDENTAL,CITY OF BACOLOD,TACULING,45010375,PARTYLIST,34 MALABUNG,0,0.00 %
REGION VI,NEGROS OCCIDENTAL,CITY OF BACOLOD,TACULING,45010375,PARTYLIST,35 BH (BAGONG HENERASYON),4,0.84 %
REGION VI,NEGROS OCCIDENTAL,CITY OF BACOLOD,TACULING,45010375,PARTYLIST,36 AKMA-PTM,0,0.00 %
REGION VI,NEGROS OCCIDENTAL,CITY OF BACOLOD,TACULING,45010375,PARTYLIST,37 IPATUPAD,0,0.00 %
REGION VI,NEGROS OCCIDENTAL,CITY OF BACOLOD,TACULING,45010375,PARTYLIST,38 PINUNO,2,0.42 %
REGION VI,NEGROS OCCIDENTAL,CITY OF BACOLOD,TACULING,45010375,PARTYLIST,39 LPGMA,0,0.00 %
REGION VI,NEGROS OCCIDENTAL,CITY OF BACOLOD,TACULING,45010375,PARTYLIST,40 CLICK PARTY,0,0.00 %
REGION VI,NEGROS OCCIDENTAL,CITY OF BACOLOD,TACULING,45010375,PARTYLIST,41 TODA,0,0.00 %
REGION VI,NEGROS OCCIDENTAL,CITY OF BACOLOD,TACULING,45010375,PARTYLIST,42 BHW,1,0.21 %
REGION VI,NEGROS OCCIDENTAL,CITY OF BACOLOD,TACULING,45010375,PARTYLIST,43 MALASAKIT@BAYANIHAN,68,14.37 %
REGION VI,NEGROS OCCIDENTAL,CITY OF BACOLOD,TACULING,45010375,PARTYLIST,44 ABS,0,0.00 %
REGION VI,NEGROS OCCIDENTAL,CITY OF BACOLOD,TACULING,45010375,PARTYLIST,45 PASAHERO PARTYLIST,0,0.00 %
REGION VI,NEGROS OCCIDENTAL,CITY OF BACOLOD,TACULING,45010375,PARTYLIST,46 ANGAT,5,1.05 %
REGION VI,NEGROS OCCIDENTAL,CITY OF BACOLOD,TACULING,45010375,PARTYLIST,47 SOLID-CHANGE,0,0.00 %
REGION VI,NEGROS OCCIDENTAL,CITY OF BACOLOD,TACULING,45010375,PARTYLIST,48 BICOL SARO,0,0.00 %
REGION VI,NEGROS OCCIDENTAL,CITY OF BACOLOD,TACULING,45010375,PARTYLIST,49 OFW,7,1.47 %
REGION VI,NEGROS OCCIDENTAL,CITY OF BACOLOD,TACULING,45010375,PARTYLIST,50 ANG PROBINSIYANO,6,1.26 %
REGION VI,NEGROS OCCIDENTAL,CITY OF BACOLOD,TACULING,45010375,PARTYLIST,51 ANAKALUSUGAN,0,0.00 %
REGION VI,NEGROS OCCIDENTAL,CITY OF BACOLOD,TACULING,45010375,PARTYLIST,52 PBA,1,0.21 %
REGION VI,NEGROS OCCIDENTAL,CITY OF BACOLOD,TACULING,45010375,PARTYLIST,53 PEACE,4,0.84 %
REGION VI,NEGROS OCCIDENTAL,CITY OF BACOLOD,TACULING,45010375,PARTYLIST,54 P3PWD,29,6.13 %
REGION VI,NEGROS OCCIDENTAL,CITY OF BACOLOD,TACULING,45010375,PARTYLIST,55 S.M.I.L.E,0,0.00 %
REGION VI,NEGROS OCCIDENTAL,CITY OF BACOLOD,TACULING,45010375,PARTYLIST,56 AAMBIS-OWA,0,0.00 %
REGION VI,NEGROS OCCIDENTAL,CITY OF BACOLOD,TACULING,45010375,PARTYLIST,57 BUTIL,0,0.00 %
REGION VI,NEGROS OCCIDENTAL,CITY OF BACOLOD,TACULING,45010375,PARTYLIST,58 LUNAS,3,0.63 %
REGION VI,NEGROS OCCIDENTAL,CITY OF BACOLOD,TACULING,45010375,PARTYLIST,59 ANG KOMADRONA,0,0.00 %
REGION VI,NEGROS OCCIDENTAL,CITY OF BACOLOD,TACULING,45010375,PARTYLIST,60 KABAKA,0,0.00 %
REGION VI,NEGROS OCCIDENTAL,CITY OF BACOLOD,TACULING,45010375,PARTYLIST,61 SAGIP,4,0.84 %
REGION VI,NEGROS OCCIDENTAL,CITY OF BACOLOD,TACULING,45010375,PARTYLIST,62 ANG KABUHAYAN,2,0.42 %
REGION VI,NEGROS OCCIDENTAL,CITY OF BACOLOD,TACULING,45010375,PARTYLIST,63 AKO I.P.,1,0.21 %
REGION VI,NEGROS OCCIDENTAL,CITY OF BACOLOD,TACULING,45010375,PARTYLIST,64 PHILRECA,0,0.00 %
REGION VI,NEGROS OCCIDENTAL,CITY OF BACOLOD,TACULING,45010375,PARTYLIST,65 BABAE AKO,0,0.00 %
REGION VI,NEGROS OCCIDENTAL,CITY OF BACOLOD,TACULING,45010375,PARTYLIST,66 KB,0,0.00 %
REGION VI,NEGROS OCCIDENTAL,CITY OF BACOLOD,TACULING,45010375,PARTYLIST,67 GABRIELA,8,1.69 %
REGION VI,NEGROS OCCIDENTAL,CITY OF BACOLOD,TACULING,45010375,PARTYLIST,68 KALINGA,2,0.42 %
REGION VI,NEGROS OCCIDENTAL,CITY OF BACOLOD,TACULING,45010375,PARTYLIST,69 STL,0,0.00 %
REGION VI,NEGROS OCCIDENTAL,CITY OF BACOLOD,TACULING,45010375,PARTYLIST,70 RECOBODA,0,0.00 %
REGION VI,NEGROS OCCIDENTAL,CITY OF BACOLOD,TACULING,45010375,PARTYLIST,71 ANGAT PINOY,2,0.42 %
REGION VI,NEGROS OCCIDENTAL,CITY OF BACOLOD,TACULING,45010375,PARTYLIST,72 ANAC-IP,0,0.00 %
REGION VI,NEGROS OCCIDENTAL,CITY OF BACOLOD,TACULING,45010375,PARTYLIST,73 DIWA,0,0.00 %
REGION VI,NEGROS OCCIDENTAL,CITY OF BACOLOD,TACULING,45010375,PARTYLIST,74 ASENSO PINOY,2,0.42 %
REGION VI,NEGROS OCCIDENTAL,CITY OF BACOLOD,TACULING,45010375,PARTYLIST,75 PPP,0,0.00 %
REGION VI,NEGROS OCCIDENTAL,CITY OF BACOLOD,TACULING,45010375,PARTYLIST,76 PAMILYA MUNA,0,0.00 %
REGION VI,NEGROS OCCIDENTAL,CITY OF BACOLOD,TACULING,45010375,PARTYLIST,77 AYUDA SANDUGO,0,0.00 %
REGION VI,NEGROS OCCIDENTAL,CITY OF BACOLOD,TACULING,45010375,PARTYLIST,78 BUKLOD FILIPINO,0,0.00 %
REGION VI,NEGROS OCCIDENTAL,CITY OF BACOLOD,TACULING,45010375,PARTYLIST,79 BTS,0,0.00 %
REGION VI,NEGROS OCCIDENTAL,CITY OF BACOLOD,TACULING,45010375,PARTYLIST,80 MOCHA,0,0.00 %
REGION VI,NEGROS OCCIDENTAL,CITY OF BACOLOD,TACULING,45010375,PARTYLIST,81 ACT TEACHERS,4,0.84 %
REGION VI,NEGROS OCCIDENTAL,CITY OF BACOLOD,TACULING,45010375,PARTYLIST,82 ALONA,0,0.00 %
REGION VI,NEGROS OCCIDENTAL,CITY OF BACOLOD,TACULING,45010375,PARTYLIST,83 KABALIKAT,0,0.00 %
REGION VI,NEGROS OCCIDENTAL,CITY OF BACOLOD,TACULING,45010375,PARTYLIST,84 ALIF,0,0.00 %
REGION VI,NEGROS OCCIDENTAL,CITY OF BACOLOD,TACULING,45010375,PARTYLIST,85 1-UTAP BICOL,0,0.00 %
REGION VI,NEGROS OCCIDENTAL,CITY OF BACOLOD,TACULING,45010375,PARTYLIST,86 TINGOG,0,0.00 %
REGION VI,NEGROS OCCIDENTAL,CITY OF BACOLOD,TACULING,45010375,PARTYLIST,87 H.E.L.P. PILIPINAS,0,0.00 %
REGION VI,NEGROS OCCIDENTAL,CITY OF BACOLOD,TACULING,45010375,PARTYLIST,88 TUCP,0,0.00 %
REGION VI,NEGROS OCCIDENTAL,CITY OF BACOLOD,TACULING,45010375,PARTYLIST,89 PTA,0,0.00 %
REGION VI,NEGROS OCCIDENTAL,CITY OF BACOLOD,TACULING,45010375,PARTYLIST,90 AGIMAT,0,0.00 %
REGION VI,NEGROS OCCIDENTAL,CITY OF BACOLOD,TACULING,45010375,PARTYLIST,91 KONTRA BROWNOUT,2,0.42 %
REGION VI,NEGROS OCCIDENTAL,CITY OF BACOLOD,TACULING,45010375,PARTYLIST,92 TULUNGAN TAYO,2,0.42 %
REGION VI,NEGROS OCCIDENTAL,CITY OF BACOLOD,TACULING,45010375,PARTYLIST,93 DUTERTE YOUTH,7,1.47 %
REGION VI,NEGROS OCCIDENTAL,CITY OF BACOLOD,TACULING,45010375,PARTYLIST,94 ABEKA,0,0.00 %
REGION VI,NEGROS OCCIDENTAL,CITY OF BACOLOD,TACULING,45010375,PARTYLIST,95 KABATAAN,6,1.26 %
REGION VI,NEGROS OCCIDENTAL,CITY OF BACOLOD,TACULING,45010375,PARTYLIST,97 ACTS-OFW,2,0.42 %
REGION VI,NEGROS OCCIDENTAL,CITY OF BACOLOD,TACULING,45010375,PARTYLIST,98 RAM,2,0.42 %
REGION VI,NEGROS OCCIDENTAL,CITY OF BACOLOD,TACULING,45010375,PARTYLIST,99 USWAG ILONGGO,21,4.43 %
REGION VI,NEGROS OCCIDENTAL,CITY OF BACOLOD,TACULING,45010375,PARTYLIST,100 AKO BISAYA,1,0.21 %
REGION VI,NEGROS OCCIDENTAL,CITY OF BACOLOD,TACULING,45010375,PARTYLIST,101 KAPAMILYA,2,0.42 %
REGION VI,NEGROS OCCIDENTAL,CITY OF BACOLOD,TACULING,45010375,PARTYLIST,102 PUSONG PINOY,0,0.00 %
REGION VI,NEGROS OCCIDENTAL,CITY OF BACOLOD,TACULING,45010375,PARTYLIST,103 CWS,0,0.00 %
REGION VI,NEGROS OCCIDENTAL,CITY OF BACOLOD,TACULING,45010375,PARTYLIST,104 SILBI,0,0.00 %
REGION VI,NEGROS OCCIDENTAL,CITY OF BACOLOD,TACULING,45010375,PARTYLIST,105 CIBAC,3,0.63 %
REGION VI,NEGROS OCCIDENTAL,CITY OF BACOLOD,TACULING,45010375,PARTYLIST,106 SUBANEN,0,0.00 %
REGION VI,NEGROS OCCIDENTAL,CITY OF BACOLOD,TACULING,45010375,PARTYLIST,107 AKKK,0,0.00 %
REGION VI,NEGROS OCCIDENTAL,CITY OF BACOLOD,TACULING,45010375,PARTYLIST,108 BG PARTY-LIST,0,0.00 %
REGION VI,NEGROS OCCIDENTAL,CITY OF BACOLOD,TACULING,45010375,PARTYLIST,109 PAMILYANG MAGSASAKA,2,0.42 %
REGION VI,NEGROS OCCIDENTAL,CITY OF BACOLOD,TACULING,45010375,PARTYLIST,110 COOP NATCCO,3,0.63 %
REGION VI,NEGROS OCCIDENTAL,CITY OF BACOLOD,TACULING,45010375,PARTYLIST,111 FRONTLINERS ANG BIDA,0,0.00 %
REGION VI,NEGROS OCCIDENTAL,CITY OF BACOLOD,TACULING,45010375,PARTYLIST,112 KASAMA,0,0.00 %
REGION VI,NEGROS OCCIDENTAL,CITY OF BACOLOD,TACULING,45010375,PARTYLIST,113 AKO BISDAK,0,0.00 %
REGION VI,NEGROS OCCIDENTAL,CITY OF BACOLOD,TACULING,45010375,PARTYLIST,114 GP PARTY,0,0.00 %
REGION VI,NEGROS OCCIDENTAL,CITY OF BACOLOD,TACULING,45010375,PARTYLIST,115 BAHAY,0,0.00 %
REGION VI,NEGROS OCCIDENTAL,CITY OF BACOLOD,TACULING,45010375,PARTYLIST,116 MAGSASAKA,2,0.42 %
REGION VI,NEGROS OCCIDENTAL,CITY OF BACOLOD,TACULING,45010375,PARTYLIST,117 MARINO,5,1.05 %
REGION VI,NEGROS OCCIDENTAL,CITY OF BACOLOD,TACULING,45010375,PARTYLIST,118 UNITED FRONTLINERS,2,0.42 %
REGION VI,NEGROS OCCIDENTAL,CITY OF BACOLOD,TACULING,45010375,PARTYLIST,119 L.O.G.R.O. KUSINERO,0,0.00 %
REGION VI,NEGROS OCCIDENTAL,CITY OF BACOLOD,TACULING,45010375,PARTYLIST,120 BPO,0,0.00 %
REGION VI,NEGROS OCCIDENTAL,CITY OF BACOLOD,TACULING,45010375,PARTYLIST,121 ABANG LINGKOD,123,26.00 %
REGION VI,NEGROS OCCIDENTAL,CITY OF BACOLOD,TACULING,45010375,PARTYLIST,122 KUSUG TAUSUG,0,0.00 %
REGION VI,NEGROS OCCIDENTAL,CITY OF BACOLOD,TACULING,45010375,PARTYLIST,123 PLM,0,0.00 %
REGION VI,NEGROS OCCIDENTAL,CITY OF BACOLOD,TACULING,45010375,PARTYLIST,124 OK PARTYLIST,0,0.00 %
REGION VI,NEGROS OCCIDENTAL,CITY OF BACOLOD,TACULING,45010375,PARTYLIST,125 A TEACHER,1,0.21 %
REGION VI,NEGROS OCCIDENTAL,CITY OF BACOLOD,TACULING,45010375,PARTYLIST,126 PASADA-CC,0,0.00 %
REGION VI,NEGROS OCCIDENTAL,CITY OF BACOLOD,TACULING,45010375,PARTYLIST,127 OFW FAMILY,0,0.00 %
REGION VI,NEGROS OCCIDENTAL,CITY OF BACOLOD,TACULING,45010375,PARTYLIST,128 ANGKLA,5,1.05 %
REGION VI,NEGROS OCCIDENTAL,CITY OF BACOLOD,TACULING,45010375,PARTYLIST,129 COCOMAN,0,0.00 %
REGION VI,NEGROS OCCIDENTAL,CITY OF BACOLOD,TACULING,45010375,PARTYLIST,130 ACT AS ONE,2,0.42 %
REGION VI,NEGROS OCCIDENTAL,CITY OF BACOLOD,TACULING,45010375,PARTYLIST,131 AKO ILOCANO AKO,7,1.47 %
REGION VI,NEGROS OCCIDENTAL,CITY OF BACOLOD,TACULING,45010375,PARTYLIST,132 TRABAHO,1,0.21 %
REGION VI,NEGROS OCCIDENTAL,CITY OF BACOLOD,TACULING,45010375,PARTYLIST,133 PATROL,0,0.00 %
REGION VI,NEGROS OCCIDENTAL,CITY OF BACOLOD,TACULING,45010375,PARTYLIST,134 AKO PADAYON,1,0.21 %
REGION VI,NEGROS OCCIDENTAL,CITY OF BACOLOD,TACULING,45010375,PARTYLIST,135 ABONO,0,0.00 %
REGION VI,NEGROS OCCIDENTAL,CITY OF BACOLOD,TACULING,45010375,PARTYLIST,136 MANILA TEACHERS,1,0.21 %
REGION VI,NEGROS OCCIDENTAL,CITY OF BACOLOD,TACULING,45010375,PARTYLIST,137 KOOP-KAMPI,2,0.42 %
REGION VI,NEGROS OCCIDENTAL,CITY OF BACOLOD,TACULING,45010375,PARTYLIST,138 MAYPAGASA,1,0.21 %
REGION VI,NEGROS OCCIDENTAL,CITY OF BACOLOD,TACULING,45010375,PARTYLIST,139 PVAID,0,0.00 %
REGION VI,NEGROS OCCIDENTAL,CITY OF BACOLOD,TACULING,45010375,PARTYLIST,140 TUTOK TO WIN,9,1.90 %
REGION VI,NEGROS OCCIDENTAL,CITY OF BACOLOD,TACULING,45010375,PARTYLIST,141 BAYAN MUNA,5,1.05 %
REGION VI,NEGROS OCCIDENTAL,CITY OF BACOLOD,TACULING,45010375,PARTYLIST,142 API,0,0.00 %
REGION VI,NEGROS OCCIDENTAL,CITY OF BACOLOD,TACULING,45010375,PARTYLIST,143 ARTE,0,0.00 %
REGION VI,NEGROS OCCIDENTAL,CITY OF BACOLOD,TACULING,45010375,PARTYLIST,144 ASAP,0,0.00 %
REGION VI,NEGROS OCCIDENTAL,CITY OF BACOLOD,TACULING,45010375,PARTYLIST,145 BUNYOG,1,0.21 %
REGION VI,NEGROS OCCIDENTAL,CITY OF BACOLOD,TACULING,45010375,PARTYLIST,146 AKBAYAN,8,1.69 %
REGION VI,NEGROS OCCIDENTAL,CITY OF BACOLOD,TACULING,45010375,PARTYLIST,147 DAMAYAN,0,0.00 %
REGION VI,NEGROS OCCIDENTAL,CITY OF BACOLOD,TACULING,45010375,PARTYLIST,148 WIFI,1,0.21 %
REGION VI,NEGROS OCCIDENTAL,CITY OF BACOLOD,TACULING,45010375,PARTYLIST,149 CANCER PARTY LIST,3,0.63 %
REGION VI,NEGROS OCCIDENTAL,CITY OF BACOLOD,TACULING,45010375,PARTYLIST,150 1-ANG EDUKASYON,2,0.42 %
REGION VI,NEGROS OCCIDENTAL,CITY OF BACOLOD,TACULING,45010375,PARTYLIST,151 UFCC,0,0.00 %
REGION VI,NEGROS OCCIDENTAL,CITY OF BACOLOD,TACULING,45010375,PARTYLIST,152 AGRI,1,0.21 %
REGION VI,NEGROS OCCIDENTAL,CITY OF BACOLOD,TACULING,45010375,PARTYLIST,153 MAHARLIKA,0,0.00 %
REGION VI,NEGROS OCCIDENTAL,CITY OF BACOLOD,TACULING,45010375,PARTYLIST,154 ANAKPAWIS,0,0.00 %
REGION VI,NEGROS OCCIDENTAL,CITY OF BACOLOD,TACULING,45010375,PARTYLIST,155 1TAHANAN,0,0.00 %
REGION VI,NEGROS OCCIDENTAL,CITY OF BACOLOD,TACULING,45010375,PARTYLIST,156 TURISMO,0,0.00 %
REGION VI,NEGROS OCCIDENTAL,CITY OF BACOLOD,TACULING,45010375,PARTYLIST,157 APEC,1,0.21 %
REGION VI,NEGROS OCCIDENTAL,CITY OF BACOLOD,TACULING,45010375,PARTYLIST,158 SENIOR CITIZENS PARTYLIST,10,2.11 %
REGION VI,NEGROS OCCIDENTAL,CITY OF BACOLOD,TACULING,45010375,PARTYLIST,159 AASENSO,0,0.00 %
REGION VI,NEGROS OCCIDENTAL,CITY OF BACOLOD,TACULING,45010375,PARTYLIST,160 AMIN,0,0.00 %
REGION VI,NEGROS OCCIDENTAL,CITY OF BACOLOD,TACULING,45010375,PARTYLIST,161 1-PACMAN,2,0.42 %
REGION VI,NEGROS OCCIDENTAL,CITY OF BACOLOD,TACULING,45010375,PARTYLIST,162 ABB-NFCPI,0,0.00 %
REGION VI,NEGROS OCCIDENTAL,CITY OF BACOLOD,TACULING,45010375,PARTYLIST,163 AN WARAY,0,0.00 %
REGION VI,NEGROS OCCIDENTAL,CITY OF BACOLOD,TACULING,45010375,PARTYLIST,164 AP PARTYLIST,1,0.21 %
REGION VI,NEGROS OCCIDENTAL,CITY OF BACOLOD,TACULING,45010375,PARTYLIST,165 AKAP PINOY,0,0.00 %
REGION VI,NEGROS OCCIDENTAL,CITY OF BACOLOD,TACULING,45010375,PARTYLIST,166 BUHAY,0,0.00 %
REGION VI,NEGROS OCCIDENTAL,CITY OF BACOLOD,TACULING,45010375,PARTYLIST,167 ARISE,0,0.00 %
REGION VI,NEGROS OCCIDENTAL,CITY OF BACOLOD,TACULING,45010375,PARTYLIST,168 IWI,0,0.00 %
REGION VI,NEGROS OCCIDENTAL,CITY OF BACOLOD,TACULING,45010375,PARTYLIST,169 ANG TINIG NG SENIORS,0,0.00 %
REGION VI,NEGROS OCCIDENTAL,CITY OF BACOLOD,TACULING,45010375,PARTYLIST,170 LBP,0,0.00 %
REGION VI,NEGROS OCCIDENTAL,CITY OF BACOLOD,TACULING,45010375,PARTYLIST,171 IPEACE EPANAW,0,0.00 %
REGION VI,NEGROS OCCIDENTAL,CITY OF BACOLOD,TACULING,45010375,PARTYLIST,172 APAT-DAPAT,0,0.00 %
REGION VI,NEGROS OCCIDENTAL,CITY OF BACOLOD,TACULING,45010375,PARTYLIST,173 UMA ILONGGO,4,0.84 %
REGION VI,NEGROS OCCIDENTAL,CITY OF BACOLOD,TACULING,45010375,PARTYLIST,174 AYUDA,0,0.00 %
REGION VI,NEGROS OCCIDENTAL,CITY OF BACOLOD,TACULING,45010375,PARTYLIST,175 SAMBAYANAN,1,0.21 %
REGION VI,NEGROS OCCIDENTAL,CITY OF BACOLOD,TACULING,45010375,PARTYLIST,176 AKO BREEDER,2,0.42 %
REGION VI,NEGROS OCCIDENTAL,CITY OF BACOLOD,TACULING,45010375,PARTYLIST,177 FPJ,0,0.00 %
REGION VI,NEGROS OCCIDENTAL,CITY OF BACOLOD,TACULING,45010375,PARTYLIST,178 LIBRO,0,0.00 %
REGION VI,NEGROS OCCIDENTAL,CITY OF BACOLOD,TACULING,45010375,REP,Candidate,Votes,Percentage
REGION VI,NEGROS OCCIDENTAL,CITY OF BACOLOD,TACULING,45010375,REP,"ATAYDE, DAN (IND)",236,37.40 %
REGION VI,NEGROS OCCIDENTAL,CITY OF BACOLOD,TACULING,45010375,REP,"DAVID, WILLY (IND)",2,0.31 %
REGION VI,NEGROS OCCIDENTAL,CITY OF BACOLOD,TACULING,45010375,REP,"GASATAYA, GREG (NPC)",388,61.48 %
REGION VI,NEGROS OCCIDENTAL,CITY OF BACOLOD,TACULING,45010375,REP,"GUSTILO, ROMY (IND)",4,0.63 %
REGION VI,NEGROS OCCIDENTAL,CITY OF BACOLOD,TACULING,45010375,REP,"SAN MIGUEL, NONONG (PDDS)",1,0.15 %
REGION VI,NEGROS OCCIDENTAL,CITY OF BACOLOD,TACULING,45010375,MAYOR,Candidate,Votes,Percentage
REGION VI,NEGROS OCCIDENTAL,CITY OF BACOLOD,TACULING,45010375,MAYOR,"BENITEZ, ALBEE (PDPLBN)",352,53.57 %
REGION VI,NEGROS OCCIDENTAL,CITY OF BACOLOD,TACULING,45010375,MAYOR,"LEONARDIA, BING (NP)",305,46.42 %
REGION VI,NEGROS OCCIDENTAL,CITY OF BACOLOD,TACULING,45010375,VICE_MAYOR,Candidate,Votes,Percentage
REGION VI,NEGROS OCCIDENTAL,CITY OF BACOLOD,TACULING,45010375,VICE_MAYOR,"DISTRITO, CAESAR (PDPLBN)",178,28.43 %
REGION VI,NEGROS OCCIDENTAL,CITY OF BACOLOD,TACULING,45010375,VICE_MAYOR,"FAMILIARAN, EL CID (NP)",367,58.62 %
REGION VI,NEGROS OCCIDENTAL,CITY OF BACOLOD,TACULING,45010375,VICE_MAYOR,"GAMBOA, WILSON JR. (IND)",81,12.93 %
REGION VI,NEGROS OCCIDENTAL,CITY OF BACOLOD,TACULING,45010375,SP,Candidate,Votes,Percentage
REGION VI,NEGROS OCCIDENTAL,CITY OF BACOLOD,TACULING,45010375,SP,"ANG, EM (NP)",359,5.60 %
REGION VI,NEGROS OCCIDENTAL,CITY OF BACOLOD,TACULING,45010375,SP,"ARROYO, ALAN (IND)",44,0.68 %
REGION VI,NEGROS OCCIDENTAL,CITY OF BACOLOD,TACULING,45010375,SP,"AUJERO, JORGE THE WISE (IND)",20,0.31 %
REGION VI,NEGROS OCCIDENTAL,CITY OF BACOLOD,TACULING,45010375,SP,"BAIS, HOMER (PDPLBN)",197,3.07 %
REGION VI,NEGROS OCCIDENTAL,CITY OF BACOLOD,TACULING,45010375,SP,"BARIBAR, ARCHIE (PROMDI)",292,4.55 %
REGION VI,NEGROS OCCIDENTAL,CITY OF BACOLOD,TACULING,45010375,SP,"BELARIO, 007 (IND)",24,0.37 %
REGION VI,NEGROS OCCIDENTAL,CITY OF BACOLOD,TACULING,45010375,SP,"BELORIA, TOTO CESAR (IND)",59,0.92 %
REGION VI,NEGROS OCCIDENTAL,CITY OF BACOLOD,TACULING,45010375,SP,"CONTRERAS, LR (PRP)",26,0.40 %
REGION VI,NEGROS OCCIDENTAL,CITY OF BACOLOD,TACULING,45010375,SP,"DIAZ, JONATHAN JR. (NP)",161,2.51 %
REGION VI,NEGROS OCCIDENTAL,CITY OF BACOLOD,TACULING,45010375,SP,"DISTRITO, SIMPLE (PDPLBN)",199,3.10 %
REGION VI,NEGROS OCCIDENTAL,CITY OF BACOLOD,TACULING,45010375,SP,"ESPINO, AL (NPC)",248,3.87 %
REGION VI,NEGROS OCCIDENTAL,CITY OF BACOLOD,TACULING,45010375,SP,"FLOR, CELIA (IND)",243,3.79 %
REGION VI,NEGROS OCCIDENTAL,CITY OF BACOLOD,TACULING,45010375,SP,"GICO, VIC (IND)",26,0.40 %
REGION VI,NEGROS OCCIDENTAL,CITY OF BACOLOD,TACULING,45010375,SP,"GONZALEZ, VLADI (PDPLBN)",257,4.01 %
REGION VI,NEGROS OCCIDENTAL,CITY OF BACOLOD,TACULING,45010375,SP,"GUILLEM, ED (NP)",200,3.12 %
REGION VI,NEGROS OCCIDENTAL,CITY OF BACOLOD,TACULING,45010375,SP,"HERMOSURA, BONG (IND)",25,0.39 %
REGION VI,NEGROS OCCIDENTAL,CITY OF BACOLOD,TACULING,45010375,SP,"JAUOD, JIFFY (IND)",16,0.24 %
REGION VI,NEGROS OCCIDENTAL,CITY OF BACOLOD,TACULING,45010375,SP,"LACSON, PATRICK (PDPLBN)",211,3.29 %
REGION VI,NEGROS OCCIDENTAL,CITY OF BACOLOD,TACULING,45010375,SP,"LOPEZ, CARL (NP)",271,4.23 %
REGION VI,NEGROS OCCIDENTAL,CITY OF BACOLOD,TACULING,45010375,SP,"MAYO, MARK STEVEN (NPC)",58,0.90 %
REGION VI,NEGROS OCCIDENTAL,CITY OF BACOLOD,TACULING,45010375,SP,"MONTALVO, CASH (NP)",209,3.26 %
REGION VI,NEGROS OCCIDENTAL,CITY OF BACOLOD,TACULING,45010375,SP,"NACIONALES, FERMIN (IND)",18,0.28 %
REGION VI,NEGROS OCCIDENTAL,CITY OF BACOLOD,TACULING,45010375,SP,"NOVERO, RENECITO (NP)",302,4.71 %
REGION VI,NEGROS OCCIDENTAL,CITY OF BACOLOD,TACULING,45010375,SP,"OROLA, BART (PDPLBN)",206,3.21 %
REGION VI,NEGROS OCCIDENTAL,CITY OF BACOLOD,TACULING,45010375,SP,"PADIOS, EDUARDO (PPM)",49,0.76 %
REGION VI,NEGROS OCCIDENTAL,CITY OF BACOLOD,TACULING,45010375,SP,"PUENTEVELLA, KALAW (PROMDI)",189,2.95 %
REGION VI,NEGROS OCCIDENTAL,CITY OF BACOLOD,TACULING,45010375,SP,"RAMOS, DINDO (NP)",255,3.98 %
REGION VI,NEGROS OCCIDENTAL,CITY OF BACOLOD,TACULING,45010375,SP,"ROJAS, CINDY (NP)",321,5.01 %
REGION VI,NEGROS OCCIDENTAL,CITY OF BACOLOD,TACULING,45010375,SP,"SALANGA, ISRAEL (NP)",320,4.99 %
REGION VI,NEGROS OCCIDENTAL,CITY OF BACOLOD,TACULING,45010375,SP,"SAYSON, THADDY (PDPLBN)",287,4.48 %
REGION VI,NEGROS OCCIDENTAL,CITY OF BACOLOD,TACULING,45010375,SP,"SOLIDUM, MARLON (NPC)",228,3.55 %
REGION VI,NEGROS OCCIDENTAL,CITY OF BACOLOD,TACULING,45010375,SP,"SORONGON, CHRIS (NP)",245,3.82 %
REGION VI,NEGROS OCCIDENTAL,CITY OF BACOLOD,TACULING,45010375,SP,"SY, PAO (NPC)",186,2.90 %
REGION VI,NEGROS OCCIDENTAL,CITY OF BACOLOD,TACULING,45010375,SP,"TAN, CANO GWAPO (AKSYON)",162,2.52 %
REGION VI,NEGROS OCCIDENTAL,CITY OF BACOLOD,TACULING,45010375,SP,"VERDEFLOR, SONYA (UNEGA)",198,3.09 %
REGION VI,NEGROS OCCIDENTAL,CITY OF BACOLOD,TACULING,45010375,SP,"VILLAFUERTE, RICO (IND)",42,0.65 %
REGION VI,NEGROS OCCIDENTAL,CITY OF BACOLOD,TACULING,45010375,SP,"VILLAROSA, JASON (LAKAS)",215,3.35 %
REGION VI,NEGROS OCCIDENTAL,CITY OF BACOLOD,TACULING,45010375,SP,"WEBER, CHRISTIAN (IND)",37,0.57 %
region,province,city,barangay,precinct,position,candidate,votes,percentage
REGION VI,NEGROS OCCIDENTAL,CITY OF BACOLOD,TACULING,45010376,PRESIDENT,Candidate,Votes,Percentage
REGION VI,NEGROS OCCIDENTAL,CITY OF BACOLOD,TACULING,45010376,PRESIDENT,"ABELLA, ERNIE (IND)",0,0.00 %
REGION VI,NEGROS OCCIDENTAL,CITY OF BACOLOD,TACULING,45010376,PRESIDENT,"DE GUZMAN, LEODY (PLM)",0,0.00 %
REGION VI,NEGROS OCCIDENTAL,CITY OF BACOLOD,TACULING,45010376,PRESIDENT,"DOMAGOSO, ISKO MORENO (AKSYON)",41,6.42 %
REGION VI,NEGROS OCCIDENTAL,CITY OF BACOLOD,TACULING,45010376,PRESIDENT,"GONZALES, NORBERTO (PDSP)",1,0.15 %
REGION VI,NEGROS OCCIDENTAL,CITY OF BACOLOD,TACULING,45010376,PRESIDENT,"LACSON, PING (PDR)",14,2.19 %
REGION VI,NEGROS OCCIDENTAL,CITY OF BACOLOD,TACULING,45010376,PRESIDENT,"MANGONDATO, FAISAL (KTPNAN)",0,0.00 %
REGION VI,NEGROS OCCIDENTAL,CITY OF BACOLOD,TACULING,45010376,PRESIDENT,"MARCOS, BONGBONG (PFP)",207,32.44 %
REGION VI,NEGROS OCCIDENTAL,CITY OF BACOLOD,TACULING,45010376,PRESIDENT,"MONTEMAYOR, JOSE JR. (DPP)",2,0.31 %
REGION VI,NEGROS OCCIDENTAL,CITY OF BACOLOD,TACULING,45010376,PRESIDENT,"PACQUIAO, MANNY PACMAN(PROMDI)",33,5.17 %
REGION VI,NEGROS OCCIDENTAL,CITY OF BACOLOD,TACULING,45010376,PRESIDENT,"ROBREDO, LENI (IND)",340,53.29 %
REGION VI,NEGROS OCCIDENTAL,CITY OF BACOLOD,TACULING,45010376,VICE_PRESIDENT,Candidate,Votes,Percentage
REGION VI,NEGROS OCCIDENTAL,CITY OF BACOLOD,TACULING,45010376,VICE_PRESIDENT,"ATIENZA, LITO (PROMDI)",1,0.15 %
REGION VI,NEGROS OCCIDENTAL,CITY OF BACOLOD,TACULING,45010376,VICE_PRESIDENT,"BELLO, WALDEN (PLM)",0,0.00 %
REGION VI,NEGROS OCCIDENTAL,CITY OF BACOLOD,TACULING,45010376,VICE_PRESIDENT,"DAVID, RIZALITO (DPP)",1,0.15 %
REGION VI,NEGROS OCCIDENTAL,CITY OF BACOLOD,TACULING,45010376,VICE_PRESIDENT,"DUTERTE, SARA (LAKAS)",251,39.46 %
REGION VI,NEGROS OCCIDENTAL,CITY OF BACOLOD,TACULING,45010376,VICE_PRESIDENT,"LOPEZ, MANNY SD (WPP)",0,0.00 %
REGION VI,NEGROS OCCIDENTAL,CITY OF BACOLOD,TACULING,45010376,VICE_PRESIDENT,"ONG, DOC WILLIE (AKSYON)",28,4.40 %
REGION VI,NEGROS OCCIDENTAL,CITY OF BACOLOD,TACULING,45010376,VICE_PRESIDENT,"PANGILINAN, KIKO (LP)",248,38.99 %
REGION VI,NEGROS OCCIDENTAL,CITY OF BACOLOD,TACULING,45010376,VICE_PRESIDENT,"SERAPIO, CARLOS (KTPNAN)",0,0.00 %
REGION VI,NEGROS OCCIDENTAL,CITY OF BACOLOD,TACULING,45010376,VICE_PRESIDENT,"SOTTO, VICENTE TITO (NPC)",107,16.82 %
REGION VI,NEGROS OCCIDENTAL,CITY OF BACOLOD,TACULING,45010376,SENATOR,Candidate,Votes,Percentage
REGION VI,NEGROS OCCIDENTAL,CITY OF BACOLOD,TACULING,45010376,SENATOR,"AFUANG, ABNER (IND)",10,0.15 %
REGION VI,NEGROS OCCIDENTAL,CITY OF BACOLOD,TACULING,45010376,SENATOR,"ALBANI, IBRAHIM (WPP)",0,0.00 %
REGION VI,NEGROS OCCIDENTAL,CITY OF BACOLOD,TACULING,45010376,SENATOR,"ARRANZA, MANG JESS (IND)",7,0.10 %
REGION VI,NEGROS OCCIDENTAL,CITY OF BACOLOD,TACULING,45010376,SENATOR,"BAGUILAT, TEDDY (LP)",137,2.11 %
REGION VI,NEGROS OCCIDENTAL,CITY OF BACOLOD,TACULING,45010376,SENATOR,"BAILEN, AGNES (IND)",6,0.09 %
REGION VI,NEGROS OCCIDENTAL,CITY OF BACOLOD,TACULING,45010376,SENATOR,"BALITA, CARL (AKSYON)",47,0.72 %
REGION VI,NEGROS OCCIDENTAL,CITY OF BACOLOD,TACULING,45010376,SENATOR,"BARBO, LUTZ (PDPLBN)",2,0.03 %
REGION VI,NEGROS OCCIDENTAL,CITY OF BACOLOD,TACULING,45010376,SENATOR,"BAUTISTA, HERBERT BISTEK (NPC)",125,1.92 %
REGION VI,NEGROS OCCIDENTAL,CITY OF BACOLOD,TACULING,45010376,SENATOR,"BELGICA, GRECO (PDDS)",29,0.44 %
REGION VI,NEGROS OCCIDENTAL,CITY OF BACOLOD,TACULING,45010376,SENATOR,"BELLO, SILVESTRE JR. (PDPLBN)",27,0.41 %
REGION VI,NEGROS OCCIDENTAL,CITY OF BACOLOD,TACULING,45010376,SENATOR,"BINAY, JOJO (UNA)",91,1.40 %
REGION VI,NEGROS OCCIDENTAL,CITY OF BACOLOD,TACULING,45010376,SENATOR,"CABONEGRO, ROY (PLM)",16,0.24 %
REGION VI,NEGROS OCCIDENTAL,CITY OF BACOLOD,TACULING,45010376,SENATOR,"CASTRICIONES, BRO JOHN(PDPLBN)",7,0.10 %
REGION VI,NEGROS OCCIDENTAL,CITY OF BACOLOD,TACULING,45010376,SENATOR,"CAYETANO, ALAN PETER (IND)",222,3.42 %
REGION VI,NEGROS OCCIDENTAL,CITY OF BACOLOD,TACULING,45010376,SENATOR,"CHAVEZ, MELCHOR (WPP)",3,0.04 %
REGION VI,NEGROS OCCIDENTAL,CITY OF BACOLOD,TACULING,45010376,SENATOR,"COLMENARES, NERI (MKBYN)",292,4.49 %
REGION VI,NEGROS OCCIDENTAL,CITY OF BACOLOD,TACULING,45010376,SENATOR,"D'ANGELO, DAVID (PLM)",8,0.12 %
REGION VI,NEGROS OCCIDENTAL,CITY OF BACOLOD,TACULING,45010376,SENATOR,"DE LIMA, LEILA (LP)",226,3.48 %
REGION VI,NEGROS OCCIDENTAL,CITY OF BACOLOD,TACULING,45010376,SENATOR,"DEL ROSARIO, MONSOUR (PDR)",87,1.34 %
REGION VI,NEGROS OCCIDENTAL,CITY OF BACOLOD,TACULING,45010376,SENATOR,"DIAZ, DING (PPP)",7,0.10 %
REGION VI,NEGROS OCCIDENTAL,CITY OF BACOLOD,TACULING,45010376,SENATOR,"DIOKNO, CHEL (KANP)",306,4.71 %
REGION VI,NEGROS OCCIDENTAL,CITY OF BACOLOD,TACULING,45010376,SENATOR,"EJERCITO, JV ESTRADA (NPC)",171,2.63 %
REGION VI,NEGROS OCCIDENTAL,CITY OF BACOLOD,TACULING,45010376,SENATOR,"ELEAZAR, GEN. GUILLERMO (PDR)",187,2.88 %
REGION VI,NEGROS OCCIDENTAL,CITY OF BACOLOD,TACULING,45010376,SENATOR,"EREÑO, BRO. ERNIE (PM)",4,0.06 %
REGION VI,NEGROS OCCIDENTAL,CITY OF BACOLOD,TACULING,45010376,SENATOR,"ESCUDERO, CHIZ (NPC)",295,4.54 %
REGION VI,NEGROS OCCIDENTAL,CITY OF BACOLOD,TACULING,45010376,SENATOR,"ESPIRITU, LUKE (PLM)",174,2.68 %
REGION VI,NEGROS OCCIDENTAL,CITY OF BACOLOD,TACULING,45010376,SENATOR,"ESTRADA, JINGGOY (PMP)",65,1.00 %
REGION VI,NEGROS OCCIDENTAL,CITY OF BACOLOD,TACULING,45010376,SENATOR,"FALCONE, BAL FALCON (DPP)",3,0.04 %
REGION VI,NEGROS OCCIDENTAL,CITY OF BACOLOD,TACULING,45010376,SENATOR,"GADON, LARRY (KBL)",93,1.43 %
REGION VI,NEGROS OCCIDENTAL,CITY OF BACOLOD,TACULING,45010376,SENATOR,"GATCHALIAN, WIN (NPC)",242,3.72 %
REGION VI,NEGROS OCCIDENTAL,CITY OF BACOLOD,TACULING,45010376,SENATOR,"GORDON, WOW DICK (BVNP)",281,4.33 %
REGION VI,NEGROS OCCIDENTAL,CITY OF BACOLOD,TACULING,45010376,SENATOR,"GUTOC, SAMIRA (AKSYON)",37,0.57 %
REGION VI,NEGROS OCCIDENTAL,CITY OF BACOLOD,TACULING,45010376,SENATOR,"HONASAN, GRINGO (IND)",119,1.83 %
REGION VI,NEGROS OCCIDENTAL,CITY OF BACOLOD,TACULING,45010376,SENATOR,"HONTIVEROS, RISA (AKBAYAN)",335,5.16 %
REGION VI,NEGROS OCCIDENTAL,CITY OF BACOLOD,TACULING,45010376,SENATOR,"JAVELLANA, RJ (IND)",3,0.04 %
REGION VI,NEGROS OCCIDENTAL,CITY OF BACOLOD,TACULING,45010376,SENATOR,"KIRAM, NUR-MAHAL (IND)",3,0.04 %
REGION VI,NEGROS OCCIDENTAL,CITY OF BACOLOD,TACULING,45010376,SENATOR,"LABOG, ELMER (MKBYN)",27,0.41 %
REGION VI,NEGROS OCCIDENTAL,CITY OF BACOLOD,TACULING,45010376,SENATOR,"LACSON, KUYA ALEX (KP)",219,3.37 %
REGION VI,NEGROS OCCIDENTAL,CITY OF BACOLOD,TACULING,45010376,SENATOR,"LANGIT, REY (PDPLBN)",9,0.13 %
REGION VI,NEGROS OCCIDENTAL,CITY OF BACOLOD,TACULING,45010376,SENATOR,"LEGARDA, LOREN (NPC)",292,4.49 %
REGION VI,NEGROS OCCIDENTAL,CITY OF BACOLOD,TACULING,45010376,SENATOR,"LIM, ARIEL (IND)",4,0.06 %
REGION VI,NEGROS OCCIDENTAL,CITY OF BACOLOD,TACULING,45010376,SENATOR,"MALLILLIN, EMILY (PPM)",3,0.04 %
REGION VI,NEGROS OCCIDENTAL,CITY OF BACOLOD,TACULING,45010376,SENATOR,"MARCOLETA, RODANTE (PDPLBN)",32,0.49 %
REGION VI,NEGROS OCCIDENTAL,CITY OF BACOLOD,TACULING,45010376,SENATOR,"MARCOS, FRANCIS LEO (IND)",25,0.38 %
REGION VI,NEGROS OCCIDENTAL,CITY OF BACOLOD,TACULING,45010376,SENATOR,"MATULA, SONNY (IND)",107,1.64 %
REGION VI,NEGROS OCCIDENTAL,CITY OF BACOLOD,TACULING,45010376,SENATOR,"MINDALANO-ADAM,MARIETA(KTPNAN)",2,0.03 %
REGION VI,NEGROS OCCIDENTAL,CITY OF BACOLOD,TACULING,45010376,SENATOR,"OLARTE, ATTY/DR. LEO (BIGKIS)",5,0.07 %
REGION VI,NEGROS OCCIDENTAL,CITY OF BACOLOD,TACULING,45010376,SENATOR,"PADILLA, DRA. MINGUITA (PDR)",45,0.69 %
REGION VI,NEGROS OCCIDENTAL,CITY OF BACOLOD,TACULING,45010376,SENATOR,"PADILLA, ROBIN (PDPLBN)",167,2.57 %
REGION VI,NEGROS OCCIDENTAL,CITY OF BACOLOD,TACULING,45010376,SENATOR,"PANELO, SAL PANALO (PDPLBN)",76,1.17 %
REGION VI,NEGROS OCCIDENTAL,CITY OF BACOLOD,TACULING,45010376,SENATOR,"PIMENTEL, ASTRA (PDPLBN)",25,0.38 %
REGION VI,NEGROS OCCIDENTAL,CITY OF BACOLOD,TACULING,45010376,SENATOR,"PIÑOL, MANNY (NPC)",53,0.81 %
REGION VI,NEGROS OCCIDENTAL,CITY OF BACOLOD,TACULING,45010376,SENATOR,"RICABLANCA, WILLIE JR. (PM)",3,0.04 %
REGION VI,NEGROS OCCIDENTAL,CITY OF BACOLOD,TACULING,45010376,SENATOR,"ROQUE, HARRY SPOX (PRP)",110,1.69 %
REGION VI,NEGROS OCCIDENTAL,CITY OF BACOLOD,TACULING,45010376,SENATOR,"SAHIDULLA, LADY ANNE (PDDS)",2,0.03 %
REGION VI,NEGROS OCCIDENTAL,CITY OF BACOLOD,TACULING,45010376,SENATOR,"SISON, JOPET (AKSYON)",28,0.43 %
REGION VI,NEGROS OCCIDENTAL,CITY OF BACOLOD,TACULING,45010376,SENATOR,"TEODORO, GIBO (PRP)",259,3.99 %
REGION VI,NEGROS OCCIDENTAL,CITY OF BACOLOD,TACULING,45010376,SENATOR,"TRILLANES, ANTONIO IV (LP)",246,3.79 %
REGION VI,NEGROS OCCIDENTAL,CITY OF BACOLOD,TACULING,45010376,SENATOR,"TULFO, IDOL RAFFY (IND)",232,3.57 %
REGION VI,NEGROS OCCIDENTAL,CITY OF BACOLOD,TACULING,45010376,SENATOR,"VALEROS, REY (IND)",5,0.07 %
REGION VI,NEGROS OCCIDENTAL,CITY OF BACOLOD,TACULING,45010376,SENATOR,"VILLANUEVA,JOEL TESDAMAN (IND)",256,3.94 %
REGION VI,NEGROS OCCIDENTAL,CITY OF BACOLOD,TACULING,45010376,SENATOR,"VILLAR, MARK (NP)",227,3.49 %
REGION VI,NEGROS OCCIDENTAL,CITY OF BACOLOD,TACULING,45010376,SENATOR,"ZUBIAGA, CARMEN (IND)",33,0.50 %
REGION VI,NEGROS OCCIDENTAL,CITY OF BACOLOD,TACULING,45010376,SENATOR,"ZUBIRI, MIGZ (IND)",330,5.08 %
REGION VI,NEGROS OCCIDENTAL,CITY OF BACOLOD,TACULING,45010376,PARTYLIST,Candidate,Votes,Percentage
REGION VI,NEGROS OCCIDENTAL,CITY OF BACOLOD,TACULING,45010376,PARTYLIST,01 KAMALAYAN,2,0.43 %
REGION VI,NEGROS OCCIDENTAL,CITY OF BACOLOD,TACULING,45010376,PARTYLIST,02 KM NGAYON NA,0,0.00 %
REGION VI,NEGROS OCCIDENTAL,CITY OF BACOLOD,TACULING,45010376,PARTYLIST,03 PSIS,1,0.21 %
REGION VI,NEGROS OCCIDENTAL,CITY OF BACOLOD,TACULING,45010376,PARTYLIST,04 AGAP,2,0.43 %
REGION VI,NEGROS OCCIDENTAL,CITY OF BACOLOD,TACULING,45010376,PARTYLIST,05 KABAYAN,0,0.00 %
REGION VI,NEGROS OCCIDENTAL,CITY OF BACOLOD,TACULING,45010376,PARTYLIST,06 HOME OWNER,1,0.21 %
REGION VI,NEGROS OCCIDENTAL,CITY OF BACOLOD,TACULING,45010376,PARTYLIST,07 KAPUSO-PM,1,0.21 %
REGION VI,NEGROS OCCIDENTAL,CITY OF BACOLOD,TACULING,45010376,PARTYLIST,08 PDP CARES,0,0.00 %
REGION VI,NEGROS OCCIDENTAL,CITY OF BACOLOD,TACULING,45010376,PARTYLIST,09 MARVELOUS TAYO,0,0.00 %
REGION VI,NEGROS OCCIDENTAL,CITY OF BACOLOD,TACULING,45010376,PARTYLIST,10 AKO OFW,3,0.64 %
REGION VI,NEGROS OCCIDENTAL,CITY OF BACOLOD,TACULING,45010376,PARTYLIST,11 UNITED SENIOR CITIZEN,11,2.36 %
REGION VI,NEGROS OCCIDENTAL,CITY OF BACOLOD,TACULING,45010376,PARTYLIST,12 WOW PILIPINAS,1,0.21 %
REGION VI,NEGROS OCCIDENTAL,CITY OF BACOLOD,TACULING,45010376,PARTYLIST,13 ALTERNATIBA,1,0.21 %
REGION VI,NEGROS OCCIDENTAL,CITY OF BACOLOD,TACULING,45010376,PARTYLIST,14 1-RIDER PARTYLIST,6,1.29 %
REGION VI,NEGROS OCCIDENTAL,CITY OF BACOLOD,TACULING,45010376,PARTYLIST,15 1-CARE,3,0.64 %
REGION VI,NEGROS OCCIDENTAL,CITY OF BACOLOD,TACULING,45010376,PARTYLIST,16 ABP,0,0.00 %
REGION VI,NEGROS OCCIDENTAL,CITY OF BACOLOD,TACULING,45010376,PARTYLIST,17 AKO MUSIKERO,0,0.00 %
REGION VI,NEGROS OCCIDENTAL,CITY OF BACOLOD,TACULING,45010376,PARTYLIST,18 AKO BICOL,0,0.00 %
REGION VI,NEGROS OCCIDENTAL,CITY OF BACOLOD,TACULING,45010376,PARTYLIST,19 PRAI,5,1.07 %
REGION VI,NEGROS OCCIDENTAL,CITY OF BACOLOD,TACULING,45010376,PARTYLIST,20 4PS,0,0.00 %
REGION VI,NEGROS OCCIDENTAL,CITY OF BACOLOD,TACULING,45010376,PARTYLIST,21 MAAGAP,0,0.00 %
REGION VI,NEGROS OCCIDENTAL,CITY OF BACOLOD,TACULING,45010376,PARTYLIST,22 ABANTE PILIPINAS,4,0.86 %
REGION VI,NEGROS OCCIDENTAL,CITY OF BACOLOD,TACULING,45010376,PARTYLIST,23 AKTIBONG KAAGAPAY,0,0.00 %
REGION VI,NEGROS OCCIDENTAL,CITY OF BACOLOD,TACULING,45010376,PARTYLIST,24 ALSA BISAYA,1,0.21 %
REGION VI,NEGROS OCCIDENTAL,CITY OF BACOLOD,TACULING,45010376,PARTYLIST,25 PROBINSYANO AKO,1,0.21 %
REGION VI,NEGROS OCCIDENTAL,CITY OF BACOLOD,TACULING,45010376,PARTYLIST,26 YACAP,8,1.72 %
REGION VI,NEGROS OCCIDENTAL,CITY OF BACOLOD,TACULING,45010376,PARTYLIST,27 MAGDALO,5,1.07 %
REGION VI,NEGROS OCCIDENTAL,CITY OF BACOLOD,TACULING,45010376,PARTYLIST,28 ACT-CIS,21,4.51 %
REGION VI,NEGROS OCCIDENTAL,CITY OF BACOLOD,TACULING,45010376,PARTYLIST,29 HUGPONG FEDERAL,0,0.00 %
REGION VI,NEGROS OCCIDENTAL,CITY OF BACOLOD,TACULING,45010376,PARTYLIST,30 TGP,0,0.00 %
REGION VI,NEGROS OCCIDENTAL,CITY OF BACOLOD,TACULING,45010376,PARTYLIST,31 ONE COOP,0,0.00 %
REGION VI,NEGROS OCCIDENTAL,CITY OF BACOLOD,TACULING,45010376,PARTYLIST,32 BARKADAHAN,0,0.00 %
REGION VI,NEGROS OCCIDENTAL,CITY OF BACOLOD,TACULING,45010376,PARTYLIST,33 DUMPER PTDA,0,0.00 %
REGION VI,NEGROS OCCIDENTAL,CITY OF BACOLOD,TACULING,45010376,PARTYLIST,34 MALABUNG,0,0.00 %
REGION VI,NEGROS OCCIDENTAL,CITY OF BACOLOD,TACULING,45010376,PARTYLIST,35 BH (BAGONG HENERASYON),1,0.21 %
REGION VI,NEGROS OCCIDENTAL,CITY OF BACOLOD,TACULING,45010376,PARTYLIST,36 AKMA-PTM,0,0.00 %
REGION VI,NEGROS OCCIDENTAL,CITY OF BACOLOD,TACULING,45010376,PARTYLIST,37 IPATUPAD,0,0.00 %
REGION VI,NEGROS OCCIDENTAL,CITY OF BACOLOD,TACULING,45010376,PARTYLIST,38 PINUNO,1,0.21 %
REGION VI,NEGROS OCCIDENTAL,CITY OF BACOLOD,TACULING,45010376,PARTYLIST,39 LPGMA,0,0.00 %
REGION VI,NEGROS OCCIDENTAL,CITY OF BACOLOD,TACULING,45010376,PARTYLIST,40 CLICK PARTY,0,0.00 %
REGION VI,NEGROS OCCIDENTAL,CITY OF BACOLOD,TACULING,45010376,PARTYLIST,41 TODA,0,0.00 %
REGION VI,NEGROS OCCIDENTAL,CITY OF BACOLOD,TACULING,45010376,PARTYLIST,42 BHW,0,0.00 %
REGION VI,NEGROS OCCIDENTAL,CITY OF BACOLOD,TACULING,45010376,PARTYLIST,43 MALASAKIT@BAYANIHAN,22,4.73 %
REGION VI,NEGROS OCCIDENTAL,CITY OF BACOLOD,TACULING,45010376,PARTYLIST,44 ABS,0,0.00 %
REGION VI,NEGROS OCCIDENTAL,CITY OF BACOLOD,TACULING,45010376,PARTYLIST,45 PASAHERO PARTYLIST,1,0.21 %
REGION VI,NEGROS OCCIDENTAL,CITY OF BACOLOD,TACULING,45010376,PARTYLIST,46 ANGAT,9,1.93 %
REGION VI,NEGROS OCCIDENTAL,CITY OF BACOLOD,TACULING,45010376,PARTYLIST,47 SOLID-CHANGE,0,0.00 %
REGION VI,NEGROS OCCIDENTAL,CITY OF BACOLOD,TACULING,45010376,PARTYLIST,48 BICOL SARO,0,0.00 %
REGION VI,NEGROS OCCIDENTAL,CITY OF BACOLOD,TACULING,45010376,PARTYLIST,49 OFW,6,1.29 %
REGION VI,NEGROS OCCIDENTAL,CITY OF BACOLOD,TACULING,45010376,PARTYLIST,50 ANG PROBINSIYANO,5,1.07 %
REGION VI,NEGROS OCCIDENTAL,CITY OF BACOLOD,TACULING,45010376,PARTYLIST,51 ANAKALUSUGAN,0,0.00 %
REGION VI,NEGROS OCCIDENTAL,CITY OF BACOLOD,TACULING,45010376,PARTYLIST,52 PBA,2,0.43 %
REGION VI,NEGROS OCCIDENTAL,CITY OF BACOLOD,TACULING,45010376,PARTYLIST,53 PEACE,1,0.21 %
REGION VI,NEGROS OCCIDENTAL,CITY OF BACOLOD,TACULING,45010376,PARTYLIST,54 P3PWD,47,10.10 %
REGION VI,NEGROS OCCIDENTAL,CITY OF BACOLOD,TACULING,45010376,PARTYLIST,55 S.M.I.L.E,0,0.00 %
REGION VI,NEGROS OCCIDENTAL,CITY OF BACOLOD,TACULING,45010376,PARTYLIST,56 AAMBIS-OWA,2,0.43 %
REGION VI,NEGROS OCCIDENTAL,CITY OF BACOLOD,TACULING,45010376,PARTYLIST,57 BUTIL,0,0.00 %
REGION VI,NEGROS OCCIDENTAL,CITY OF BACOLOD,TACULING,45010376,PARTYLIST,58 LUNAS,0,0.00 %
REGION VI,NEGROS OCCIDENTAL,CITY OF BACOLOD,TACULING,45010376,PARTYLIST,59 ANG KOMADRONA,0,0.00 %
REGION VI,NEGROS OCCIDENTAL,CITY OF BACOLOD,TACULING,45010376,PARTYLIST,60 KABAKA,0,0.00 %
REGION VI,NEGROS OCCIDENTAL,CITY OF BACOLOD,TACULING,45010376,PARTYLIST,61 SAGIP,2,0.43 %
REGION VI,NEGROS OCCIDENTAL,CITY OF BACOLOD,TACULING,45010376,PARTYLIST,62 ANG KABUHAYAN,0,0.00 %
REGION VI,NEGROS OCCIDENTAL,CITY OF BACOLOD,TACULING,45010376,PARTYLIST,63 AKO I.P.,0,0.00 %
REGION VI,NEGROS OCCIDENTAL,CITY OF BACOLOD,TACULING,45010376,PARTYLIST,64 PHILRECA,0,0.00 %
REGION VI,NEGROS OCCIDENTAL,CITY OF BACOLOD,TACULING,45010376,PARTYLIST,65 BABAE AKO,0,0.00 %
REGION VI,NEGROS OCCIDENTAL,CITY OF BACOLOD,TACULING,45010376,PARTYLIST,66 KB,0,0.00 %
REGION VI,NEGROS OCCIDENTAL,CITY OF BACOLOD,TACULING,45010376,PARTYLIST,67 GABRIELA,13,2.79 %
REGION VI,NEGROS OCCIDENTAL,CITY OF BACOLOD,TACULING,45010376,PARTYLIST,68 KALINGA,1,0.21 %
REGION VI,NEGROS OCCIDENTAL,CITY OF BACOLOD,TACULING,45010376,PARTYLIST,69 STL,0,0.00 %
REGION VI,NEGROS OCCIDENTAL,CITY OF BACOLOD,TACULING,45010376,PARTYLIST,70 RECOBODA,0,0.00 %
REGION VI,NEGROS OCCIDENTAL,CITY OF BACOLOD,TACULING,45010376,PARTYLIST,71 ANGAT PINOY,1,0.21 %
REGION VI,NEGROS OCCIDENTAL,CITY OF BACOLOD,TACULING,45010376,PARTYLIST,72 ANAC-IP,0,0.00 %
REGION VI,NEGROS OCCIDENTAL,CITY OF BACOLOD,TACULING,45010376,PARTYLIST,73 DIWA,0,0.00 %
REGION VI,NEGROS OCCIDENTAL,CITY OF BACOLOD,TACULING,45010376,PARTYLIST,74 ASENSO PINOY,0,0.00 %
REGION VI,NEGROS OCCIDENTAL,CITY OF BACOLOD,TACULING,45010376,PARTYLIST,75 PPP,0,0.00 %
REGION VI,NEGROS OCCIDENTAL,CITY OF BACOLOD,TACULING,45010376,PARTYLIST,76 PAMILYA MUNA,0,0.00 %
REGION VI,NEGROS OCCIDENTAL,CITY OF BACOLOD,TACULING,45010376,PARTYLIST,77 AYUDA SANDUGO,1,0.21 %
REGION VI,NEGROS OCCIDENTAL,CITY OF BACOLOD,TACULING,45010376,PARTYLIST,78 BUKLOD FILIPINO,1,0.21 %
REGION VI,NEGROS OCCIDENTAL,CITY OF BACOLOD,TACULING,45010376,PARTYLIST,79 BTS,0,0.00 %
REGION VI,NEGROS OCCIDENTAL,CITY OF BACOLOD,TACULING,45010376,PARTYLIST,80 MOCHA,0,0.00 %
REGION VI,NEGROS OCCIDENTAL,CITY OF BACOLOD,TACULING,45010376,PARTYLIST,81 ACT TEACHERS,7,1.50 %
REGION VI,NEGROS OCCIDENTAL,CITY OF BACOLOD,TACULING,45010376,PARTYLIST,82 ALONA,0,0.00 %
REGION VI,NEGROS OCCIDENTAL,CITY OF BACOLOD,TACULING,45010376,PARTYLIST,83 KABALIKAT,0,0.00 %
REGION VI,NEGROS OCCIDENTAL,CITY OF BACOLOD,TACULING,45010376,PARTYLIST,84 ALIF,0,0.00 %
REGION VI,NEGROS OCCIDENTAL,CITY OF BACOLOD,TACULING,45010376,PARTYLIST,85 1-UTAP BICOL,0,0.00 %
REGION VI,NEGROS OCCIDENTAL,CITY OF BACOLOD,TACULING,45010376,PARTYLIST,86 TINGOG,1,0.21 %
REGION VI,NEGROS OCCIDENTAL,CITY OF BACOLOD,TACULING,45010376,PARTYLIST,87 H.E.L.P. PILIPINAS,1,0.21 %
REGION VI,NEGROS OCCIDENTAL,CITY OF BACOLOD,TACULING,45010376,PARTYLIST,88 TUCP,0,0.00 %
REGION VI,NEGROS OCCIDENTAL,CITY OF BACOLOD,TACULING,45010376,PARTYLIST,89 PTA,0,0.00 %
REGION VI,NEGROS OCCIDENTAL,CITY OF BACOLOD,TACULING,45010376,PARTYLIST,90 AGIMAT,1,0.21 %
REGION VI,NEGROS OCCIDENTAL,CITY OF BACOLOD,TACULING,45010376,PARTYLIST,91 KONTRA BROWNOUT,1,0.21 %
REGION VI,NEGROS OCCIDENTAL,CITY OF BACOLOD,TACULING,45010376,PARTYLIST,92 TULUNGAN TAYO,0,0.00 %
REGION VI,NEGROS OCCIDENTAL,CITY OF BACOLOD,TACULING,45010376,PARTYLIST,93 DUTERTE YOUTH,7,1.50 %
REGION VI,NEGROS OCCIDENTAL,CITY OF BACOLOD,TACULING,45010376,PARTYLIST,94 ABEKA,0,0.00 %
REGION VI,NEGROS OCCIDENTAL,CITY OF BACOLOD,TACULING,45010376,PARTYLIST,95 KABATAAN,8,1.72 %
REGION VI,NEGROS OCCIDENTAL,CITY OF BACOLOD,TACULING,45010376,PARTYLIST,97 ACTS-OFW,1,0.21 %
REGION VI,NEGROS OCCIDENTAL,CITY OF BACOLOD,TACULING,45010376,PARTYLIST,98 RAM,7,1.50 %
REGION VI,NEGROS OCCIDENTAL,CITY OF BACOLOD,TACULING,45010376,PARTYLIST,99 USWAG ILONGGO,26,5.59 %
REGION VI,NEGROS OCCIDENTAL,CITY OF BACOLOD,TACULING,45010376,PARTYLIST,100 AKO BISAYA,4,0.86 %
REGION VI,NEGROS OCCIDENTAL,CITY OF BACOLOD,TACULING,45010376,PARTYLIST,101 KAPAMILYA,0,0.00 %
REGION VI,NEGROS OCCIDENTAL,CITY OF BACOLOD,TACULING,45010376,PARTYLIST,102 PUSONG PINOY,0,0.00 %
REGION VI,NEGROS OCCIDENTAL,CITY OF BACOLOD,TACULING,45010376,PARTYLIST,103 CWS,1,0.21 %
REGION VI,NEGROS OCCIDENTAL,CITY OF BACOLOD,TACULING,45010376,PARTYLIST,104 SILBI,0,0.00 %
REGION VI,NEGROS OCCIDENTAL,CITY OF BACOLOD,TACULING,45010376,PARTYLIST,105 CIBAC,4,0.86 %
REGION VI,NEGROS OCCIDENTAL,CITY OF BACOLOD,TACULING,45010376,PARTYLIST,106 SUBANEN,0,0.00 %
REGION VI,NEGROS OCCIDENTAL,CITY OF BACOLOD,TACULING,45010376,PARTYLIST,107 AKKK,0,0.00 %
REGION VI,NEGROS OCCIDENTAL,CITY OF BACOLOD,TACULING,45010376,PARTYLIST,108 BG PARTY-LIST,2,0.43 %
REGION VI,NEGROS OCCIDENTAL,CITY OF BACOLOD,TACULING,45010376,PARTYLIST,109 PAMILYANG MAGSASAKA,1,0.21 %
REGION VI,NEGROS OCCIDENTAL,CITY OF BACOLOD,TACULING,45010376,PARTYLIST,110 COOP NATCCO,4,0.86 %
REGION VI,NEGROS OCCIDENTAL,CITY OF BACOLOD,TACULING,45010376,PARTYLIST,111 FRONTLINERS ANG BIDA,4,0.86 %
REGION VI,NEGROS OCCIDENTAL,CITY OF BACOLOD,TACULING,45010376,PARTYLIST,112 KASAMA,0,0.00 %
REGION VI,NEGROS OCCIDENTAL,CITY OF BACOLOD,TACULING,45010376,PARTYLIST,113 AKO BISDAK,0,0.00 %
REGION VI,NEGROS OCCIDENTAL,CITY OF BACOLOD,TACULING,45010376,PARTYLIST,114 GP PARTY,0,0.00 %
REGION VI,NEGROS OCCIDENTAL,CITY OF BACOLOD,TACULING,45010376,PARTYLIST,115 BAHAY,1,0.21 %
REGION VI,NEGROS OCCIDENTAL,CITY OF BACOLOD,TACULING,45010376,PARTYLIST,116 MAGSASAKA,1,0.21 %
REGION VI,NEGROS OCCIDENTAL,CITY OF BACOLOD,TACULING,45010376,PARTYLIST,117 MARINO,4,0.86 %
REGION VI,NEGROS OCCIDENTAL,CITY OF BACOLOD,TACULING,45010376,PARTYLIST,118 UNITED FRONTLINERS,0,0.00 %
REGION VI,NEGROS OCCIDENTAL,CITY OF BACOLOD,TACULING,45010376,PARTYLIST,119 L.O.G.R.O. KUSINERO,0,0.00 %
REGION VI,NEGROS OCCIDENTAL,CITY OF BACOLOD,TACULING,45010376,PARTYLIST,120 BPO,1,0.21 %
REGION VI,NEGROS OCCIDENTAL,CITY OF BACOLOD,TACULING,45010376,PARTYLIST,121 ABANG LINGKOD,87,18.70 %
REGION VI,NEGROS OCCIDENTAL,CITY OF BACOLOD,TACULING,45010376,PARTYLIST,122 KUSUG TAUSUG,0,0.00 %
REGION VI,NEGROS OCCIDENTAL,CITY OF BACOLOD,TACULING,45010376,PARTYLIST,123 PLM,0,0.00 %
REGION VI,NEGROS OCCIDENTAL,CITY OF BACOLOD,TACULING,45010376,PARTYLIST,124 OK PARTYLIST,0,0.00 %
REGION VI,NEGROS OCCIDENTAL,CITY OF BACOLOD,TACULING,45010376,PARTYLIST,125 A TEACHER,1,0.21 %
REGION VI,NEGROS OCCIDENTAL,CITY OF BACOLOD,TACULING,45010376,PARTYLIST,126 PASADA-CC,0,0.00 %
REGION VI,NEGROS OCCIDENTAL,CITY OF BACOLOD,TACULING,45010376,PARTYLIST,127 OFW FAMILY,3,0.64 %
REGION VI,NEGROS OCCIDENTAL,CITY OF BACOLOD,TACULING,45010376,PARTYLIST,128 ANGKLA,4,0.86 %
REGION VI,NEGROS OCCIDENTAL,CITY OF BACOLOD,TACULING,45010376,PARTYLIST,129 COCOMAN,0,0.00 %
REGION VI,NEGROS OCCIDENTAL,CITY OF BACOLOD,TACULING,45010376,PARTYLIST,130 ACT AS ONE,2,0.43 %
REGION VI,NEGROS OCCIDENTAL,CITY OF BACOLOD,TACULING,45010376,PARTYLIST,131 AKO ILOCANO AKO,7,1.50 %
REGION VI,NEGROS OCCIDENTAL,CITY OF BACOLOD,TACULING,45010376,PARTYLIST,132 TRABAHO,2,0.43 %
REGION VI,NEGROS OCCIDENTAL,CITY OF BACOLOD,TACULING,45010376,PARTYLIST,133 PATROL,0,0.00 %
REGION VI,NEGROS OCCIDENTAL,CITY OF BACOLOD,TACULING,45010376,PARTYLIST,134 AKO PADAYON,0,0.00 %
REGION VI,NEGROS OCCIDENTAL,CITY OF BACOLOD,TACULING,45010376,PARTYLIST,135 ABONO,0,0.00 %
REGION VI,NEGROS OCCIDENTAL,CITY OF BACOLOD,TACULING,45010376,PARTYLIST,136 MANILA TEACHERS,1,0.21 %
REGION VI,NEGROS OCCIDENTAL,CITY OF BACOLOD,TACULING,45010376,PARTYLIST,137 KOOP-KAMPI,0,0.00 %
REGION VI,NEGROS OCCIDENTAL,CITY OF BACOLOD,TACULING,45010376,PARTYLIST,138 MAYPAGASA,1,0.21 %
REGION VI,NEGROS OCCIDENTAL,CITY OF BACOLOD,TACULING,45010376,PARTYLIST,139 PVAID,0,0.00 %
REGION VI,NEGROS OCCIDENTAL,CITY OF BACOLOD,TACULING,45010376,PARTYLIST,140 TUTOK TO WIN,3,0.64 %
REGION VI,NEGROS OCCIDENTAL,CITY OF BACOLOD,TACULING,45010376,PARTYLIST,141 BAYAN MUNA,14,3.01 %
REGION VI,NEGROS OCCIDENTAL,CITY OF BACOLOD,TACULING,45010376,PARTYLIST,142 API,0,0.00 %
REGION VI,NEGROS OCCIDENTAL,CITY OF BACOLOD,TACULING,45010376,PARTYLIST,143 ARTE,0,0.00 %
REGION VI,NEGROS OCCIDENTAL,CITY OF BACOLOD,TACULING,45010376,PARTYLIST,144 ASAP,0,0.00 %
REGION VI,NEGROS OCCIDENTAL,CITY OF BACOLOD,TACULING,45010376,PARTYLIST,145 BUNYOG,0,0.00 %
REGION VI,NEGROS OCCIDENTAL,CITY OF BACOLOD,TACULING,45010376,PARTYLIST,146 AKBAYAN,4,0.86 %
REGION VI,NEGROS OCCIDENTAL,CITY OF BACOLOD,TACULING,45010376,PARTYLIST,147 DAMAYAN,1,0.21 %
REGION VI,NEGROS OCCIDENTAL,CITY OF BACOLOD,TACULING,45010376,PARTYLIST,148 WIFI,1,0.21 %
REGION VI,NEGROS OCCIDENTAL,CITY OF BACOLOD,TACULING,45010376,PARTYLIST,149 CANCER PARTY LIST,2,0.43 %
REGION VI,NEGROS OCCIDENTAL,CITY OF BACOLOD,TACULING,45010376,PARTYLIST,150 1-ANG EDUKASYON,2,0.43 %
REGION VI,NEGROS OCCIDENTAL,CITY OF BACOLOD,TACULING,45010376,PARTYLIST,151 UFCC,0,0.00 %
REGION VI,NEGROS OCCIDENTAL,CITY OF BACOLOD,TACULING,45010376,PARTYLIST,152 AGRI,1,0.21 %
REGION VI,NEGROS OCCIDENTAL,CITY OF BACOLOD,TACULING,45010376,PARTYLIST,153 MAHARLIKA,0,0.00 %
REGION VI,NEGROS OCCIDENTAL,CITY OF BACOLOD,TACULING,45010376,PARTYLIST,154 ANAKPAWIS,1,0.21 %
REGION VI,NEGROS OCCIDENTAL,CITY OF BACOLOD,TACULING,45010376,PARTYLIST,155 1TAHANAN,0,0.00 %
REGION VI,NEGROS OCCIDENTAL,CITY OF BACOLOD,TACULING,45010376,PARTYLIST,156 TURISMO,0,0.00 %
REGION VI,NEGROS OCCIDENTAL,CITY OF BACOLOD,TACULING,45010376,PARTYLIST,157 APEC,1,0.21 %
REGION VI,NEGROS OCCIDENTAL,CITY OF BACOLOD,TACULING,45010376,PARTYLIST,158 SENIOR CITIZENS PARTYLIST,18,3.87 %
REGION VI,NEGROS OCCIDENTAL,CITY OF BACOLOD,TACULING,45010376,PARTYLIST,159 AASENSO,1,0.21 %
REGION VI,NEGROS OCCIDENTAL,CITY OF BACOLOD,TACULING,45010376,PARTYLIST,160 AMIN,0,0.00 %
REGION VI,NEGROS OCCIDENTAL,CITY OF BACOLOD,TACULING,45010376,PARTYLIST,161 1-PACMAN,5,1.07 %
REGION VI,NEGROS OCCIDENTAL,CITY OF BACOLOD,TACULING,45010376,PARTYLIST,162 ABB-NFCPI,0,0.00 %
REGION VI,NEGROS OCCIDENTAL,CITY OF BACOLOD,TACULING,45010376,PARTYLIST,163 AN WARAY,0,0.00 %
REGION VI,NEGROS OCCIDENTAL,CITY OF BACOLOD,TACULING,45010376,PARTYLIST,164 AP PARTYLIST,3,0.64 %
REGION VI,NEGROS OCCIDENTAL,CITY OF BACOLOD,TACULING,45010376,PARTYLIST,165 AKAP PINOY,0,0.00 %
REGION VI,NEGROS OCCIDENTAL,CITY OF BACOLOD,TACULING,45010376,PARTYLIST,166 BUHAY,0,0.00 %
REGION VI,NEGROS OCCIDENTAL,CITY OF BACOLOD,TACULING,45010376,PARTYLIST,167 ARISE,0,0.00 %
REGION VI,NEGROS OCCIDENTAL,CITY OF BACOLOD,TACULING,45010376,PARTYLIST,168 IWI,0,0.00 %
REGION VI,NEGROS OCCIDENTAL,CITY OF BACOLOD,TACULING,45010376,PARTYLIST,169 ANG TINIG NG SENIORS,6,1.29 %
REGION VI,NEGROS OCCIDENTAL,CITY OF BACOLOD,TACULING,45010376,PARTYLIST,170 LBP,0,0.00 %
REGION VI,NEGROS OCCIDENTAL,CITY OF BACOLOD,TACULING,45010376,PARTYLIST,171 IPEACE EPANAW,0,0.00 %
REGION VI,NEGROS OCCIDENTAL,CITY OF BACOLOD,TACULING,45010376,PARTYLIST,172 APAT-DAPAT,0,0.00 %
REGION VI,NEGROS OCCIDENTAL,CITY OF BACOLOD,TACULING,45010376,PARTYLIST,173 UMA ILONGGO,9,1.93 %
REGION VI,NEGROS OCCIDENTAL,CITY OF BACOLOD,TACULING,45010376,PARTYLIST,174 AYUDA,0,0.00 %
REGION VI,NEGROS OCCIDENTAL,CITY OF BACOLOD,TACULING,45010376,PARTYLIST,175 SAMBAYANAN,2,0.43 %
REGION VI,NEGROS OCCIDENTAL,CITY OF BACOLOD,TACULING,45010376,PARTYLIST,176 AKO BREEDER,2,0.43 %
REGION VI,NEGROS OCCIDENTAL,CITY OF BACOLOD,TACULING,45010376,PARTYLIST,177 FPJ,1,0.21 %
REGION VI,NEGROS OCCIDENTAL,CITY OF BACOLOD,TACULING,45010376,PARTYLIST,178 LIBRO,0,0.00 %
REGION VI,NEGROS OCCIDENTAL,CITY OF BACOLOD,TACULING,45010376,REP,Candidate,Votes,Percentage
REGION VI,NEGROS OCCIDENTAL,CITY OF BACOLOD,TACULING,45010376,REP,"ATAYDE, DAN (IND)",195,32.07 %
REGION VI,NEGROS OCCIDENTAL,CITY OF BACOLOD,TACULING,45010376,REP,"DAVID, WILLY (IND)",0,0.00 %
REGION VI,NEGROS OCCIDENTAL,CITY OF BACOLOD,TACULING,45010376,REP,"GASATAYA, GREG (NPC)",406,66.77 %
REGION VI,NEGROS OCCIDENTAL,CITY OF BACOLOD,TACULING,45010376,REP,"GUSTILO, ROMY (IND)",1,0.16 %
REGION VI,NEGROS OCCIDENTAL,CITY OF BACOLOD,TACULING,45010376,REP,"SAN MIGUEL, NONONG (PDDS)",6,0.98 %
REGION VI,NEGROS OCCIDENTAL,CITY OF BACOLOD,TACULING,45010376,MAYOR,Candidate,Votes,Percentage
REGION VI,NEGROS OCCIDENTAL,CITY OF BACOLOD,TACULING,45010376,MAYOR,"BENITEZ, ALBEE (PDPLBN)",356,56.59 %
REGION VI,NEGROS OCCIDENTAL,CITY OF BACOLOD,TACULING,45010376,MAYOR,"LEONARDIA, BING (NP)",273,43.40 %
REGION VI,NEGROS OCCIDENTAL,CITY OF BACOLOD,TACULING,45010376,VICE_MAYOR,Candidate,Votes,Percentage
REGION VI,NEGROS OCCIDENTAL,CITY OF BACOLOD,TACULING,45010376,VICE_MAYOR,"DISTRITO, CAESAR (PDPLBN)",134,21.89 %
REGION VI,NEGROS OCCIDENTAL,CITY OF BACOLOD,TACULING,45010376,VICE_MAYOR,"FAMILIARAN, EL CID (NP)",341,55.71 %
REGION VI,NEGROS OCCIDENTAL,CITY OF BACOLOD,TACULING,45010376,VICE_MAYOR,"GAMBOA, WILSON JR. (IND)",137,22.38 %
REGION VI,NEGROS OCCIDENTAL,CITY OF BACOLOD,TACULING,45010376,SP,Candidate,Votes,Percentage
REGION VI,NEGROS OCCIDENTAL,CITY OF BACOLOD,TACULING,45010376,SP,"ANG, EM (NP)",308,5.02 %
REGION VI,NEGROS OCCIDENTAL,CITY OF BACOLOD,TACULING,45010376,SP,"ARROYO, ALAN (IND)",44,0.71 %
REGION VI,NEGROS OCCIDENTAL,CITY OF BACOLOD,TACULING,45010376,SP,"AUJERO, JORGE THE WISE (IND)",13,0.21 %
REGION VI,NEGROS OCCIDENTAL,CITY OF BACOLOD,TACULING,45010376,SP,"BAIS, HOMER (PDPLBN)",158,2.57 %
REGION VI,NEGROS OCCIDENTAL,CITY OF BACOLOD,TACULING,45010376,SP,"BARIBAR, ARCHIE (PROMDI)",234,3.81 %
REGION VI,NEGROS OCCIDENTAL,CITY OF BACOLOD,TACULING,45010376,SP,"BELARIO, 007 (IND)",23,0.37 %
REGION VI,NEGROS OCCIDENTAL,CITY OF BACOLOD,TACULING,45010376,SP,"BELORIA, TOTO CESAR (IND)",70,1.14 %
REGION VI,NEGROS OCCIDENTAL,CITY OF BACOLOD,TACULING,45010376,SP,"CONTRERAS, LR (PRP)",17,0.27 %
REGION VI,NEGROS OCCIDENTAL,CITY OF BACOLOD,TACULING,45010376,SP,"DIAZ, JONATHAN JR. (NP)",115,1.87 %
REGION VI,NEGROS OCCIDENTAL,CITY OF BACOLOD,TACULING,45010376,SP,"DISTRITO, SIMPLE (PDPLBN)",138,2.25 %
REGION VI,NEGROS OCCIDENTAL,CITY OF BACOLOD,TACULING,45010376,SP,"ESPINO, AL (NPC)",249,4.06 %
REGION VI,NEGROS OCCIDENTAL,CITY OF BACOLOD,TACULING,45010376,SP,"FLOR, CELIA (IND)",310,5.05 %
REGION VI,NEGROS OCCIDENTAL,CITY OF BACOLOD,TACULING,45010376,SP,"GICO, VIC (IND)",28,0.45 %
REGION VI,NEGROS OCCIDENTAL,CITY OF BACOLOD,TACULING,45010376,SP,"GONZALEZ, VLADI (PDPLBN)",261,4.25 %
REGION VI,NEGROS OCCIDENTAL,CITY OF BACOLOD,TACULING,45010376,SP,"GUILLEM, ED (NP)",160,2.61 %
REGION VI,NEGROS OCCIDENTAL,CITY OF BACOLOD,TACULING,45010376,SP,"HERMOSURA, BONG (IND)",27,0.44 %
REGION VI,NEGROS OCCIDENTAL,CITY OF BACOLOD,TACULING,45010376,SP,"JAUOD, JIFFY (IND)",28,0.45 %
REGION VI,NEGROS OCCIDENTAL,CITY OF BACOLOD,TACULING,45010376,SP,"LACSON, PATRICK (PDPLBN)",239,3.89 %
REGION VI,NEGROS OCCIDENTAL,CITY OF BACOLOD,TACULING,45010376,SP,"LOPEZ, CARL (NP)",214,3.49 %
REGION VI,NEGROS OCCIDENTAL,CITY OF BACOLOD,TACULING,45010376,SP,"MAYO, MARK STEVEN (NPC)",95,1.54 %
REGION VI,NEGROS OCCIDENTAL,CITY OF BACOLOD,TACULING,45010376,SP,"MONTALVO, CASH (NP)",155,2.52 %
REGION VI,NEGROS OCCIDENTAL,CITY OF BACOLOD,TACULING,45010376,SP,"NACIONALES, FERMIN (IND)",16,0.26 %
REGION VI,NEGROS OCCIDENTAL,CITY OF BACOLOD,TACULING,45010376,SP,"NOVERO, RENECITO (NP)",289,4.71 %
REGION VI,NEGROS OCCIDENTAL,CITY OF BACOLOD,TACULING,45010376,SP,"OROLA, BART (PDPLBN)",178,2.90 %
REGION VI,NEGROS OCCIDENTAL,CITY OF BACOLOD,TACULING,45010376,SP,"PADIOS, EDUARDO (PPM)",49,0.79 %
REGION VI,NEGROS OCCIDENTAL,CITY OF BACOLOD,TACULING,45010376,SP,"PUENTEVELLA, KALAW (PROMDI)",213,3.47 %
REGION VI,NEGROS OCCIDENTAL,CITY OF BACOLOD,TACULING,45010376,SP,"RAMOS, DINDO (NP)",221,3.60 %
REGION VI,NEGROS OCCIDENTAL,CITY OF BACOLOD,TACULING,45010376,SP,"ROJAS, CINDY (NP)",321,5.23 %
REGION VI,NEGROS OCCIDENTAL,CITY OF BACOLOD,TACULING,45010376,SP,"SALANGA, ISRAEL (NP)",276,4.50 %
REGION VI,NEGROS OCCIDENTAL,CITY OF BACOLOD,TACULING,45010376,SP,"SAYSON, THADDY (PDPLBN)",334,5.44 %
REGION VI,NEGROS OCCIDENTAL,CITY OF BACOLOD,TACULING,45010376,SP,"SOLIDUM, MARLON (NPC)",183,2.98 %
REGION VI,NEGROS OCCIDENTAL,CITY OF BACOLOD,TACULING,45010376,SP,"SORONGON, CHRIS (NP)",220,3.58 %
REGION VI,NEGROS OCCIDENTAL,CITY OF BACOLOD,TACULING,45010376,SP,"SY, PAO (NPC)",207,3.37 %
REGION VI,NEGROS OCCIDENTAL,CITY OF BACOLOD,TACULING,45010376,SP,"TAN, CANO GWAPO (AKSYON)",168,2.74 %
REGION VI,NEGROS OCCIDENTAL,CITY OF BACOLOD,TACULING,45010376,SP,"VERDEFLOR, SONYA (UNEGA)",237,3.86 %
REGION VI,NEGROS OCCIDENTAL,CITY OF BACOLOD,TACULING,45010376,SP,"VILLAFUERTE, RICO (IND)",61,0.99 %
REGION VI,NEGROS OCCIDENTAL,CITY OF BACOLOD,TACULING,45010376,SP,"VILLAROSA, JASON (LAKAS)",226,3.68 %
REGION VI,NEGROS OCCIDENTAL,CITY OF BACOLOD,TACULING,45010376,SP,"WEBER, CHRISTIAN (IND)",45,0.73 %
region,province,city,barangay,precinct,position,candidate,votes,percentage
REGION VI,NEGROS OCCIDENTAL,CITY OF BACOLOD,TACULING,45010377,PRESIDENT,Candidate,Votes,Percentage
REGION VI,NEGROS OCCIDENTAL,CITY OF BACOLOD,TACULING,45010377,PRESIDENT,"ABELLA, ERNIE (IND)",1,0.15 %
REGION VI,NEGROS OCCIDENTAL,CITY OF BACOLOD,TACULING,45010377,PRESIDENT,"DE GUZMAN, LEODY (PLM)",3,0.45 %
REGION VI,NEGROS OCCIDENTAL,CITY OF BACOLOD,TACULING,45010377,PRESIDENT,"DOMAGOSO, ISKO MORENO (AKSYON)",37,5.63 %
REGION VI,NEGROS OCCIDENTAL,CITY OF BACOLOD,TACULING,45010377,PRESIDENT,"GONZALES, NORBERTO (PDSP)",0,0.00 %
REGION VI,NEGROS OCCIDENTAL,CITY OF BACOLOD,TACULING,45010377,PRESIDENT,"LACSON, PING (PDR)",10,1.52 %
REGION VI,NEGROS OCCIDENTAL,CITY OF BACOLOD,TACULING,45010377,PRESIDENT,"MANGONDATO, FAISAL (KTPNAN)",0,0.00 %
REGION VI,NEGROS OCCIDENTAL,CITY OF BACOLOD,TACULING,45010377,PRESIDENT,"MARCOS, BONGBONG (PFP)",250,38.05 %
REGION VI,NEGROS OCCIDENTAL,CITY OF BACOLOD,TACULING,45010377,PRESIDENT,"MONTEMAYOR, JOSE JR. (DPP)",0,0.00 %
REGION VI,NEGROS OCCIDENTAL,CITY OF BACOLOD,TACULING,45010377,PRESIDENT,"PACQUIAO, MANNY PACMAN(PROMDI)",28,4.26 %
REGION VI,NEGROS OCCIDENTAL,CITY OF BACOLOD,TACULING,45010377,PRESIDENT,"ROBREDO, LENI (IND)",328,49.92 %
REGION VI,NEGROS OCCIDENTAL,CITY OF BACOLOD,TACULING,45010377,VICE_PRESIDENT,Candidate,Votes,Percentage
REGION VI,NEGROS OCCIDENTAL,CITY OF BACOLOD,TACULING,45010377,VICE_PRESIDENT,"ATIENZA, LITO (PROMDI)",7,1.08 %
REGION VI,NEGROS OCCIDENTAL,CITY OF BACOLOD,TACULING,45010377,VICE_PRESIDENT,"BELLO, WALDEN (PLM)",0,0.00 %
REGION VI,NEGROS OCCIDENTAL,CITY OF BACOLOD,TACULING,45010377,VICE_PRESIDENT,"DAVID, RIZALITO (DPP)",1,0.15 %
REGION VI,NEGROS OCCIDENTAL,CITY OF BACOLOD,TACULING,45010377,VICE_PRESIDENT,"DUTERTE, SARA (LAKAS)",265,40.95 %
REGION VI,NEGROS OCCIDENTAL,CITY OF BACOLOD,TACULING,45010377,VICE_PRESIDENT,"LOPEZ, MANNY SD (WPP)",2,0.30 %
REGION VI,NEGROS OCCIDENTAL,CITY OF BACOLOD,TACULING,45010377,VICE_PRESIDENT,"ONG, DOC WILLIE (AKSYON)",30,4.63 %
REGION VI,NEGROS OCCIDENTAL,CITY OF BACOLOD,TACULING,45010377,VICE_PRESIDENT,"PANGILINAN, KIKO (LP)",225,34.77 %
REGION VI,NEGROS OCCIDENTAL,CITY OF BACOLOD,TACULING,45010377,VICE_PRESIDENT,"SERAPIO, CARLOS (KTPNAN)",1,0.15 %
REGION VI,NEGROS OCCIDENTAL,CITY OF BACOLOD,TACULING,45010377,VICE_PRESIDENT,"SOTTO, VICENTE TITO (NPC)",116,17.92 %
REGION VI,NEGROS OCCIDENTAL,CITY OF BACOLOD,TACULING,45010377,SENATOR,Candidate,Votes,Percentage
REGION VI,NEGROS OCCIDENTAL,CITY OF BACOLOD,TACULING,45010377,SENATOR,"AFUANG, ABNER (IND)",8,0.13 %
REGION VI,NEGROS OCCIDENTAL,CITY OF BACOLOD,TACULING,45010377,SENATOR,"ALBANI, IBRAHIM (WPP)",9,0.15 %
REGION VI,NEGROS OCCIDENTAL,CITY OF BACOLOD,TACULING,45010377,SENATOR,"ARRANZA, MANG JESS (IND)",10,0.17 %
REGION VI,NEGROS OCCIDENTAL,CITY OF BACOLOD,TACULING,45010377,SENATOR,"BAGUILAT, TEDDY (LP)",100,1.74 %
REGION VI,NEGROS OCCIDENTAL,CITY OF BACOLOD,TACULING,45010377,SENATOR,"BAILEN, AGNES (IND)",10,0.17 %
REGION VI,NEGROS OCCIDENTAL,CITY OF BACOLOD,TACULING,45010377,SENATOR,"BALITA, CARL (AKSYON)",48,0.83 %
REGION VI,NEGROS OCCIDENTAL,CITY OF BACOLOD,TACULING,45010377,SENATOR,"BARBO, LUTZ (PDPLBN)",10,0.17 %
REGION VI,NEGROS OCCIDENTAL,CITY OF BACOLOD,TACULING,45010377,SENATOR,"BAUTISTA, HERBERT BISTEK (NPC)",132,2.30 %
REGION VI,NEGROS OCCIDENTAL,CITY OF BACOLOD,TACULING,45010377,SENATOR,"BELGICA, GRECO (PDDS)",18,0.31 %
REGION VI,NEGROS OCCIDENTAL,CITY OF BACOLOD,TACULING,45010377,SENATOR,"BELLO, SILVESTRE JR. (PDPLBN)",16,0.27 %
REGION VI,NEGROS OCCIDENTAL,CITY OF BACOLOD,TACULING,45010377,SENATOR,"BINAY, JOJO (UNA)",129,2.25 %
REGION VI,NEGROS OCCIDENTAL,CITY OF BACOLOD,TACULING,45010377,SENATOR,"CABONEGRO, ROY (PLM)",18,0.31 %
REGION VI,NEGROS OCCIDENTAL,CITY OF BACOLOD,TACULING,45010377,SENATOR,"CASTRICIONES, BRO JOHN(PDPLBN)",5,0.08 %
REGION VI,NEGROS OCCIDENTAL,CITY OF BACOLOD,TACULING,45010377,SENATOR,"CAYETANO, ALAN PETER (IND)",248,4.32 %
REGION VI,NEGROS OCCIDENTAL,CITY OF BACOLOD,TACULING,45010377,SENATOR,"CHAVEZ, MELCHOR (WPP)",12,0.20 %
REGION VI,NEGROS OCCIDENTAL,CITY OF BACOLOD,TACULING,45010377,SENATOR,"COLMENARES, NERI (MKBYN)",195,3.40 %
REGION VI,NEGROS OCCIDENTAL,CITY OF BACOLOD,TACULING,45010377,SENATOR,"D'ANGELO, DAVID (PLM)",10,0.17 %
REGION VI,NEGROS OCCIDENTAL,CITY OF BACOLOD,TACULING,45010377,SENATOR,"DE LIMA, LEILA (LP)",161,2.81 %
REGION VI,NEGROS OCCIDENTAL,CITY OF BACOLOD,TACULING,45010377,SENATOR,"DEL ROSARIO, MONSOUR (PDR)",61,1.06 %
REGION VI,NEGROS OCCIDENTAL,CITY OF BACOLOD,TACULING,45010377,SENATOR,"DIAZ, DING (PPP)",9,0.15 %
REGION VI,NEGROS OCCIDENTAL,CITY OF BACOLOD,TACULING,45010377,SENATOR,"DIOKNO, CHEL (KANP)",221,3.85 %
REGION VI,NEGROS OCCIDENTAL,CITY OF BACOLOD,TACULING,45010377,SENATOR,"EJERCITO, JV ESTRADA (NPC)",175,3.05 %
REGION VI,NEGROS OCCIDENTAL,CITY OF BACOLOD,TACULING,45010377,SENATOR,"ELEAZAR, GEN. GUILLERMO (PDR)",132,2.30 %
REGION VI,NEGROS OCCIDENTAL,CITY OF BACOLOD,TACULING,45010377,SENATOR,"EREÑO, BRO. ERNIE (PM)",10,0.17 %
REGION VI,NEGROS OCCIDENTAL,CITY OF BACOLOD,TACULING,45010377,SENATOR,"ESCUDERO, CHIZ (NPC)",281,4.90 %
REGION VI,NEGROS OCCIDENTAL,CITY OF BACOLOD,TACULING,45010377,SENATOR,"ESPIRITU, LUKE (PLM)",115,2.00 %
REGION VI,NEGROS OCCIDENTAL,CITY OF BACOLOD,TACULING,45010377,SENATOR,"ESTRADA, JINGGOY (PMP)",124,2.16 %
REGION VI,NEGROS OCCIDENTAL,CITY OF BACOLOD,TACULING,45010377,SENATOR,"FALCONE, BAL FALCON (DPP)",6,0.10 %
REGION VI,NEGROS OCCIDENTAL,CITY OF BACOLOD,TACULING,45010377,SENATOR,"GADON, LARRY (KBL)",96,1.67 %
REGION VI,NEGROS OCCIDENTAL,CITY OF BACOLOD,TACULING,45010377,SENATOR,"GATCHALIAN, WIN (NPC)",229,3.99 %
REGION VI,NEGROS OCCIDENTAL,CITY OF BACOLOD,TACULING,45010377,SENATOR,"GORDON, WOW DICK (BVNP)",168,2.93 %
REGION VI,NEGROS OCCIDENTAL,CITY OF BACOLOD,TACULING,45010377,SENATOR,"GUTOC, SAMIRA (AKSYON)",34,0.59 %
REGION VI,NEGROS OCCIDENTAL,CITY OF BACOLOD,TACULING,45010377,SENATOR,"HONASAN, GRINGO (IND)",110,1.92 %
REGION VI,NEGROS OCCIDENTAL,CITY OF BACOLOD,TACULING,45010377,SENATOR,"HONTIVEROS, RISA (AKBAYAN)",306,5.34 %
REGION VI,NEGROS OCCIDENTAL,CITY OF BACOLOD,TACULING,45010377,SENATOR,"JAVELLANA, RJ (IND)",14,0.24 %
REGION VI,NEGROS OCCIDENTAL,CITY OF BACOLOD,TACULING,45010377,SENATOR,"KIRAM, NUR-MAHAL (IND)",5,0.08 %
REGION VI,NEGROS OCCIDENTAL,CITY OF BACOLOD,TACULING,45010377,SENATOR,"LABOG, ELMER (MKBYN)",34,0.59 %
REGION VI,NEGROS OCCIDENTAL,CITY OF BACOLOD,TACULING,45010377,SENATOR,"LACSON, KUYA ALEX (KP)",141,2.46 %
REGION VI,NEGROS OCCIDENTAL,CITY OF BACOLOD,TACULING,45010377,SENATOR,"LANGIT, REY (PDPLBN)",13,0.22 %
REGION VI,NEGROS OCCIDENTAL,CITY OF BACOLOD,TACULING,45010377,SENATOR,"LEGARDA, LOREN (NPC)",266,4.64 %
REGION VI,NEGROS OCCIDENTAL,CITY OF BACOLOD,TACULING,45010377,SENATOR,"LIM, ARIEL (IND)",10,0.17 %
REGION VI,NEGROS OCCIDENTAL,CITY OF BACOLOD,TACULING,45010377,SENATOR,"MALLILLIN, EMILY (PPM)",5,0.08 %
REGION VI,NEGROS OCCIDENTAL,CITY OF BACOLOD,TACULING,45010377,SENATOR,"MARCOLETA, RODANTE (PDPLBN)",23,0.40 %
REGION VI,NEGROS OCCIDENTAL,CITY OF BACOLOD,TACULING,45010377,SENATOR,"MARCOS, FRANCIS LEO (IND)",34,0.59 %
REGION VI,NEGROS OCCIDENTAL,CITY OF BACOLOD,TACULING,45010377,SENATOR,"MATULA, SONNY (IND)",70,1.22 %
REGION VI,NEGROS OCCIDENTAL,CITY OF BACOLOD,TACULING,45010377,SENATOR,"MINDALANO-ADAM,MARIETA(KTPNAN)",1,0.01 %
REGION VI,NEGROS OCCIDENTAL,CITY OF BACOLOD,TACULING,45010377,SENATOR,"OLARTE, ATTY/DR. LEO (BIGKIS)",10,0.17 %
REGION VI,NEGROS OCCIDENTAL,CITY OF BACOLOD,TACULING,45010377,SENATOR,"PADILLA, DRA. MINGUITA (PDR)",36,0.62 %
REGION VI,NEGROS OCCIDENTAL,CITY OF BACOLOD,TACULING,45010377,SENATOR,"PADILLA, ROBIN (PDPLBN)",220,3.84 %
REGION VI,NEGROS OCCIDENTAL,CITY OF BACOLOD,TACULING,45010377,SENATOR,"PANELO, SAL PANALO (PDPLBN)",57,0.99 %
REGION VI,NEGROS OCCIDENTAL,CITY OF BACOLOD,TACULING,45010377,SENATOR,"PIMENTEL, ASTRA (PDPLBN)",45,0.78 %
REGION VI,NEGROS OCCIDENTAL,CITY OF BACOLOD,TACULING,45010377,SENATOR,"PIÑOL, MANNY (NPC)",26,0.45 %
REGION VI,NEGROS OCCIDENTAL,CITY OF BACOLOD,TACULING,45010377,SENATOR,"RICABLANCA, WILLIE JR. (PM)",10,0.17 %
REGION VI,NEGROS OCCIDENTAL,CITY OF BACOLOD,TACULING,45010377,SENATOR,"ROQUE, HARRY SPOX (PRP)",85,1.48 %
REGION VI,NEGROS OCCIDENTAL,CITY OF BACOLOD,TACULING,45010377,SENATOR,"SAHIDULLA, LADY ANNE (PDDS)",1,0.01 %
REGION VI,NEGROS OCCIDENTAL,CITY OF BACOLOD,TACULING,45010377,SENATOR,"SISON, JOPET (AKSYON)",24,0.41 %
REGION VI,NEGROS OCCIDENTAL,CITY OF BACOLOD,TACULING,45010377,SENATOR,"TEODORO, GIBO (PRP)",182,3.17 %
REGION VI,NEGROS OCCIDENTAL,CITY OF BACOLOD,TACULING,45010377,SENATOR,"TRILLANES, ANTONIO IV (LP)",170,2.96 %
REGION VI,NEGROS OCCIDENTAL,CITY OF BACOLOD,TACULING,45010377,SENATOR,"TULFO, IDOL RAFFY (IND)",294,5.13 %
REGION VI,NEGROS OCCIDENTAL,CITY OF BACOLOD,TACULING,45010377,SENATOR,"VALEROS, REY (IND)",5,0.08 %
REGION VI,NEGROS OCCIDENTAL,CITY OF BACOLOD,TACULING,45010377,SENATOR,"VILLANUEVA,JOEL TESDAMAN (IND)",212,3.70 %
REGION VI,NEGROS OCCIDENTAL,CITY OF BACOLOD,TACULING,45010377,SENATOR,"VILLAR, MARK (NP)",200,3.49 %
REGION VI,NEGROS OCCIDENTAL,CITY OF BACOLOD,TACULING,45010377,SENATOR,"ZUBIAGA, CARMEN (IND)",45,0.78 %
REGION VI,NEGROS OCCIDENTAL,CITY OF BACOLOD,TACULING,45010377,SENATOR,"ZUBIRI, MIGZ (IND)",275,4.80 %
REGION VI,NEGROS OCCIDENTAL,CITY OF BACOLOD,TACULING,45010377,PARTYLIST,Candidate,Votes,Percentage
REGION VI,NEGROS OCCIDENTAL,CITY OF BACOLOD,TACULING,45010377,PARTYLIST,01 KAMALAYAN,2,0.45 %
REGION VI,NEGROS OCCIDENTAL,CITY OF BACOLOD,TACULING,45010377,PARTYLIST,02 KM NGAYON NA,0,0.00 %
REGION VI,NEGROS OCCIDENTAL,CITY OF BACOLOD,TACULING,45010377,PARTYLIST,03 PSIS,0,0.00 %
REGION VI,NEGROS OCCIDENTAL,CITY OF BACOLOD,TACULING,45010377,PARTYLIST,04 AGAP,3,0.67 %
REGION VI,NEGROS OCCIDENTAL,CITY OF BACOLOD,TACULING,45010377,PARTYLIST,05 KABAYAN,4,0.90 %
REGION VI,NEGROS OCCIDENTAL,CITY OF BACOLOD,TACULING,45010377,PARTYLIST,06 HOME OWNER,1,0.22 %
REGION VI,NEGROS OCCIDENTAL,CITY OF BACOLOD,TACULING,45010377,PARTYLIST,07 KAPUSO-PM,0,0.00 %
REGION VI,NEGROS OCCIDENTAL,CITY OF BACOLOD,TACULING,45010377,PARTYLIST,08 PDP CARES,0,0.00 %
REGION VI,NEGROS OCCIDENTAL,CITY OF BACOLOD,TACULING,45010377,PARTYLIST,09 MARVELOUS TAYO,0,0.00 %
REGION VI,NEGROS OCCIDENTAL,CITY OF BACOLOD,TACULING,45010377,PARTYLIST,10 AKO OFW,1,0.22 %
REGION VI,NEGROS OCCIDENTAL,CITY OF BACOLOD,TACULING,45010377,PARTYLIST,11 UNITED SENIOR CITIZEN,3,0.67 %
REGION VI,NEGROS OCCIDENTAL,CITY OF BACOLOD,TACULING,45010377,PARTYLIST,12 WOW PILIPINAS,0,0.00 %
REGION VI,NEGROS OCCIDENTAL,CITY OF BACOLOD,TACULING,45010377,PARTYLIST,13 ALTERNATIBA,0,0.00 %
REGION VI,NEGROS OCCIDENTAL,CITY OF BACOLOD,TACULING,45010377,PARTYLIST,14 1-RIDER PARTYLIST,11,2.48 %
REGION VI,NEGROS OCCIDENTAL,CITY OF BACOLOD,TACULING,45010377,PARTYLIST,15 1-CARE,0,0.00 %
REGION VI,NEGROS OCCIDENTAL,CITY OF BACOLOD,TACULING,45010377,PARTYLIST,16 ABP,0,0.00 %
REGION VI,NEGROS OCCIDENTAL,CITY OF BACOLOD,TACULING,45010377,PARTYLIST,17 AKO MUSIKERO,0,0.00 %
REGION VI,NEGROS OCCIDENTAL,CITY OF BACOLOD,TACULING,45010377,PARTYLIST,18 AKO BICOL,1,0.22 %
REGION VI,NEGROS OCCIDENTAL,CITY OF BACOLOD,TACULING,45010377,PARTYLIST,19 PRAI,7,1.58 %
REGION VI,NEGROS OCCIDENTAL,CITY OF BACOLOD,TACULING,45010377,PARTYLIST,20 4PS,4,0.90 %
REGION VI,NEGROS OCCIDENTAL,CITY OF BACOLOD,TACULING,45010377,PARTYLIST,21 MAAGAP,0,0.00 %
REGION VI,NEGROS OCCIDENTAL,CITY OF BACOLOD,TACULING,45010377,PARTYLIST,22 ABANTE PILIPINAS,0,0.00 %
REGION VI,NEGROS OCCIDENTAL,CITY OF BACOLOD,TACULING,45010377,PARTYLIST,23 AKTIBONG KAAGAPAY,0,0.00 %
REGION VI,NEGROS OCCIDENTAL,CITY OF BACOLOD,TACULING,45010377,PARTYLIST,24 ALSA BISAYA,1,0.22 %
REGION VI,NEGROS OCCIDENTAL,CITY OF BACOLOD,TACULING,45010377,PARTYLIST,25 PROBINSYANO AKO,2,0.45 %
REGION VI,NEGROS OCCIDENTAL,CITY OF BACOLOD,TACULING,45010377,PARTYLIST,26 YACAP,5,1.12 %
REGION VI,NEGROS OCCIDENTAL,CITY OF BACOLOD,TACULING,45010377,PARTYLIST,27 MAGDALO,4,0.90 %
REGION VI,NEGROS OCCIDENTAL,CITY OF BACOLOD,TACULING,45010377,PARTYLIST,28 ACT-CIS,28,6.32 %
REGION VI,NEGROS OCCIDENTAL,CITY OF BACOLOD,TACULING,45010377,PARTYLIST,29 HUGPONG FEDERAL,0,0.00 %
REGION VI,NEGROS OCCIDENTAL,CITY OF BACOLOD,TACULING,45010377,PARTYLIST,30 TGP,2,0.45 %
REGION VI,NEGROS OCCIDENTAL,CITY OF BACOLOD,TACULING,45010377,PARTYLIST,31 ONE COOP,1,0.22 %
REGION VI,NEGROS OCCIDENTAL,CITY OF BACOLOD,TACULING,45010377,PARTYLIST,32 BARKADAHAN,2,0.45 %
REGION VI,NEGROS OCCIDENTAL,CITY OF BACOLOD,TACULING,45010377,PARTYLIST,33 DUMPER PTDA,1,0.22 %
REGION VI,NEGROS OCCIDENTAL,CITY OF BACOLOD,TACULING,45010377,PARTYLIST,34 MALABUNG,0,0.00 %
REGION VI,NEGROS OCCIDENTAL,CITY OF BACOLOD,TACULING,45010377,PARTYLIST,35 BH (BAGONG HENERASYON),1,0.22 %
REGION VI,NEGROS OCCIDENTAL,CITY OF BACOLOD,TACULING,45010377,PARTYLIST,36 AKMA-PTM,0,0.00 %
REGION VI,NEGROS OCCIDENTAL,CITY OF BACOLOD,TACULING,45010377,PARTYLIST,37 IPATUPAD,0,0.00 %
REGION VI,NEGROS OCCIDENTAL,CITY OF BACOLOD,TACULING,45010377,PARTYLIST,38 PINUNO,1,0.22 %
REGION VI,NEGROS OCCIDENTAL,CITY OF BACOLOD,TACULING,45010377,PARTYLIST,39 LPGMA,0,0.00 %
REGION VI,NEGROS OCCIDENTAL,CITY OF BACOLOD,TACULING,45010377,PARTYLIST,40 CLICK PARTY,0,0.00 %
REGION VI,NEGROS OCCIDENTAL,CITY OF BACOLOD,TACULING,45010377,PARTYLIST,41 TODA,0,0.00 %
REGION VI,NEGROS OCCIDENTAL,CITY OF BACOLOD,TACULING,45010377,PARTYLIST,42 BHW,0,0.00 %
REGION VI,NEGROS OCCIDENTAL,CITY OF BACOLOD,TACULING,45010377,PARTYLIST,43 MALASAKIT@BAYANIHAN,64,14.44 %
REGION VI,NEGROS OCCIDENTAL,CITY OF BACOLOD,TACULING,45010377,PARTYLIST,44 ABS,0,0.00 %
REGION VI,NEGROS OCCIDENTAL,CITY OF BACOLOD,TACULING,45010377,PARTYLIST,45 PASAHERO PARTYLIST,0,0.00 %
REGION VI,NEGROS OCCIDENTAL,CITY OF BACOLOD,TACULING,45010377,PARTYLIST,46 ANGAT,6,1.35 %
REGION VI,NEGROS OCCIDENTAL,CITY OF BACOLOD,TACULING,45010377,PARTYLIST,47 SOLID-CHANGE,1,0.22 %
REGION VI,NEGROS OCCIDENTAL,CITY OF BACOLOD,TACULING,45010377,PARTYLIST,48 BICOL SARO,2,0.45 %
REGION VI,NEGROS OCCIDENTAL,CITY OF BACOLOD,TACULING,45010377,PARTYLIST,49 OFW,4,0.90 %
REGION VI,NEGROS OCCIDENTAL,CITY OF BACOLOD,TACULING,45010377,PARTYLIST,50 ANG PROBINSIYANO,5,1.12 %
REGION VI,NEGROS OCCIDENTAL,CITY OF BACOLOD,TACULING,45010377,PARTYLIST,51 ANAKALUSUGAN,0,0.00 %
REGION VI,NEGROS OCCIDENTAL,CITY OF BACOLOD,TACULING,45010377,PARTYLIST,52 PBA,0,0.00 %
REGION VI,NEGROS OCCIDENTAL,CITY OF BACOLOD,TACULING,45010377,PARTYLIST,53 PEACE,1,0.22 %
REGION VI,NEGROS OCCIDENTAL,CITY OF BACOLOD,TACULING,45010377,PARTYLIST,54 P3PWD,13,2.93 %
REGION VI,NEGROS OCCIDENTAL,CITY OF BACOLOD,TACULING,45010377,PARTYLIST,55 S.M.I.L.E,1,0.22 %
REGION VI,NEGROS OCCIDENTAL,CITY OF BACOLOD,TACULING,45010377,PARTYLIST,56 AAMBIS-OWA,0,0.00 %
REGION VI,NEGROS OCCIDENTAL,CITY OF BACOLOD,TACULING,45010377,PARTYLIST,57 BUTIL,0,0.00 %
REGION VI,NEGROS OCCIDENTAL,CITY OF BACOLOD,TACULING,45010377,PARTYLIST,58 LUNAS,0,0.00 %
REGION VI,NEGROS OCCIDENTAL,CITY OF BACOLOD,TACULING,45010377,PARTYLIST,59 ANG KOMADRONA,0,0.00 %
REGION VI,NEGROS OCCIDENTAL,CITY OF BACOLOD,TACULING,45010377,PARTYLIST,60 KABAKA,1,0.22 %
REGION VI,NEGROS OCCIDENTAL,CITY OF BACOLOD,TACULING,45010377,PARTYLIST,61 SAGIP,4,0.90 %
REGION VI,NEGROS OCCIDENTAL,CITY OF BACOLOD,TACULING,45010377,PARTYLIST,62 ANG KABUHAYAN,0,0.00 %
REGION VI,NEGROS OCCIDENTAL,CITY OF BACOLOD,TACULING,45010377,PARTYLIST,63 AKO I.P.,0,0.00 %
REGION VI,NEGROS OCCIDENTAL,CITY OF BACOLOD,TACULING,45010377,PARTYLIST,64 PHILRECA,0,0.00 %
REGION VI,NEGROS OCCIDENTAL,CITY OF BACOLOD,TACULING,45010377,PARTYLIST,65 BABAE AKO,1,0.22 %
REGION VI,NEGROS OCCIDENTAL,CITY OF BACOLOD,TACULING,45010377,PARTYLIST,66 KB,0,0.00 %
REGION VI,NEGROS OCCIDENTAL,CITY OF BACOLOD,TACULING,45010377,PARTYLIST,67 GABRIELA,9,2.03 %
REGION VI,NEGROS OCCIDENTAL,CITY OF BACOLOD,TACULING,45010377,PARTYLIST,68 KALINGA,5,1.12 %
REGION VI,NEGROS OCCIDENTAL,CITY OF BACOLOD,TACULING,45010377,PARTYLIST,69 STL,0,0.00 %
REGION VI,NEGROS OCCIDENTAL,CITY OF BACOLOD,TACULING,45010377,PARTYLIST,70 RECOBODA,0,0.00 %
REGION VI,NEGROS OCCIDENTAL,CITY OF BACOLOD,TACULING,45010377,PARTYLIST,71 ANGAT PINOY,1,0.22 %
REGION VI,NEGROS OCCIDENTAL,CITY OF BACOLOD,TACULING,45010377,PARTYLIST,72 ANAC-IP,0,0.00 %
REGION VI,NEGROS OCCIDENTAL,CITY OF BACOLOD,TACULING,45010377,PARTYLIST,73 DIWA,0,0.00 %
REGION VI,NEGROS OCCIDENTAL,CITY OF BACOLOD,TACULING,45010377,PARTYLIST,74 ASENSO PINOY,1,0.22 %
REGION VI,NEGROS OCCIDENTAL,CITY OF BACOLOD,TACULING,45010377,PARTYLIST,75 PPP,0,0.00 %
REGION VI,NEGROS OCCIDENTAL,CITY OF BACOLOD,TACULING,45010377,PARTYLIST,76 PAMILYA MUNA,1,0.22 %
REGION VI,NEGROS OCCIDENTAL,CITY OF BACOLOD,TACULING,45010377,PARTYLIST,77 AYUDA SANDUGO,1,0.22 %
REGION VI,NEGROS OCCIDENTAL,CITY OF BACOLOD,TACULING,45010377,PARTYLIST,78 BUKLOD FILIPINO,0,0.00 %
REGION VI,NEGROS OCCIDENTAL,CITY OF BACOLOD,TACULING,45010377,PARTYLIST,79 BTS,0,0.00 %
REGION VI,NEGROS OCCIDENTAL,CITY OF BACOLOD,TACULING,45010377,PARTYLIST,80 MOCHA,0,0.00 %
REGION VI,NEGROS OCCIDENTAL,CITY OF BACOLOD,TACULING,45010377,PARTYLIST,81 ACT TEACHERS,6,1.35 %
REGION VI,NEGROS OCCIDENTAL,CITY OF BACOLOD,TACULING,45010377,PARTYLIST,82 ALONA,0,0.00 %
REGION VI,NEGROS OCCIDENTAL,CITY OF BACOLOD,TACULING,45010377,PARTYLIST,83 KABALIKAT,0,0.00 %
REGION VI,NEGROS OCCIDENTAL,CITY OF BACOLOD,TACULING,45010377,PARTYLIST,84 ALIF,0,0.00 %
REGION VI,NEGROS OCCIDENTAL,CITY OF BACOLOD,TACULING,45010377,PARTYLIST,85 1-UTAP BICOL,0,0.00 %
REGION VI,NEGROS OCCIDENTAL,CITY OF BACOLOD,TACULING,45010377,PARTYLIST,86 TINGOG,1,0.22 %
REGION VI,NEGROS OCCIDENTAL,CITY OF BACOLOD,TACULING,45010377,PARTYLIST,87 H.E.L.P. PILIPINAS,0,0.00 %
REGION VI,NEGROS OCCIDENTAL,CITY OF BACOLOD,TACULING,45010377,PARTYLIST,88 TUCP,0,0.00 %
REGION VI,NEGROS OCCIDENTAL,CITY OF BACOLOD,TACULING,45010377,PARTYLIST,89 PTA,1,0.22 %
REGION VI,NEGROS OCCIDENTAL,CITY OF BACOLOD,TACULING,45010377,PARTYLIST,90 AGIMAT,1,0.22 %
REGION VI,NEGROS OCCIDENTAL,CITY OF BACOLOD,TACULING,45010377,PARTYLIST,91 KONTRA BROWNOUT,1,0.22 %
REGION VI,NEGROS OCCIDENTAL,CITY OF BACOLOD,TACULING,45010377,PARTYLIST,92 TULUNGAN TAYO,0,0.00 %
REGION VI,NEGROS OCCIDENTAL,CITY OF BACOLOD,TACULING,45010377,PARTYLIST,93 DUTERTE YOUTH,6,1.35 %
REGION VI,NEGROS OCCIDENTAL,CITY OF BACOLOD,TACULING,45010377,PARTYLIST,94 ABEKA,0,0.00 %
REGION VI,NEGROS OCCIDENTAL,CITY OF BACOLOD,TACULING,45010377,PARTYLIST,95 KABATAAN,7,1.58 %
REGION VI,NEGROS OCCIDENTAL,CITY OF BACOLOD,TACULING,45010377,PARTYLIST,97 ACTS-OFW,2,0.45 %
REGION VI,NEGROS OCCIDENTAL,CITY OF BACOLOD,TACULING,45010377,PARTYLIST,98 RAM,8,1.80 %
REGION VI,NEGROS OCCIDENTAL,CITY OF BACOLOD,TACULING,45010377,PARTYLIST,99 USWAG ILONGGO,20,4.51 %
REGION VI,NEGROS OCCIDENTAL,CITY OF BACOLOD,TACULING,45010377,PARTYLIST,100 AKO BISAYA,1,0.22 %
REGION VI,NEGROS OCCIDENTAL,CITY OF BACOLOD,TACULING,45010377,PARTYLIST,101 KAPAMILYA,2,0.45 %
REGION VI,NEGROS OCCIDENTAL,CITY OF BACOLOD,TACULING,45010377,PARTYLIST,102 PUSONG PINOY,1,0.22 %
REGION VI,NEGROS OCCIDENTAL,CITY OF BACOLOD,TACULING,45010377,PARTYLIST,103 CWS,0,0.00 %
REGION VI,NEGROS OCCIDENTAL,CITY OF BACOLOD,TACULING,45010377,PARTYLIST,104 SILBI,1,0.22 %
REGION VI,NEGROS OCCIDENTAL,CITY OF BACOLOD,TACULING,45010377,PARTYLIST,105 CIBAC,4,0.90 %
REGION VI,NEGROS OCCIDENTAL,CITY OF BACOLOD,TACULING,45010377,PARTYLIST,106 SUBANEN,0,0.00 %
REGION VI,NEGROS OCCIDENTAL,CITY OF BACOLOD,TACULING,45010377,PARTYLIST,107 AKKK,0,0.00 %
REGION VI,NEGROS OCCIDENTAL,CITY OF BACOLOD,TACULING,45010377,PARTYLIST,108 BG PARTY-LIST,0,0.00 %
REGION VI,NEGROS OCCIDENTAL,CITY OF BACOLOD,TACULING,45010377,PARTYLIST,109 PAMILYANG MAGSASAKA,2,0.45 %
REGION VI,NEGROS OCCIDENTAL,CITY OF BACOLOD,TACULING,45010377,PARTYLIST,110 COOP NATCCO,3,0.67 %
REGION VI,NEGROS OCCIDENTAL,CITY OF BACOLOD,TACULING,45010377,PARTYLIST,111 FRONTLINERS ANG BIDA,0,0.00 %
REGION VI,NEGROS OCCIDENTAL,CITY OF BACOLOD,TACULING,45010377,PARTYLIST,112 KASAMA,0,0.00 %
REGION VI,NEGROS OCCIDENTAL,CITY OF BACOLOD,TACULING,45010377,PARTYLIST,113 AKO BISDAK,0,0.00 %
REGION VI,NEGROS OCCIDENTAL,CITY OF BACOLOD,TACULING,45010377,PARTYLIST,114 GP PARTY,0,0.00 %
REGION VI,NEGROS OCCIDENTAL,CITY OF BACOLOD,TACULING,45010377,PARTYLIST,115 BAHAY,0,0.00 %
REGION VI,NEGROS OCCIDENTAL,CITY OF BACOLOD,TACULING,45010377,PARTYLIST,116 MAGSASAKA,3,0.67 %
REGION VI,NEGROS OCCIDENTAL,CITY OF BACOLOD,TACULING,45010377,PARTYLIST,117 MARINO,1,0.22 %
REGION VI,NEGROS OCCIDENTAL,CITY OF BACOLOD,TACULING,45010377,PARTYLIST,118 UNITED FRONTLINERS,0,0.00 %
REGION VI,NEGROS OCCIDENTAL,CITY OF BACOLOD,TACULING,45010377,PARTYLIST,119 L.O.G.R.O. KUSINERO,0,0.00 %
REGION VI,NEGROS OCCIDENTAL,CITY OF BACOLOD,TACULING,45010377,PARTYLIST,120 BPO,3,0.67 %
REGION VI,NEGROS OCCIDENTAL,CITY OF BACOLOD,TACULING,45010377,PARTYLIST,121 ABANG LINGKOD,114,25.73 %
REGION VI,NEGROS OCCIDENTAL,CITY OF BACOLOD,TACULING,45010377,PARTYLIST,122 KUSUG TAUSUG,0,0.00 %
REGION VI,NEGROS OCCIDENTAL,CITY OF BACOLOD,TACULING,45010377,PARTYLIST,123 PLM,2,0.45 %
REGION VI,NEGROS OCCIDENTAL,CITY OF BACOLOD,TACULING,45010377,PARTYLIST,124 OK PARTYLIST,0,0.00 %
REGION VI,NEGROS OCCIDENTAL,CITY OF BACOLOD,TACULING,45010377,PARTYLIST,125 A TEACHER,2,0.45 %
REGION VI,NEGROS OCCIDENTAL,CITY OF BACOLOD,TACULING,45010377,PARTYLIST,126 PASADA-CC,0,0.00 %
REGION VI,NEGROS OCCIDENTAL,CITY OF BACOLOD,TACULING,45010377,PARTYLIST,127 OFW FAMILY,1,0.22 %
REGION VI,NEGROS OCCIDENTAL,CITY OF BACOLOD,TACULING,45010377,PARTYLIST,128 ANGKLA,2,0.45 %
REGION VI,NEGROS OCCIDENTAL,CITY OF BACOLOD,TACULING,45010377,PARTYLIST,129 COCOMAN,0,0.00 %
REGION VI,NEGROS OCCIDENTAL,CITY OF BACOLOD,TACULING,45010377,PARTYLIST,130 ACT AS ONE,1,0.22 %
REGION VI,NEGROS OCCIDENTAL,CITY OF BACOLOD,TACULING,45010377,PARTYLIST,131 AKO ILOCANO AKO,5,1.12 %
REGION VI,NEGROS OCCIDENTAL,CITY OF BACOLOD,TACULING,45010377,PARTYLIST,132 TRABAHO,0,0.00 %
REGION VI,NEGROS OCCIDENTAL,CITY OF BACOLOD,TACULING,45010377,PARTYLIST,133 PATROL,1,0.22 %
REGION VI,NEGROS OCCIDENTAL,CITY OF BACOLOD,TACULING,45010377,PARTYLIST,134 AKO PADAYON,1,0.22 %
REGION VI,NEGROS OCCIDENTAL,CITY OF BACOLOD,TACULING,45010377,PARTYLIST,135 ABONO,0,0.00 %
REGION VI,NEGROS OCCIDENTAL,CITY OF BACOLOD,TACULING,45010377,PARTYLIST,136 MANILA TEACHERS,1,0.22 %
REGION VI,NEGROS OCCIDENTAL,CITY OF BACOLOD,TACULING,45010377,PARTYLIST,137 KOOP-KAMPI,0,0.00 %
REGION VI,NEGROS OCCIDENTAL,CITY OF BACOLOD,TACULING,45010377,PARTYLIST,138 MAYPAGASA,1,0.22 %
REGION VI,NEGROS OCCIDENTAL,CITY OF BACOLOD,TACULING,45010377,PARTYLIST,139 PVAID,0,0.00 %
REGION VI,NEGROS OCCIDENTAL,CITY OF BACOLOD,TACULING,45010377,PARTYLIST,140 TUTOK TO WIN,3,0.67 %
REGION VI,NEGROS OCCIDENTAL,CITY OF BACOLOD,TACULING,45010377,PARTYLIST,141 BAYAN MUNA,0,0.00 %
REGION VI,NEGROS OCCIDENTAL,CITY OF BACOLOD,TACULING,45010377,PARTYLIST,142 API,0,0.00 %
REGION VI,NEGROS OCCIDENTAL,CITY OF BACOLOD,TACULING,45010377,PARTYLIST,143 ARTE,1,0.22 %
REGION VI,NEGROS OCCIDENTAL,CITY OF BACOLOD,TACULING,45010377,PARTYLIST,144 ASAP,0,0.00 %
REGION VI,NEGROS OCCIDENTAL,CITY OF BACOLOD,TACULING,45010377,PARTYLIST,145 BUNYOG,1,0.22 %
REGION VI,NEGROS OCCIDENTAL,CITY OF BACOLOD,TACULING,45010377,PARTYLIST,146 AKBAYAN,4,0.90 %
REGION VI,NEGROS OCCIDENTAL,CITY OF BACOLOD,TACULING,45010377,PARTYLIST,147 DAMAYAN,0,0.00 %
REGION VI,NEGROS OCCIDENTAL,CITY OF BACOLOD,TACULING,45010377,PARTYLIST,148 WIFI,0,0.00 %
REGION VI,NEGROS OCCIDENTAL,CITY OF BACOLOD,TACULING,45010377,PARTYLIST,149 CANCER PARTY LIST,0,0.00 %
REGION VI,NEGROS OCCIDENTAL,CITY OF BACOLOD,TACULING,45010377,PARTYLIST,150 1-ANG EDUKASYON,1,0.22 %
REGION VI,NEGROS OCCIDENTAL,CITY OF BACOLOD,TACULING,45010377,PARTYLIST,151 UFCC,0,0.00 %
REGION VI,NEGROS OCCIDENTAL,CITY OF BACOLOD,TACULING,45010377,PARTYLIST,152 AGRI,3,0.67 %
REGION VI,NEGROS OCCIDENTAL,CITY OF BACOLOD,TACULING,45010377,PARTYLIST,153 MAHARLIKA,0,0.00 %
REGION VI,NEGROS OCCIDENTAL,CITY OF BACOLOD,TACULING,45010377,PARTYLIST,154 ANAKPAWIS,0,0.00 %
REGION VI,NEGROS OCCIDENTAL,CITY OF BACOLOD,TACULING,45010377,PARTYLIST,155 1TAHANAN,0,0.00 %
REGION VI,NEGROS OCCIDENTAL,CITY OF BACOLOD,TACULING,45010377,PARTYLIST,156 TURISMO,0,0.00 %
REGION VI,NEGROS OCCIDENTAL,CITY OF BACOLOD,TACULING,45010377,PARTYLIST,157 APEC,0,0.00 %
REGION VI,NEGROS OCCIDENTAL,CITY OF BACOLOD,TACULING,45010377,PARTYLIST,158 SENIOR CITIZENS PARTYLIST,3,0.67 %
REGION VI,NEGROS OCCIDENTAL,CITY OF BACOLOD,TACULING,45010377,PARTYLIST,159 AASENSO,1,0.22 %
REGION VI,NEGROS OCCIDENTAL,CITY OF BACOLOD,TACULING,45010377,PARTYLIST,160 AMIN,0,0.00 %
REGION VI,NEGROS OCCIDENTAL,CITY OF BACOLOD,TACULING,45010377,PARTYLIST,161 1-PACMAN,4,0.90 %
REGION VI,NEGROS OCCIDENTAL,CITY OF BACOLOD,TACULING,45010377,PARTYLIST,162 ABB-NFCPI,0,0.00 %
REGION VI,NEGROS OCCIDENTAL,CITY OF BACOLOD,TACULING,45010377,PARTYLIST,163 AN WARAY,1,0.22 %
REGION VI,NEGROS OCCIDENTAL,CITY OF BACOLOD,TACULING,45010377,PARTYLIST,164 AP PARTYLIST,0,0.00 %
REGION VI,NEGROS OCCIDENTAL,CITY OF BACOLOD,TACULING,45010377,PARTYLIST,165 AKAP PINOY,0,0.00 %
REGION VI,NEGROS OCCIDENTAL,CITY OF BACOLOD,TACULING,45010377,PARTYLIST,166 BUHAY,0,0.00 %
REGION VI,NEGROS OCCIDENTAL,CITY OF BACOLOD,TACULING,45010377,PARTYLIST,167 ARISE,0,0.00 %
REGION VI,NEGROS OCCIDENTAL,CITY OF BACOLOD,TACULING,45010377,PARTYLIST,168 IWI,0,0.00 %
REGION VI,NEGROS OCCIDENTAL,CITY OF BACOLOD,TACULING,45010377,PARTYLIST,169 ANG TINIG NG SENIORS,1,0.22 %
REGION VI,NEGROS OCCIDENTAL,CITY OF BACOLOD,TACULING,45010377,PARTYLIST,170 LBP,0,0.00 %
REGION VI,NEGROS OCCIDENTAL,CITY OF BACOLOD,TACULING,45010377,PARTYLIST,171 IPEACE EPANAW,0,0.00 %
REGION VI,NEGROS OCCIDENTAL,CITY OF BACOLOD,TACULING,45010377,PARTYLIST,172 APAT-DAPAT,0,0.00 %
REGION VI,NEGROS OCCIDENTAL,CITY OF BACOLOD,TACULING,45010377,PARTYLIST,173 UMA ILONGGO,6,1.35 %
REGION VI,NEGROS OCCIDENTAL,CITY OF BACOLOD,TACULING,45010377,PARTYLIST,174 AYUDA,0,0.00 %
REGION VI,NEGROS OCCIDENTAL,CITY OF BACOLOD,TACULING,45010377,PARTYLIST,175 SAMBAYANAN,2,0.45 %
REGION VI,NEGROS OCCIDENTAL,CITY OF BACOLOD,TACULING,45010377,PARTYLIST,176 AKO BREEDER,1,0.22 %
REGION VI,NEGROS OCCIDENTAL,CITY OF BACOLOD,TACULING,45010377,PARTYLIST,177 FPJ,0,0.00 %
REGION VI,NEGROS OCCIDENTAL,CITY OF BACOLOD,TACULING,45010377,PARTYLIST,178 LIBRO,0,0.00 %
REGION VI,NEGROS OCCIDENTAL,CITY OF BACOLOD,TACULING,45010377,REP,Candidate,Votes,Percentage
REGION VI,NEGROS OCCIDENTAL,CITY OF BACOLOD,TACULING,45010377,REP,"ATAYDE, DAN (IND)",194,30.50 %
REGION VI,NEGROS OCCIDENTAL,CITY OF BACOLOD,TACULING,45010377,REP,"DAVID, WILLY (IND)",0,0.00 %
REGION VI,NEGROS OCCIDENTAL,CITY OF BACOLOD,TACULING,45010377,REP,"GASATAYA, GREG (NPC)",441,69.33 %
REGION VI,NEGROS OCCIDENTAL,CITY OF BACOLOD,TACULING,45010377,REP,"GUSTILO, ROMY (IND)",1,0.15 %
REGION VI,NEGROS OCCIDENTAL,CITY OF BACOLOD,TACULING,45010377,REP,"SAN MIGUEL, NONONG (PDDS)",0,0.00 %
REGION VI,NEGROS OCCIDENTAL,CITY OF BACOLOD,TACULING,45010377,MAYOR,Candidate,Votes,Percentage
REGION VI,NEGROS OCCIDENTAL,CITY OF BACOLOD,TACULING,45010377,MAYOR,"BENITEZ, ALBEE (PDPLBN)",352,53.65 %
REGION VI,NEGROS OCCIDENTAL,CITY OF BACOLOD,TACULING,45010377,MAYOR,"LEONARDIA, BING (NP)",304,46.34 %
REGION VI,NEGROS OCCIDENTAL,CITY OF BACOLOD,TACULING,45010377,VICE_MAYOR,Candidate,Votes,Percentage
REGION VI,NEGROS OCCIDENTAL,CITY OF BACOLOD,TACULING,45010377,VICE_MAYOR,"DISTRITO, CAESAR (PDPLBN)",181,29.09 %
REGION VI,NEGROS OCCIDENTAL,CITY OF BACOLOD,TACULING,45010377,VICE_MAYOR,"FAMILIARAN, EL CID (NP)",366,58.84 %
REGION VI,NEGROS OCCIDENTAL,CITY OF BACOLOD,TACULING,45010377,VICE_MAYOR,"GAMBOA, WILSON JR. (IND)",75,12.05 %
REGION VI,NEGROS OCCIDENTAL,CITY OF BACOLOD,TACULING,45010377,SP,Candidate,Votes,Percentage
REGION VI,NEGROS OCCIDENTAL,CITY OF BACOLOD,TACULING,45010377,SP,"ANG, EM (NP)",293,4.84 %
REGION VI,NEGROS OCCIDENTAL,CITY OF BACOLOD,TACULING,45010377,SP,"ARROYO, ALAN (IND)",33,0.54 %
REGION VI,NEGROS OCCIDENTAL,CITY OF BACOLOD,TACULING,45010377,SP,"AUJERO, JORGE THE WISE (IND)",10,0.16 %
REGION VI,NEGROS OCCIDENTAL,CITY OF BACOLOD,TACULING,45010377,SP,"BAIS, HOMER (PDPLBN)",196,3.23 %
REGION VI,NEGROS OCCIDENTAL,CITY OF BACOLOD,TACULING,45010377,SP,"BARIBAR, ARCHIE (PROMDI)",217,3.58 %
REGION VI,NEGROS OCCIDENTAL,CITY OF BACOLOD,TACULING,45010377,SP,"BELARIO, 007 (IND)",16,0.26 %
REGION VI,NEGROS OCCIDENTAL,CITY OF BACOLOD,TACULING,45010377,SP,"BELORIA, TOTO CESAR (IND)",63,1.04 %
REGION VI,NEGROS OCCIDENTAL,CITY OF BACOLOD,TACULING,45010377,SP,"CONTRERAS, LR (PRP)",25,0.41 %
REGION VI,NEGROS OCCIDENTAL,CITY OF BACOLOD,TACULING,45010377,SP,"DIAZ, JONATHAN JR. (NP)",145,2.39 %
REGION VI,NEGROS OCCIDENTAL,CITY OF BACOLOD,TACULING,45010377,SP,"DISTRITO, SIMPLE (PDPLBN)",200,3.30 %
REGION VI,NEGROS OCCIDENTAL,CITY OF BACOLOD,TACULING,45010377,SP,"ESPINO, AL (NPC)",296,4.89 %
REGION VI,NEGROS OCCIDENTAL,CITY OF BACOLOD,TACULING,45010377,SP,"FLOR, CELIA (IND)",239,3.94 %
REGION VI,NEGROS OCCIDENTAL,CITY OF BACOLOD,TACULING,45010377,SP,"GICO, VIC (IND)",23,0.37 %
REGION VI,NEGROS OCCIDENTAL,CITY OF BACOLOD,TACULING,45010377,SP,"GONZALEZ, VLADI (PDPLBN)",258,4.26 %
REGION VI,NEGROS OCCIDENTAL,CITY OF BACOLOD,TACULING,45010377,SP,"GUILLEM, ED (NP)",148,2.44 %
REGION VI,NEGROS OCCIDENTAL,CITY OF BACOLOD,TACULING,45010377,SP,"HERMOSURA, BONG (IND)",33,0.54 %
REGION VI,NEGROS OCCIDENTAL,CITY OF BACOLOD,TACULING,45010377,SP,"JAUOD, JIFFY (IND)",23,0.37 %
REGION VI,NEGROS OCCIDENTAL,CITY OF BACOLOD,TACULING,45010377,SP,"LACSON, PATRICK (PDPLBN)",208,3.43 %
REGION VI,NEGROS OCCIDENTAL,CITY OF BACOLOD,TACULING,45010377,SP,"LOPEZ, CARL (NP)",213,3.51 %
REGION VI,NEGROS OCCIDENTAL,CITY OF BACOLOD,TACULING,45010377,SP,"MAYO, MARK STEVEN (NPC)",66,1.09 %
REGION VI,NEGROS OCCIDENTAL,CITY OF BACOLOD,TACULING,45010377,SP,"MONTALVO, CASH (NP)",195,3.22 %
REGION VI,NEGROS OCCIDENTAL,CITY OF BACOLOD,TACULING,45010377,SP,"NACIONALES, FERMIN (IND)",18,0.29 %
REGION VI,NEGROS OCCIDENTAL,CITY OF BACOLOD,TACULING,45010377,SP,"NOVERO, RENECITO (NP)",272,4.49 %
REGION VI,NEGROS OCCIDENTAL,CITY OF BACOLOD,TACULING,45010377,SP,"OROLA, BART (PDPLBN)",188,3.10 %
REGION VI,NEGROS OCCIDENTAL,CITY OF BACOLOD,TACULING,45010377,SP,"PADIOS, EDUARDO (PPM)",57,0.94 %
REGION VI,NEGROS OCCIDENTAL,CITY OF BACOLOD,TACULING,45010377,SP,"PUENTEVELLA, KALAW (PROMDI)",184,3.03 %
REGION VI,NEGROS OCCIDENTAL,CITY OF BACOLOD,TACULING,45010377,SP,"RAMOS, DINDO (NP)",229,3.78 %
REGION VI,NEGROS OCCIDENTAL,CITY OF BACOLOD,TACULING,45010377,SP,"ROJAS, CINDY (NP)",319,5.27 %
REGION VI,NEGROS OCCIDENTAL,CITY OF BACOLOD,TACULING,45010377,SP,"SALANGA, ISRAEL (NP)",305,5.03 %
REGION VI,NEGROS OCCIDENTAL,CITY OF BACOLOD,TACULING,45010377,SP,"SAYSON, THADDY (PDPLBN)",299,4.93 %
REGION VI,NEGROS OCCIDENTAL,CITY OF BACOLOD,TACULING,45010377,SP,"SOLIDUM, MARLON (NPC)",228,3.76 %
REGION VI,NEGROS OCCIDENTAL,CITY OF BACOLOD,TACULING,45010377,SP,"SORONGON, CHRIS (NP)",214,3.53 %
REGION VI,NEGROS OCCIDENTAL,CITY OF BACOLOD,TACULING,45010377,SP,"SY, PAO (NPC)",198,3.27 %
REGION VI,NEGROS OCCIDENTAL,CITY OF BACOLOD,TACULING,45010377,SP,"TAN, CANO GWAPO (AKSYON)",147,2.42 %
REGION VI,NEGROS OCCIDENTAL,CITY OF BACOLOD,TACULING,45010377,SP,"VERDEFLOR, SONYA (UNEGA)",174,2.87 %
REGION VI,NEGROS OCCIDENTAL,CITY OF BACOLOD,TACULING,45010377,SP,"VILLAFUERTE, RICO (IND)",39,0.64 %
REGION VI,NEGROS OCCIDENTAL,CITY OF BACOLOD,TACULING,45010377,SP,"VILLAROSA, JASON (LAKAS)",249,4.11 %
REGION VI,NEGROS OCCIDENTAL,CITY OF BACOLOD,TACULING,45010377,SP,"WEBER, CHRISTIAN (IND)",33,0.54 %
region,province,city,barangay,precinct,position,candidate,votes,percentage
REGION VI,NEGROS OCCIDENTAL,CITY OF BACOLOD,TACULING,45010378,PRESIDENT,Candidate,Votes,Percentage
REGION VI,NEGROS OCCIDENTAL,CITY OF BACOLOD,TACULING,45010378,PRESIDENT,"ABELLA, ERNIE (IND)",3,0.44 %
REGION VI,NEGROS OCCIDENTAL,CITY OF BACOLOD,TACULING,45010378,PRESIDENT,"DE GUZMAN, LEODY (PLM)",4,0.58 %
REGION VI,NEGROS OCCIDENTAL,CITY OF BACOLOD,TACULING,45010378,PRESIDENT,"DOMAGOSO, ISKO MORENO (AKSYON)",21,3.08 %
REGION VI,NEGROS OCCIDENTAL,CITY OF BACOLOD,TACULING,45010378,PRESIDENT,"GONZALES, NORBERTO (PDSP)",2,0.29 %
REGION VI,NEGROS OCCIDENTAL,CITY OF BACOLOD,TACULING,45010378,PRESIDENT,"LACSON, PING (PDR)",16,2.35 %
REGION VI,NEGROS OCCIDENTAL,CITY OF BACOLOD,TACULING,45010378,PRESIDENT,"MANGONDATO, FAISAL (KTPNAN)",0,0.00 %
REGION VI,NEGROS OCCIDENTAL,CITY OF BACOLOD,TACULING,45010378,PRESIDENT,"MARCOS, BONGBONG (PFP)",292,42.94 %
REGION VI,NEGROS OCCIDENTAL,CITY OF BACOLOD,TACULING,45010378,PRESIDENT,"MONTEMAYOR, JOSE JR. (DPP)",1,0.14 %
REGION VI,NEGROS OCCIDENTAL,CITY OF BACOLOD,TACULING,45010378,PRESIDENT,"PACQUIAO, MANNY PACMAN(PROMDI)",41,6.02 %
REGION VI,NEGROS OCCIDENTAL,CITY OF BACOLOD,TACULING,45010378,PRESIDENT,"ROBREDO, LENI (IND)",300,44.11 %
REGION VI,NEGROS OCCIDENTAL,CITY OF BACOLOD,TACULING,45010378,VICE_PRESIDENT,Candidate,Votes,Percentage
REGION VI,NEGROS OCCIDENTAL,CITY OF BACOLOD,TACULING,45010378,VICE_PRESIDENT,"ATIENZA, LITO (PROMDI)",5,0.74 %
REGION VI,NEGROS OCCIDENTAL,CITY OF BACOLOD,TACULING,45010378,VICE_PRESIDENT,"BELLO, WALDEN (PLM)",3,0.44 %
REGION VI,NEGROS OCCIDENTAL,CITY OF BACOLOD,TACULING,45010378,VICE_PRESIDENT,"DAVID, RIZALITO (DPP)",0,0.00 %
REGION VI,NEGROS OCCIDENTAL,CITY OF BACOLOD,TACULING,45010378,VICE_PRESIDENT,"DUTERTE, SARA (LAKAS)",324,48.28 %
REGION VI,NEGROS OCCIDENTAL,CITY OF BACOLOD,TACULING,45010378,VICE_PRESIDENT,"LOPEZ, MANNY SD (WPP)",2,0.29 %
REGION VI,NEGROS OCCIDENTAL,CITY OF BACOLOD,TACULING,45010378,VICE_PRESIDENT,"ONG, DOC WILLIE (AKSYON)",19,2.83 %
REGION VI,NEGROS OCCIDENTAL,CITY OF BACOLOD,TACULING,45010378,VICE_PRESIDENT,"PANGILINAN, KIKO (LP)",208,30.99 %
REGION VI,NEGROS OCCIDENTAL,CITY OF BACOLOD,TACULING,45010378,VICE_PRESIDENT,"SERAPIO, CARLOS (KTPNAN)",0,0.00 %
REGION VI,NEGROS OCCIDENTAL,CITY OF BACOLOD,TACULING,45010378,VICE_PRESIDENT,"SOTTO, VICENTE TITO (NPC)",110,16.39 %
REGION VI,NEGROS OCCIDENTAL,CITY OF BACOLOD,TACULING,45010378,SENATOR,Candidate,Votes,Percentage
REGION VI,NEGROS OCCIDENTAL,CITY OF BACOLOD,TACULING,45010378,SENATOR,"AFUANG, ABNER (IND)",19,0.30 %
REGION VI,NEGROS OCCIDENTAL,CITY OF BACOLOD,TACULING,45010378,SENATOR,"ALBANI, IBRAHIM (WPP)",12,0.19 %
REGION VI,NEGROS OCCIDENTAL,CITY OF BACOLOD,TACULING,45010378,SENATOR,"ARRANZA, MANG JESS (IND)",8,0.12 %
REGION VI,NEGROS OCCIDENTAL,CITY OF BACOLOD,TACULING,45010378,SENATOR,"BAGUILAT, TEDDY (LP)",100,1.61 %
REGION VI,NEGROS OCCIDENTAL,CITY OF BACOLOD,TACULING,45010378,SENATOR,"BAILEN, AGNES (IND)",16,0.25 %
REGION VI,NEGROS OCCIDENTAL,CITY OF BACOLOD,TACULING,45010378,SENATOR,"BALITA, CARL (AKSYON)",43,0.69 %
REGION VI,NEGROS OCCIDENTAL,CITY OF BACOLOD,TACULING,45010378,SENATOR,"BARBO, LUTZ (PDPLBN)",8,0.12 %
REGION VI,NEGROS OCCIDENTAL,CITY OF BACOLOD,TACULING,45010378,SENATOR,"BAUTISTA, HERBERT BISTEK (NPC)",135,2.17 %
REGION VI,NEGROS OCCIDENTAL,CITY OF BACOLOD,TACULING,45010378,SENATOR,"BELGICA, GRECO (PDDS)",25,0.40 %
REGION VI,NEGROS OCCIDENTAL,CITY OF BACOLOD,TACULING,45010378,SENATOR,"BELLO, SILVESTRE JR. (PDPLBN)",24,0.38 %
REGION VI,NEGROS OCCIDENTAL,CITY OF BACOLOD,TACULING,45010378,SENATOR,"BINAY, JOJO (UNA)",117,1.88 %
REGION VI,NEGROS OCCIDENTAL,CITY OF BACOLOD,TACULING,45010378,SENATOR,"CABONEGRO, ROY (PLM)",12,0.19 %
REGION VI,NEGROS OCCIDENTAL,CITY OF BACOLOD,TACULING,45010378,SENATOR,"CASTRICIONES, BRO JOHN(PDPLBN)",12,0.19 %
REGION VI,NEGROS OCCIDENTAL,CITY OF BACOLOD,TACULING,45010378,SENATOR,"CAYETANO, ALAN PETER (IND)",268,4.32 %
REGION VI,NEGROS OCCIDENTAL,CITY OF BACOLOD,TACULING,45010378,SENATOR,"CHAVEZ, MELCHOR (WPP)",6,0.09 %
REGION VI,NEGROS OCCIDENTAL,CITY OF BACOLOD,TACULING,45010378,SENATOR,"COLMENARES, NERI (MKBYN)",198,3.19 %
REGION VI,NEGROS OCCIDENTAL,CITY OF BACOLOD,TACULING,45010378,SENATOR,"D'ANGELO, DAVID (PLM)",7,0.11 %
REGION VI,NEGROS OCCIDENTAL,CITY OF BACOLOD,TACULING,45010378,SENATOR,"DE LIMA, LEILA (LP)",161,2.59 %
REGION VI,NEGROS OCCIDENTAL,CITY OF BACOLOD,TACULING,45010378,SENATOR,"DEL ROSARIO, MONSOUR (PDR)",89,1.43 %
REGION VI,NEGROS OCCIDENTAL,CITY OF BACOLOD,TACULING,45010378,SENATOR,"DIAZ, DING (PPP)",21,0.33 %
REGION VI,NEGROS OCCIDENTAL,CITY OF BACOLOD,TACULING,45010378,SENATOR,"DIOKNO, CHEL (KANP)",239,3.85 %
REGION VI,NEGROS OCCIDENTAL,CITY OF BACOLOD,TACULING,45010378,SENATOR,"EJERCITO, JV ESTRADA (NPC)",174,2.80 %
REGION VI,NEGROS OCCIDENTAL,CITY OF BACOLOD,TACULING,45010378,SENATOR,"ELEAZAR, GEN. GUILLERMO (PDR)",141,2.27 %
REGION VI,NEGROS OCCIDENTAL,CITY OF BACOLOD,TACULING,45010378,SENATOR,"EREÑO, BRO. ERNIE (PM)",13,0.20 %
REGION VI,NEGROS OCCIDENTAL,CITY OF BACOLOD,TACULING,45010378,SENATOR,"ESCUDERO, CHIZ (NPC)",264,4.26 %
REGION VI,NEGROS OCCIDENTAL,CITY OF BACOLOD,TACULING,45010378,SENATOR,"ESPIRITU, LUKE (PLM)",118,1.90 %
REGION VI,NEGROS OCCIDENTAL,CITY OF BACOLOD,TACULING,45010378,SENATOR,"ESTRADA, JINGGOY (PMP)",127,2.05 %
REGION VI,NEGROS OCCIDENTAL,CITY OF BACOLOD,TACULING,45010378,SENATOR,"FALCONE, BAL FALCON (DPP)",9,0.14 %
REGION VI,NEGROS OCCIDENTAL,CITY OF BACOLOD,TACULING,45010378,SENATOR,"GADON, LARRY (KBL)",105,1.69 %
REGION VI,NEGROS OCCIDENTAL,CITY OF BACOLOD,TACULING,45010378,SENATOR,"GATCHALIAN, WIN (NPC)",266,4.29 %
REGION VI,NEGROS OCCIDENTAL,CITY OF BACOLOD,TACULING,45010378,SENATOR,"GORDON, WOW DICK (BVNP)",162,2.61 %
REGION VI,NEGROS OCCIDENTAL,CITY OF BACOLOD,TACULING,45010378,SENATOR,"GUTOC, SAMIRA (AKSYON)",31,0.50 %
REGION VI,NEGROS OCCIDENTAL,CITY OF BACOLOD,TACULING,45010378,SENATOR,"HONASAN, GRINGO (IND)",134,2.16 %
REGION VI,NEGROS OCCIDENTAL,CITY OF BACOLOD,TACULING,45010378,SENATOR,"HONTIVEROS, RISA (AKBAYAN)",290,4.68 %
REGION VI,NEGROS OCCIDENTAL,CITY OF BACOLOD,TACULING,45010378,SENATOR,"JAVELLANA, RJ (IND)",11,0.17 %
REGION VI,NEGROS OCCIDENTAL,CITY OF BACOLOD,TACULING,45010378,SENATOR,"KIRAM, NUR-MAHAL (IND)",9,0.14 %
REGION VI,NEGROS OCCIDENTAL,CITY OF BACOLOD,TACULING,45010378,SENATOR,"LABOG, ELMER (MKBYN)",31,0.50 %
REGION VI,NEGROS OCCIDENTAL,CITY OF BACOLOD,TACULING,45010378,SENATOR,"LACSON, KUYA ALEX (KP)",163,2.63 %
REGION VI,NEGROS OCCIDENTAL,CITY OF BACOLOD,TACULING,45010378,SENATOR,"LANGIT, REY (PDPLBN)",17,0.27 %
REGION VI,NEGROS OCCIDENTAL,CITY OF BACOLOD,TACULING,45010378,SENATOR,"LEGARDA, LOREN (NPC)",284,4.58 %
REGION VI,NEGROS OCCIDENTAL,CITY OF BACOLOD,TACULING,45010378,SENATOR,"LIM, ARIEL (IND)",12,0.19 %
REGION VI,NEGROS OCCIDENTAL,CITY OF BACOLOD,TACULING,45010378,SENATOR,"MALLILLIN, EMILY (PPM)",8,0.12 %
REGION VI,NEGROS OCCIDENTAL,CITY OF BACOLOD,TACULING,45010378,SENATOR,"MARCOLETA, RODANTE (PDPLBN)",39,0.62 %
REGION VI,NEGROS OCCIDENTAL,CITY OF BACOLOD,TACULING,45010378,SENATOR,"MARCOS, FRANCIS LEO (IND)",50,0.80 %
REGION VI,NEGROS OCCIDENTAL,CITY OF BACOLOD,TACULING,45010378,SENATOR,"MATULA, SONNY (IND)",78,1.25 %
REGION VI,NEGROS OCCIDENTAL,CITY OF BACOLOD,TACULING,45010378,SENATOR,"MINDALANO-ADAM,MARIETA(KTPNAN)",9,0.14 %
REGION VI,NEGROS OCCIDENTAL,CITY OF BACOLOD,TACULING,45010378,SENATOR,"OLARTE, ATTY/DR. LEO (BIGKIS)",6,0.09 %
REGION VI,NEGROS OCCIDENTAL,CITY OF BACOLOD,TACULING,45010378,SENATOR,"PADILLA, DRA. MINGUITA (PDR)",47,0.75 %
REGION VI,NEGROS OCCIDENTAL,CITY OF BACOLOD,TACULING,45010378,SENATOR,"PADILLA, ROBIN (PDPLBN)",223,3.60 %
REGION VI,NEGROS OCCIDENTAL,CITY OF BACOLOD,TACULING,45010378,SENATOR,"PANELO, SAL PANALO (PDPLBN)",88,1.42 %
REGION VI,NEGROS OCCIDENTAL,CITY OF BACOLOD,TACULING,45010378,SENATOR,"PIMENTEL, ASTRA (PDPLBN)",54,0.87 %
REGION VI,NEGROS OCCIDENTAL,CITY OF BACOLOD,TACULING,45010378,SENATOR,"PIÑOL, MANNY (NPC)",39,0.62 %
REGION VI,NEGROS OCCIDENTAL,CITY OF BACOLOD,TACULING,45010378,SENATOR,"RICABLANCA, WILLIE JR. (PM)",6,0.09 %
REGION VI,NEGROS OCCIDENTAL,CITY OF BACOLOD,TACULING,45010378,SENATOR,"ROQUE, HARRY SPOX (PRP)",115,1.85 %
REGION VI,NEGROS OCCIDENTAL,CITY OF BACOLOD,TACULING,45010378,SENATOR,"SAHIDULLA, LADY ANNE (PDDS)",6,0.09 %
REGION VI,NEGROS OCCIDENTAL,CITY OF BACOLOD,TACULING,45010378,SENATOR,"SISON, JOPET (AKSYON)",26,0.41 %
REGION VI,NEGROS OCCIDENTAL,CITY OF BACOLOD,TACULING,45010378,SENATOR,"TEODORO, GIBO (PRP)",232,3.74 %
REGION VI,NEGROS OCCIDENTAL,CITY OF BACOLOD,TACULING,45010378,SENATOR,"TRILLANES, ANTONIO IV (LP)",207,3.34 %
REGION VI,NEGROS OCCIDENTAL,CITY OF BACOLOD,TACULING,45010378,SENATOR,"TULFO, IDOL RAFFY (IND)",307,4.95 %
REGION VI,NEGROS OCCIDENTAL,CITY OF BACOLOD,TACULING,45010378,SENATOR,"VALEROS, REY (IND)",6,0.09 %
REGION VI,NEGROS OCCIDENTAL,CITY OF BACOLOD,TACULING,45010378,SENATOR,"VILLANUEVA,JOEL TESDAMAN (IND)",232,3.74 %
REGION VI,NEGROS OCCIDENTAL,CITY OF BACOLOD,TACULING,45010378,SENATOR,"VILLAR, MARK (NP)",201,3.24 %
REGION VI,NEGROS OCCIDENTAL,CITY OF BACOLOD,TACULING,45010378,SENATOR,"ZUBIAGA, CARMEN (IND)",22,0.35 %
REGION VI,NEGROS OCCIDENTAL,CITY OF BACOLOD,TACULING,45010378,SENATOR,"ZUBIRI, MIGZ (IND)",311,5.02 %
REGION VI,NEGROS OCCIDENTAL,CITY OF BACOLOD,TACULING,45010378,PARTYLIST,Candidate,Votes,Percentage
REGION VI,NEGROS OCCIDENTAL,CITY OF BACOLOD,TACULING,45010378,PARTYLIST,01 KAMALAYAN,3,0.57 %
REGION VI,NEGROS OCCIDENTAL,CITY OF BACOLOD,TACULING,45010378,PARTYLIST,02 KM NGAYON NA,0,0.00 %
REGION VI,NEGROS OCCIDENTAL,CITY OF BACOLOD,TACULING,45010378,PARTYLIST,03 PSIS,1,0.19 %
REGION VI,NEGROS OCCIDENTAL,CITY OF BACOLOD,TACULING,45010378,PARTYLIST,04 AGAP,1,0.19 %
REGION VI,NEGROS OCCIDENTAL,CITY OF BACOLOD,TACULING,45010378,PARTYLIST,05 KABAYAN,3,0.57 %
REGION VI,NEGROS OCCIDENTAL,CITY OF BACOLOD,TACULING,45010378,PARTYLIST,06 HOME OWNER,0,0.00 %
REGION VI,NEGROS OCCIDENTAL,CITY OF BACOLOD,TACULING,45010378,PARTYLIST,07 KAPUSO-PM,1,0.19 %
REGION VI,NEGROS OCCIDENTAL,CITY OF BACOLOD,TACULING,45010378,PARTYLIST,08 PDP CARES,1,0.19 %
REGION VI,NEGROS OCCIDENTAL,CITY OF BACOLOD,TACULING,45010378,PARTYLIST,09 MARVELOUS TAYO,0,0.00 %
REGION VI,NEGROS OCCIDENTAL,CITY OF BACOLOD,TACULING,45010378,PARTYLIST,10 AKO OFW,4,0.77 %
REGION VI,NEGROS OCCIDENTAL,CITY OF BACOLOD,TACULING,45010378,PARTYLIST,11 UNITED SENIOR CITIZEN,5,0.96 %
REGION VI,NEGROS OCCIDENTAL,CITY OF BACOLOD,TACULING,45010378,PARTYLIST,12 WOW PILIPINAS,0,0.00 %
REGION VI,NEGROS OCCIDENTAL,CITY OF BACOLOD,TACULING,45010378,PARTYLIST,13 ALTERNATIBA,2,0.38 %
REGION VI,NEGROS OCCIDENTAL,CITY OF BACOLOD,TACULING,45010378,PARTYLIST,14 1-RIDER PARTYLIST,9,1.73 %
REGION VI,NEGROS OCCIDENTAL,CITY OF BACOLOD,TACULING,45010378,PARTYLIST,15 1-CARE,1,0.19 %
REGION VI,NEGROS OCCIDENTAL,CITY OF BACOLOD,TACULING,45010378,PARTYLIST,16 ABP,0,0.00 %
REGION VI,NEGROS OCCIDENTAL,CITY OF BACOLOD,TACULING,45010378,PARTYLIST,17 AKO MUSIKERO,0,0.00 %
REGION VI,NEGROS OCCIDENTAL,CITY OF BACOLOD,TACULING,45010378,PARTYLIST,18 AKO BICOL,0,0.00 %
REGION VI,NEGROS OCCIDENTAL,CITY OF BACOLOD,TACULING,45010378,PARTYLIST,19 PRAI,0,0.00 %
REGION VI,NEGROS OCCIDENTAL,CITY OF BACOLOD,TACULING,45010378,PARTYLIST,20 4PS,1,0.19 %
REGION VI,NEGROS OCCIDENTAL,CITY OF BACOLOD,TACULING,45010378,PARTYLIST,21 MAAGAP,0,0.00 %
REGION VI,NEGROS OCCIDENTAL,CITY OF BACOLOD,TACULING,45010378,PARTYLIST,22 ABANTE PILIPINAS,6,1.15 %
REGION VI,NEGROS OCCIDENTAL,CITY OF BACOLOD,TACULING,45010378,PARTYLIST,23 AKTIBONG KAAGAPAY,0,0.00 %
REGION VI,NEGROS OCCIDENTAL,CITY OF BACOLOD,TACULING,45010378,PARTYLIST,24 ALSA BISAYA,0,0.00 %
REGION VI,NEGROS OCCIDENTAL,CITY OF BACOLOD,TACULING,45010378,PARTYLIST,25 PROBINSYANO AKO,0,0.00 %
REGION VI,NEGROS OCCIDENTAL,CITY OF BACOLOD,TACULING,45010378,PARTYLIST,26 YACAP,5,0.96 %
REGION VI,NEGROS OCCIDENTAL,CITY OF BACOLOD,TACULING,45010378,PARTYLIST,27 MAGDALO,4,0.77 %
REGION VI,NEGROS OCCIDENTAL,CITY OF BACOLOD,TACULING,45010378,PARTYLIST,28 ACT-CIS,20,3.85 %
REGION VI,NEGROS OCCIDENTAL,CITY OF BACOLOD,TACULING,45010378,PARTYLIST,29 HUGPONG FEDERAL,1,0.19 %
REGION VI,NEGROS OCCIDENTAL,CITY OF BACOLOD,TACULING,45010378,PARTYLIST,30 TGP,0,0.00 %
REGION VI,NEGROS OCCIDENTAL,CITY OF BACOLOD,TACULING,45010378,PARTYLIST,31 ONE COOP,0,0.00 %
REGION VI,NEGROS OCCIDENTAL,CITY OF BACOLOD,TACULING,45010378,PARTYLIST,32 BARKADAHAN,0,0.00 %
REGION VI,NEGROS OCCIDENTAL,CITY OF BACOLOD,TACULING,45010378,PARTYLIST,33 DUMPER PTDA,2,0.38 %
REGION VI,NEGROS OCCIDENTAL,CITY OF BACOLOD,TACULING,45010378,PARTYLIST,34 MALABUNG,0,0.00 %
REGION VI,NEGROS OCCIDENTAL,CITY OF BACOLOD,TACULING,45010378,PARTYLIST,35 BH (BAGONG HENERASYON),1,0.19 %
REGION VI,NEGROS OCCIDENTAL,CITY OF BACOLOD,TACULING,45010378,PARTYLIST,36 AKMA-PTM,0,0.00 %
REGION VI,NEGROS OCCIDENTAL,CITY OF BACOLOD,TACULING,45010378,PARTYLIST,37 IPATUPAD,4,0.77 %
REGION VI,NEGROS OCCIDENTAL,CITY OF BACOLOD,TACULING,45010378,PARTYLIST,38 PINUNO,1,0.19 %
REGION VI,NEGROS OCCIDENTAL,CITY OF BACOLOD,TACULING,45010378,PARTYLIST,39 LPGMA,0,0.00 %
REGION VI,NEGROS OCCIDENTAL,CITY OF BACOLOD,TACULING,45010378,PARTYLIST,40 CLICK PARTY,0,0.00 %
REGION VI,NEGROS OCCIDENTAL,CITY OF BACOLOD,TACULING,45010378,PARTYLIST,41 TODA,1,0.19 %
REGION VI,NEGROS OCCIDENTAL,CITY OF BACOLOD,TACULING,45010378,PARTYLIST,42 BHW,0,0.00 %
REGION VI,NEGROS OCCIDENTAL,CITY OF BACOLOD,TACULING,45010378,PARTYLIST,43 MALASAKIT@BAYANIHAN,99,19.07 %
REGION VI,NEGROS OCCIDENTAL,CITY OF BACOLOD,TACULING,45010378,PARTYLIST,44 ABS,2,0.38 %
REGION VI,NEGROS OCCIDENTAL,CITY OF BACOLOD,TACULING,45010378,PARTYLIST,45 PASAHERO PARTYLIST,1,0.19 %
REGION VI,NEGROS OCCIDENTAL,CITY OF BACOLOD,TACULING,45010378,PARTYLIST,46 ANGAT,5,0.96 %
REGION VI,NEGROS OCCIDENTAL,CITY OF BACOLOD,TACULING,45010378,PARTYLIST,47 SOLID-CHANGE,0,0.00 %
REGION VI,NEGROS OCCIDENTAL,CITY OF BACOLOD,TACULING,45010378,PARTYLIST,48 BICOL SARO,0,0.00 %
REGION VI,NEGROS OCCIDENTAL,CITY OF BACOLOD,TACULING,45010378,PARTYLIST,49 OFW,7,1.34 %
REGION VI,NEGROS OCCIDENTAL,CITY OF BACOLOD,TACULING,45010378,PARTYLIST,50 ANG PROBINSIYANO,4,0.77 %
REGION VI,NEGROS OCCIDENTAL,CITY OF BACOLOD,TACULING,45010378,PARTYLIST,51 ANAKALUSUGAN,4,0.77 %
REGION VI,NEGROS OCCIDENTAL,CITY OF BACOLOD,TACULING,45010378,PARTYLIST,52 PBA,0,0.00 %
REGION VI,NEGROS OCCIDENTAL,CITY OF BACOLOD,TACULING,45010378,PARTYLIST,53 PEACE,4,0.77 %
REGION VI,NEGROS OCCIDENTAL,CITY OF BACOLOD,TACULING,45010378,PARTYLIST,54 P3PWD,10,1.92 %
REGION VI,NEGROS OCCIDENTAL,CITY OF BACOLOD,TACULING,45010378,PARTYLIST,55 S.M.I.L.E,0,0.00 %
REGION VI,NEGROS OCCIDENTAL,CITY OF BACOLOD,TACULING,45010378,PARTYLIST,56 AAMBIS-OWA,0,0.00 %
REGION VI,NEGROS OCCIDENTAL,CITY OF BACOLOD,TACULING,45010378,PARTYLIST,57 BUTIL,0,0.00 %
REGION VI,NEGROS OCCIDENTAL,CITY OF BACOLOD,TACULING,45010378,PARTYLIST,58 LUNAS,1,0.19 %
REGION VI,NEGROS OCCIDENTAL,CITY OF BACOLOD,TACULING,45010378,PARTYLIST,59 ANG KOMADRONA,0,0.00 %
REGION VI,NEGROS OCCIDENTAL,CITY OF BACOLOD,TACULING,45010378,PARTYLIST,60 KABAKA,0,0.00 %
REGION VI,NEGROS OCCIDENTAL,CITY OF BACOLOD,TACULING,45010378,PARTYLIST,61 SAGIP,1,0.19 %
REGION VI,NEGROS OCCIDENTAL,CITY OF BACOLOD,TACULING,45010378,PARTYLIST,62 ANG KABUHAYAN,0,0.00 %
REGION VI,NEGROS OCCIDENTAL,CITY OF BACOLOD,TACULING,45010378,PARTYLIST,63 AKO I.P.,0,0.00 %
REGION VI,NEGROS OCCIDENTAL,CITY OF BACOLOD,TACULING,45010378,PARTYLIST,64 PHILRECA,1,0.19 %
REGION VI,NEGROS OCCIDENTAL,CITY OF BACOLOD,TACULING,45010378,PARTYLIST,65 BABAE AKO,0,0.00 %
REGION VI,NEGROS OCCIDENTAL,CITY OF BACOLOD,TACULING,45010378,PARTYLIST,66 KB,0,0.00 %
REGION VI,NEGROS OCCIDENTAL,CITY OF BACOLOD,TACULING,45010378,PARTYLIST,67 GABRIELA,10,1.92 %
REGION VI,NEGROS OCCIDENTAL,CITY OF BACOLOD,TACULING,45010378,PARTYLIST,68 KALINGA,7,1.34 %
REGION VI,NEGROS OCCIDENTAL,CITY OF BACOLOD,TACULING,45010378,PARTYLIST,69 STL,0,0.00 %
REGION VI,NEGROS OCCIDENTAL,CITY OF BACOLOD,TACULING,45010378,PARTYLIST,70 RECOBODA,0,0.00 %
REGION VI,NEGROS OCCIDENTAL,CITY OF BACOLOD,TACULING,45010378,PARTYLIST,71 ANGAT PINOY,0,0.00 %
REGION VI,NEGROS OCCIDENTAL,CITY OF BACOLOD,TACULING,45010378,PARTYLIST,72 ANAC-IP,0,0.00 %
REGION VI,NEGROS OCCIDENTAL,CITY OF BACOLOD,TACULING,45010378,PARTYLIST,73 DIWA,0,0.00 %
REGION VI,NEGROS OCCIDENTAL,CITY OF BACOLOD,TACULING,45010378,PARTYLIST,74 ASENSO PINOY,1,0.19 %
REGION VI,NEGROS OCCIDENTAL,CITY OF BACOLOD,TACULING,45010378,PARTYLIST,75 PPP,0,0.00 %
REGION VI,NEGROS OCCIDENTAL,CITY OF BACOLOD,TACULING,45010378,PARTYLIST,76 PAMILYA MUNA,1,0.19 %
REGION VI,NEGROS OCCIDENTAL,CITY OF BACOLOD,TACULING,45010378,PARTYLIST,77 AYUDA SANDUGO,1,0.19 %
REGION VI,NEGROS OCCIDENTAL,CITY OF BACOLOD,TACULING,45010378,PARTYLIST,78 BUKLOD FILIPINO,0,0.00 %
REGION VI,NEGROS OCCIDENTAL,CITY OF BACOLOD,TACULING,45010378,PARTYLIST,79 BTS,0,0.00 %
REGION VI,NEGROS OCCIDENTAL,CITY OF BACOLOD,TACULING,45010378,PARTYLIST,80 MOCHA,0,0.00 %
REGION VI,NEGROS OCCIDENTAL,CITY OF BACOLOD,TACULING,45010378,PARTYLIST,81 ACT TEACHERS,5,0.96 %
REGION VI,NEGROS OCCIDENTAL,CITY OF BACOLOD,TACULING,45010378,PARTYLIST,82 ALONA,0,0.00 %
REGION VI,NEGROS OCCIDENTAL,CITY OF BACOLOD,TACULING,45010378,PARTYLIST,83 KABALIKAT,0,0.00 %
REGION VI,NEGROS OCCIDENTAL,CITY OF BACOLOD,TACULING,45010378,PARTYLIST,84 ALIF,0,0.00 %
REGION VI,NEGROS OCCIDENTAL,CITY OF BACOLOD,TACULING,45010378,PARTYLIST,85 1-UTAP BICOL,0,0.00 %
REGION VI,NEGROS OCCIDENTAL,CITY OF BACOLOD,TACULING,45010378,PARTYLIST,86 TINGOG,2,0.38 %
REGION VI,NEGROS OCCIDENTAL,CITY OF BACOLOD,TACULING,45010378,PARTYLIST,87 H.E.L.P. PILIPINAS,1,0.19 %
REGION VI,NEGROS OCCIDENTAL,CITY OF BACOLOD,TACULING,45010378,PARTYLIST,88 TUCP,0,0.00 %
REGION VI,NEGROS OCCIDENTAL,CITY OF BACOLOD,TACULING,45010378,PARTYLIST,89 PTA,0,0.00 %
REGION VI,NEGROS OCCIDENTAL,CITY OF BACOLOD,TACULING,45010378,PARTYLIST,90 AGIMAT,0,0.00 %
REGION VI,NEGROS OCCIDENTAL,CITY OF BACOLOD,TACULING,45010378,PARTYLIST,91 KONTRA BROWNOUT,3,0.57 %
REGION VI,NEGROS OCCIDENTAL,CITY OF BACOLOD,TACULING,45010378,PARTYLIST,92 TULUNGAN TAYO,0,0.00 %
REGION VI,NEGROS OCCIDENTAL,CITY OF BACOLOD,TACULING,45010378,PARTYLIST,93 DUTERTE YOUTH,5,0.96 %
REGION VI,NEGROS OCCIDENTAL,CITY OF BACOLOD,TACULING,45010378,PARTYLIST,94 ABEKA,0,0.00 %
REGION VI,NEGROS OCCIDENTAL,CITY OF BACOLOD,TACULING,45010378,PARTYLIST,95 KABATAAN,9,1.73 %
REGION VI,NEGROS OCCIDENTAL,CITY OF BACOLOD,TACULING,45010378,PARTYLIST,97 ACTS-OFW,2,0.38 %
REGION VI,NEGROS OCCIDENTAL,CITY OF BACOLOD,TACULING,45010378,PARTYLIST,98 RAM,4,0.77 %
REGION VI,NEGROS OCCIDENTAL,CITY OF BACOLOD,TACULING,45010378,PARTYLIST,99 USWAG ILONGGO,19,3.66 %
REGION VI,NEGROS OCCIDENTAL,CITY OF BACOLOD,TACULING,45010378,PARTYLIST,100 AKO BISAYA,0,0.00 %
REGION VI,NEGROS OCCIDENTAL,CITY OF BACOLOD,TACULING,45010378,PARTYLIST,101 KAPAMILYA,2,0.38 %
REGION VI,NEGROS OCCIDENTAL,CITY OF BACOLOD,TACULING,45010378,PARTYLIST,102 PUSONG PINOY,0,0.00 %
REGION VI,NEGROS OCCIDENTAL,CITY OF BACOLOD,TACULING,45010378,PARTYLIST,103 CWS,9,1.73 %
REGION VI,NEGROS OCCIDENTAL,CITY OF BACOLOD,TACULING,45010378,PARTYLIST,104 SILBI,0,0.00 %
REGION VI,NEGROS OCCIDENTAL,CITY OF BACOLOD,TACULING,45010378,PARTYLIST,105 CIBAC,2,0.38 %
REGION VI,NEGROS OCCIDENTAL,CITY OF BACOLOD,TACULING,45010378,PARTYLIST,106 SUBANEN,0,0.00 %
REGION VI,NEGROS OCCIDENTAL,CITY OF BACOLOD,TACULING,45010378,PARTYLIST,107 AKKK,0,0.00 %
REGION VI,NEGROS OCCIDENTAL,CITY OF BACOLOD,TACULING,45010378,PARTYLIST,108 BG PARTY-LIST,0,0.00 %
REGION VI,NEGROS OCCIDENTAL,CITY OF BACOLOD,TACULING,45010378,PARTYLIST,109 PAMILYANG MAGSASAKA,1,0.19 %
REGION VI,NEGROS OCCIDENTAL,CITY OF BACOLOD,TACULING,45010378,PARTYLIST,110 COOP NATCCO,2,0.38 %
REGION VI,NEGROS OCCIDENTAL,CITY OF BACOLOD,TACULING,45010378,PARTYLIST,111 FRONTLINERS ANG BIDA,0,0.00 %
REGION VI,NEGROS OCCIDENTAL,CITY OF BACOLOD,TACULING,45010378,PARTYLIST,112 KASAMA,0,0.00 %
REGION VI,NEGROS OCCIDENTAL,CITY OF BACOLOD,TACULING,45010378,PARTYLIST,113 AKO BISDAK,1,0.19 %
REGION VI,NEGROS OCCIDENTAL,CITY OF BACOLOD,TACULING,45010378,PARTYLIST,114 GP PARTY,0,0.00 %
REGION VI,NEGROS OCCIDENTAL,CITY OF BACOLOD,TACULING,45010378,PARTYLIST,115 BAHAY,0,0.00 %
REGION VI,NEGROS OCCIDENTAL,CITY OF BACOLOD,TACULING,45010378,PARTYLIST,116 MAGSASAKA,2,0.38 %
REGION VI,NEGROS OCCIDENTAL,CITY OF BACOLOD,TACULING,45010378,PARTYLIST,117 MARINO,3,0.57 %
REGION VI,NEGROS OCCIDENTAL,CITY OF BACOLOD,TACULING,45010378,PARTYLIST,118 UNITED FRONTLINERS,4,0.77 %
REGION VI,NEGROS OCCIDENTAL,CITY OF BACOLOD,TACULING,45010378,PARTYLIST,119 L.O.G.R.O. KUSINERO,0,0.00 %
REGION VI,NEGROS OCCIDENTAL,CITY OF BACOLOD,TACULING,45010378,PARTYLIST,120 BPO,4,0.77 %
REGION VI,NEGROS OCCIDENTAL,CITY OF BACOLOD,TACULING,45010378,PARTYLIST,121 ABANG LINGKOD,112,21.57 %
REGION VI,NEGROS OCCIDENTAL,CITY OF BACOLOD,TACULING,45010378,PARTYLIST,122 KUSUG TAUSUG,0,0.00 %
REGION VI,NEGROS OCCIDENTAL,CITY OF BACOLOD,TACULING,45010378,PARTYLIST,123 PLM,1,0.19 %
REGION VI,NEGROS OCCIDENTAL,CITY OF BACOLOD,TACULING,45010378,PARTYLIST,124 OK PARTYLIST,0,0.00 %
REGION VI,NEGROS OCCIDENTAL,CITY OF BACOLOD,TACULING,45010378,PARTYLIST,125 A TEACHER,0,0.00 %
REGION VI,NEGROS OCCIDENTAL,CITY OF BACOLOD,TACULING,45010378,PARTYLIST,126 PASADA-CC,0,0.00 %
REGION VI,NEGROS OCCIDENTAL,CITY OF BACOLOD,TACULING,45010378,PARTYLIST,127 OFW FAMILY,2,0.38 %
REGION VI,NEGROS OCCIDENTAL,CITY OF BACOLOD,TACULING,45010378,PARTYLIST,128 ANGKLA,5,0.96 %
REGION VI,NEGROS OCCIDENTAL,CITY OF BACOLOD,TACULING,45010378,PARTYLIST,129 COCOMAN,0,0.00 %
REGION VI,NEGROS OCCIDENTAL,CITY OF BACOLOD,TACULING,45010378,PARTYLIST,130 ACT AS ONE,6,1.15 %
REGION VI,NEGROS OCCIDENTAL,CITY OF BACOLOD,TACULING,45010378,PARTYLIST,131 AKO ILOCANO AKO,9,1.73 %
REGION VI,NEGROS OCCIDENTAL,CITY OF BACOLOD,TACULING,45010378,PARTYLIST,132 TRABAHO,1,0.19 %
REGION VI,NEGROS OCCIDENTAL,CITY OF BACOLOD,TACULING,45010378,PARTYLIST,133 PATROL,0,0.00 %
REGION VI,NEGROS OCCIDENTAL,CITY OF BACOLOD,TACULING,45010378,PARTYLIST,134 AKO PADAYON,0,0.00 %
REGION VI,NEGROS OCCIDENTAL,CITY OF BACOLOD,TACULING,45010378,PARTYLIST,135 ABONO,0,0.00 %
REGION VI,NEGROS OCCIDENTAL,CITY OF BACOLOD,TACULING,45010378,PARTYLIST,136 MANILA TEACHERS,3,0.57 %
REGION VI,NEGROS OCCIDENTAL,CITY OF BACOLOD,TACULING,45010378,PARTYLIST,137 KOOP-KAMPI,0,0.00 %
REGION VI,NEGROS OCCIDENTAL,CITY OF BACOLOD,TACULING,45010378,PARTYLIST,138 MAYPAGASA,0,0.00 %
REGION VI,NEGROS OCCIDENTAL,CITY OF BACOLOD,TACULING,45010378,PARTYLIST,139 PVAID,0,0.00 %
REGION VI,NEGROS OCCIDENTAL,CITY OF BACOLOD,TACULING,45010378,PARTYLIST,140 TUTOK TO WIN,2,0.38 %
REGION VI,NEGROS OCCIDENTAL,CITY OF BACOLOD,TACULING,45010378,PARTYLIST,141 BAYAN MUNA,4,0.77 %
REGION VI,NEGROS OCCIDENTAL,CITY OF BACOLOD,TACULING,45010378,PARTYLIST,142 API,0,0.00 %
REGION VI,NEGROS OCCIDENTAL,CITY OF BACOLOD,TACULING,45010378,PARTYLIST,143 ARTE,0,0.00 %
REGION VI,NEGROS OCCIDENTAL,CITY OF BACOLOD,TACULING,45010378,PARTYLIST,144 ASAP,2,0.38 %
REGION VI,NEGROS OCCIDENTAL,CITY OF BACOLOD,TACULING,45010378,PARTYLIST,145 BUNYOG,0,0.00 %
REGION VI,NEGROS OCCIDENTAL,CITY OF BACOLOD,TACULING,45010378,PARTYLIST,146 AKBAYAN,7,1.34 %
REGION VI,NEGROS OCCIDENTAL,CITY OF BACOLOD,TACULING,45010378,PARTYLIST,147 DAMAYAN,0,0.00 %
REGION VI,NEGROS OCCIDENTAL,CITY OF BACOLOD,TACULING,45010378,PARTYLIST,148 WIFI,0,0.00 %
REGION VI,NEGROS OCCIDENTAL,CITY OF BACOLOD,TACULING,45010378,PARTYLIST,149 CANCER PARTY LIST,0,0.00 %
REGION VI,NEGROS OCCIDENTAL,CITY OF BACOLOD,TACULING,45010378,PARTYLIST,150 1-ANG EDUKASYON,4,0.77 %
REGION VI,NEGROS OCCIDENTAL,CITY OF BACOLOD,TACULING,45010378,PARTYLIST,151 UFCC,0,0.00 %
REGION VI,NEGROS OCCIDENTAL,CITY OF BACOLOD,TACULING,45010378,PARTYLIST,152 AGRI,0,0.00 %
REGION VI,NEGROS OCCIDENTAL,CITY OF BACOLOD,TACULING,45010378,PARTYLIST,153 MAHARLIKA,2,0.38 %
REGION VI,NEGROS OCCIDENTAL,CITY OF BACOLOD,TACULING,45010378,PARTYLIST,154 ANAKPAWIS,1,0.19 %
REGION VI,NEGROS OCCIDENTAL,CITY OF BACOLOD,TACULING,45010378,PARTYLIST,155 1TAHANAN,3,0.57 %
REGION VI,NEGROS OCCIDENTAL,CITY OF BACOLOD,TACULING,45010378,PARTYLIST,156 TURISMO,0,0.00 %
REGION VI,NEGROS OCCIDENTAL,CITY OF BACOLOD,TACULING,45010378,PARTYLIST,157 APEC,0,0.00 %
REGION VI,NEGROS OCCIDENTAL,CITY OF BACOLOD,TACULING,45010378,PARTYLIST,158 SENIOR CITIZENS PARTYLIST,8,1.54 %
REGION VI,NEGROS OCCIDENTAL,CITY OF BACOLOD,TACULING,45010378,PARTYLIST,159 AASENSO,2,0.38 %
REGION VI,NEGROS OCCIDENTAL,CITY OF BACOLOD,TACULING,45010378,PARTYLIST,160 AMIN,0,0.00 %
REGION VI,NEGROS OCCIDENTAL,CITY OF BACOLOD,TACULING,45010378,PARTYLIST,161 1-PACMAN,5,0.96 %
REGION VI,NEGROS OCCIDENTAL,CITY OF BACOLOD,TACULING,45010378,PARTYLIST,162 ABB-NFCPI,0,0.00 %
REGION VI,NEGROS OCCIDENTAL,CITY OF BACOLOD,TACULING,45010378,PARTYLIST,163 AN WARAY,0,0.00 %
REGION VI,NEGROS OCCIDENTAL,CITY OF BACOLOD,TACULING,45010378,PARTYLIST,164 AP PARTYLIST,1,0.19 %
REGION VI,NEGROS OCCIDENTAL,CITY OF BACOLOD,TACULING,45010378,PARTYLIST,165 AKAP PINOY,0,0.00 %
REGION VI,NEGROS OCCIDENTAL,CITY OF BACOLOD,TACULING,45010378,PARTYLIST,166 BUHAY,1,0.19 %
REGION VI,NEGROS OCCIDENTAL,CITY OF BACOLOD,TACULING,45010378,PARTYLIST,167 ARISE,0,0.00 %
REGION VI,NEGROS OCCIDENTAL,CITY OF BACOLOD,TACULING,45010378,PARTYLIST,168 IWI,0,0.00 %
REGION VI,NEGROS OCCIDENTAL,CITY OF BACOLOD,TACULING,45010378,PARTYLIST,169 ANG TINIG NG SENIORS,1,0.19 %
REGION VI,NEGROS OCCIDENTAL,CITY OF BACOLOD,TACULING,45010378,PARTYLIST,170 LBP,0,0.00 %
REGION VI,NEGROS OCCIDENTAL,CITY OF BACOLOD,TACULING,45010378,PARTYLIST,171 IPEACE EPANAW,0,0.00 %
REGION VI,NEGROS OCCIDENTAL,CITY OF BACOLOD,TACULING,45010378,PARTYLIST,172 APAT-DAPAT,1,0.19 %
REGION VI,NEGROS OCCIDENTAL,CITY OF BACOLOD,TACULING,45010378,PARTYLIST,173 UMA ILONGGO,9,1.73 %
REGION VI,NEGROS OCCIDENTAL,CITY OF BACOLOD,TACULING,45010378,PARTYLIST,174 AYUDA,2,0.38 %
REGION VI,NEGROS OCCIDENTAL,CITY OF BACOLOD,TACULING,45010378,PARTYLIST,175 SAMBAYANAN,3,0.57 %
REGION VI,NEGROS OCCIDENTAL,CITY OF BACOLOD,TACULING,45010378,PARTYLIST,176 AKO BREEDER,6,1.15 %
REGION VI,NEGROS OCCIDENTAL,CITY OF BACOLOD,TACULING,45010378,PARTYLIST,177 FPJ,0,0.00 %
REGION VI,NEGROS OCCIDENTAL,CITY OF BACOLOD,TACULING,45010378,PARTYLIST,178 LIBRO,0,0.00 %
REGION VI,NEGROS OCCIDENTAL,CITY OF BACOLOD,TACULING,45010378,REP,Candidate,Votes,Percentage
REGION VI,NEGROS OCCIDENTAL,CITY OF BACOLOD,TACULING,45010378,REP,"ATAYDE, DAN (IND)",294,44.41 %
REGION VI,NEGROS OCCIDENTAL,CITY OF BACOLOD,TACULING,45010378,REP,"DAVID, WILLY (IND)",1,0.15 %
REGION VI,NEGROS OCCIDENTAL,CITY OF BACOLOD,TACULING,45010378,REP,"GASATAYA, GREG (NPC)",361,54.53 %
REGION VI,NEGROS OCCIDENTAL,CITY OF BACOLOD,TACULING,45010378,REP,"GUSTILO, ROMY (IND)",1,0.15 %
REGION VI,NEGROS OCCIDENTAL,CITY OF BACOLOD,TACULING,45010378,REP,"SAN MIGUEL, NONONG (PDDS)",5,0.75 %
REGION VI,NEGROS OCCIDENTAL,CITY OF BACOLOD,TACULING,45010378,MAYOR,Candidate,Votes,Percentage
REGION VI,NEGROS OCCIDENTAL,CITY OF BACOLOD,TACULING,45010378,MAYOR,"BENITEZ, ALBEE (PDPLBN)",290,42.27 %
REGION VI,NEGROS OCCIDENTAL,CITY OF BACOLOD,TACULING,45010378,MAYOR,"LEONARDIA, BING (NP)",396,57.72 %
REGION VI,NEGROS OCCIDENTAL,CITY OF BACOLOD,TACULING,45010378,VICE_MAYOR,Candidate,Votes,Percentage
REGION VI,NEGROS OCCIDENTAL,CITY OF BACOLOD,TACULING,45010378,VICE_MAYOR,"DISTRITO, CAESAR (PDPLBN)",138,21.16 %
REGION VI,NEGROS OCCIDENTAL,CITY OF BACOLOD,TACULING,45010378,VICE_MAYOR,"FAMILIARAN, EL CID (NP)",435,66.71 %
REGION VI,NEGROS OCCIDENTAL,CITY OF BACOLOD,TACULING,45010378,VICE_MAYOR,"GAMBOA, WILSON JR. (IND)",79,12.11 %
REGION VI,NEGROS OCCIDENTAL,CITY OF BACOLOD,TACULING,45010378,SP,Candidate,Votes,Percentage
REGION VI,NEGROS OCCIDENTAL,CITY OF BACOLOD,TACULING,45010378,SP,"ANG, EM (NP)",359,5.32 %
REGION VI,NEGROS OCCIDENTAL,CITY OF BACOLOD,TACULING,45010378,SP,"ARROYO, ALAN (IND)",41,0.60 %
REGION VI,NEGROS OCCIDENTAL,CITY OF BACOLOD,TACULING,45010378,SP,"AUJERO, JORGE THE WISE (IND)",11,0.16 %
REGION VI,NEGROS OCCIDENTAL,CITY OF BACOLOD,TACULING,45010378,SP,"BAIS, HOMER (PDPLBN)",176,2.60 %
REGION VI,NEGROS OCCIDENTAL,CITY OF BACOLOD,TACULING,45010378,SP,"BARIBAR, ARCHIE (PROMDI)",298,4.41 %
REGION VI,NEGROS OCCIDENTAL,CITY OF BACOLOD,TACULING,45010378,SP,"BELARIO, 007 (IND)",22,0.32 %
REGION VI,NEGROS OCCIDENTAL,CITY OF BACOLOD,TACULING,45010378,SP,"BELORIA, TOTO CESAR (IND)",66,0.97 %
REGION VI,NEGROS OCCIDENTAL,CITY OF BACOLOD,TACULING,45010378,SP,"CONTRERAS, LR (PRP)",37,0.54 %
REGION VI,NEGROS OCCIDENTAL,CITY OF BACOLOD,TACULING,45010378,SP,"DIAZ, JONATHAN JR. (NP)",218,3.23 %
REGION VI,NEGROS OCCIDENTAL,CITY OF BACOLOD,TACULING,45010378,SP,"DISTRITO, SIMPLE (PDPLBN)",168,2.49 %
REGION VI,NEGROS OCCIDENTAL,CITY OF BACOLOD,TACULING,45010378,SP,"ESPINO, AL (NPC)",243,3.60 %
REGION VI,NEGROS OCCIDENTAL,CITY OF BACOLOD,TACULING,45010378,SP,"FLOR, CELIA (IND)",239,3.54 %
REGION VI,NEGROS OCCIDENTAL,CITY OF BACOLOD,TACULING,45010378,SP,"GICO, VIC (IND)",28,0.41 %
REGION VI,NEGROS OCCIDENTAL,CITY OF BACOLOD,TACULING,45010378,SP,"GONZALEZ, VLADI (PDPLBN)",228,3.38 %
REGION VI,NEGROS OCCIDENTAL,CITY OF BACOLOD,TACULING,45010378,SP,"GUILLEM, ED (NP)",227,3.36 %
REGION VI,NEGROS OCCIDENTAL,CITY OF BACOLOD,TACULING,45010378,SP,"HERMOSURA, BONG (IND)",69,1.02 %
REGION VI,NEGROS OCCIDENTAL,CITY OF BACOLOD,TACULING,45010378,SP,"JAUOD, JIFFY (IND)",36,0.53 %
REGION VI,NEGROS OCCIDENTAL,CITY OF BACOLOD,TACULING,45010378,SP,"LACSON, PATRICK (PDPLBN)",166,2.46 %
REGION VI,NEGROS OCCIDENTAL,CITY OF BACOLOD,TACULING,45010378,SP,"LOPEZ, CARL (NP)",282,4.18 %
REGION VI,NEGROS OCCIDENTAL,CITY OF BACOLOD,TACULING,45010378,SP,"MAYO, MARK STEVEN (NPC)",98,1.45 %
REGION VI,NEGROS OCCIDENTAL,CITY OF BACOLOD,TACULING,45010378,SP,"MONTALVO, CASH (NP)",243,3.60 %
REGION VI,NEGROS OCCIDENTAL,CITY OF BACOLOD,TACULING,45010378,SP,"NACIONALES, FERMIN (IND)",20,0.29 %
REGION VI,NEGROS OCCIDENTAL,CITY OF BACOLOD,TACULING,45010378,SP,"NOVERO, RENECITO (NP)",365,5.41 %
REGION VI,NEGROS OCCIDENTAL,CITY OF BACOLOD,TACULING,45010378,SP,"OROLA, BART (PDPLBN)",178,2.63 %
REGION VI,NEGROS OCCIDENTAL,CITY OF BACOLOD,TACULING,45010378,SP,"PADIOS, EDUARDO (PPM)",68,1.00 %
REGION VI,NEGROS OCCIDENTAL,CITY OF BACOLOD,TACULING,45010378,SP,"PUENTEVELLA, KALAW (PROMDI)",187,2.77 %
REGION VI,NEGROS OCCIDENTAL,CITY OF BACOLOD,TACULING,45010378,SP,"RAMOS, DINDO (NP)",303,4.49 %
REGION VI,NEGROS OCCIDENTAL,CITY OF BACOLOD,TACULING,45010378,SP,"ROJAS, CINDY (NP)",359,5.32 %
REGION VI,NEGROS OCCIDENTAL,CITY OF BACOLOD,TACULING,45010378,SP,"SALANGA, ISRAEL (NP)",402,5.96 %
REGION VI,NEGROS OCCIDENTAL,CITY OF BACOLOD,TACULING,45010378,SP,"SAYSON, THADDY (PDPLBN)",273,4.04 %
REGION VI,NEGROS OCCIDENTAL,CITY OF BACOLOD,TACULING,45010378,SP,"SOLIDUM, MARLON (NPC)",294,4.35 %
REGION VI,NEGROS OCCIDENTAL,CITY OF BACOLOD,TACULING,45010378,SP,"SORONGON, CHRIS (NP)",282,4.18 %
REGION VI,NEGROS OCCIDENTAL,CITY OF BACOLOD,TACULING,45010378,SP,"SY, PAO (NPC)",164,2.43 %
REGION VI,NEGROS OCCIDENTAL,CITY OF BACOLOD,TACULING,45010378,SP,"TAN, CANO GWAPO (AKSYON)",153,2.26 %
REGION VI,NEGROS OCCIDENTAL,CITY OF BACOLOD,TACULING,45010378,SP,"VERDEFLOR, SONYA (UNEGA)",164,2.43 %
REGION VI,NEGROS OCCIDENTAL,CITY OF BACOLOD,TACULING,45010378,SP,"VILLAFUERTE, RICO (IND)",53,0.78 %
REGION VI,NEGROS OCCIDENTAL,CITY OF BACOLOD,TACULING,45010378,SP,"VILLAROSA, JASON (LAKAS)",184,2.72 %
REGION VI,NEGROS OCCIDENTAL,CITY OF BACOLOD,TACULING,45010378,SP,"WEBER, CHRISTIAN (IND)",40,0.59 %
region,province,city,barangay,precinct,position,candidate,votes,percentage
REGION VI,NEGROS OCCIDENTAL,CITY OF BACOLOD,TACULING,45010379,PRESIDENT,Candidate,Votes,Percentage
REGION VI,NEGROS OCCIDENTAL,CITY OF BACOLOD,TACULING,45010379,PRESIDENT,"ABELLA, ERNIE (IND)",2,0.30 %
REGION VI,NEGROS OCCIDENTAL,CITY OF BACOLOD,TACULING,45010379,PRESIDENT,"DE GUZMAN, LEODY (PLM)",3,0.46 %
REGION VI,NEGROS OCCIDENTAL,CITY OF BACOLOD,TACULING,45010379,PRESIDENT,"DOMAGOSO, ISKO MORENO (AKSYON)",24,3.68 %
REGION VI,NEGROS OCCIDENTAL,CITY OF BACOLOD,TACULING,45010379,PRESIDENT,"GONZALES, NORBERTO (PDSP)",3,0.46 %
REGION VI,NEGROS OCCIDENTAL,CITY OF BACOLOD,TACULING,45010379,PRESIDENT,"LACSON, PING (PDR)",10,1.53 %
REGION VI,NEGROS OCCIDENTAL,CITY OF BACOLOD,TACULING,45010379,PRESIDENT,"MANGONDATO, FAISAL (KTPNAN)",2,0.30 %
REGION VI,NEGROS OCCIDENTAL,CITY OF BACOLOD,TACULING,45010379,PRESIDENT,"MARCOS, BONGBONG (PFP)",214,32.82 %
REGION VI,NEGROS OCCIDENTAL,CITY OF BACOLOD,TACULING,45010379,PRESIDENT,"MONTEMAYOR, JOSE JR. (DPP)",5,0.76 %
REGION VI,NEGROS OCCIDENTAL,CITY OF BACOLOD,TACULING,45010379,PRESIDENT,"PACQUIAO, MANNY PACMAN(PROMDI)",44,6.74 %
REGION VI,NEGROS OCCIDENTAL,CITY OF BACOLOD,TACULING,45010379,PRESIDENT,"ROBREDO, LENI (IND)",345,52.91 %
REGION VI,NEGROS OCCIDENTAL,CITY OF BACOLOD,TACULING,45010379,VICE_PRESIDENT,Candidate,Votes,Percentage
REGION VI,NEGROS OCCIDENTAL,CITY OF BACOLOD,TACULING,45010379,VICE_PRESIDENT,"ATIENZA, LITO (PROMDI)",4,0.62 %
REGION VI,NEGROS OCCIDENTAL,CITY OF BACOLOD,TACULING,45010379,VICE_PRESIDENT,"BELLO, WALDEN (PLM)",2,0.31 %
REGION VI,NEGROS OCCIDENTAL,CITY OF BACOLOD,TACULING,45010379,VICE_PRESIDENT,"DAVID, RIZALITO (DPP)",0,0.00 %
REGION VI,NEGROS OCCIDENTAL,CITY OF BACOLOD,TACULING,45010379,VICE_PRESIDENT,"DUTERTE, SARA (LAKAS)",233,36.69 %
REGION VI,NEGROS OCCIDENTAL,CITY OF BACOLOD,TACULING,45010379,VICE_PRESIDENT,"LOPEZ, MANNY SD (WPP)",2,0.31 %
REGION VI,NEGROS OCCIDENTAL,CITY OF BACOLOD,TACULING,45010379,VICE_PRESIDENT,"ONG, DOC WILLIE (AKSYON)",36,5.66 %
REGION VI,NEGROS OCCIDENTAL,CITY OF BACOLOD,TACULING,45010379,VICE_PRESIDENT,"PANGILINAN, KIKO (LP)",266,41.88 %
REGION VI,NEGROS OCCIDENTAL,CITY OF BACOLOD,TACULING,45010379,VICE_PRESIDENT,"SERAPIO, CARLOS (KTPNAN)",0,0.00 %
REGION VI,NEGROS OCCIDENTAL,CITY OF BACOLOD,TACULING,45010379,VICE_PRESIDENT,"SOTTO, VICENTE TITO (NPC)",92,14.48 %
REGION VI,NEGROS OCCIDENTAL,CITY OF BACOLOD,TACULING,45010379,SENATOR,Candidate,Votes,Percentage
REGION VI,NEGROS OCCIDENTAL,CITY OF BACOLOD,TACULING,45010379,SENATOR,"AFUANG, ABNER (IND)",16,0.25 %
REGION VI,NEGROS OCCIDENTAL,CITY OF BACOLOD,TACULING,45010379,SENATOR,"ALBANI, IBRAHIM (WPP)",6,0.09 %
REGION VI,NEGROS OCCIDENTAL,CITY OF BACOLOD,TACULING,45010379,SENATOR,"ARRANZA, MANG JESS (IND)",6,0.09 %
REGION VI,NEGROS OCCIDENTAL,CITY OF BACOLOD,TACULING,45010379,SENATOR,"BAGUILAT, TEDDY (LP)",145,2.31 %
REGION VI,NEGROS OCCIDENTAL,CITY OF BACOLOD,TACULING,45010379,SENATOR,"BAILEN, AGNES (IND)",8,0.12 %
REGION VI,NEGROS OCCIDENTAL,CITY OF BACOLOD,TACULING,45010379,SENATOR,"BALITA, CARL (AKSYON)",48,0.76 %
REGION VI,NEGROS OCCIDENTAL,CITY OF BACOLOD,TACULING,45010379,SENATOR,"BARBO, LUTZ (PDPLBN)",4,0.06 %
REGION VI,NEGROS OCCIDENTAL,CITY OF BACOLOD,TACULING,45010379,SENATOR,"BAUTISTA, HERBERT BISTEK (NPC)",123,1.95 %
REGION VI,NEGROS OCCIDENTAL,CITY OF BACOLOD,TACULING,45010379,SENATOR,"BELGICA, GRECO (PDDS)",26,0.41 %
REGION VI,NEGROS OCCIDENTAL,CITY OF BACOLOD,TACULING,45010379,SENATOR,"BELLO, SILVESTRE JR. (PDPLBN)",26,0.41 %
REGION VI,NEGROS OCCIDENTAL,CITY OF BACOLOD,TACULING,45010379,SENATOR,"BINAY, JOJO (UNA)",107,1.70 %
REGION VI,NEGROS OCCIDENTAL,CITY OF BACOLOD,TACULING,45010379,SENATOR,"CABONEGRO, ROY (PLM)",19,0.30 %
REGION VI,NEGROS OCCIDENTAL,CITY OF BACOLOD,TACULING,45010379,SENATOR,"CASTRICIONES, BRO JOHN(PDPLBN)",5,0.07 %
REGION VI,NEGROS OCCIDENTAL,CITY OF BACOLOD,TACULING,45010379,SENATOR,"CAYETANO, ALAN PETER (IND)",208,3.31 %
REGION VI,NEGROS OCCIDENTAL,CITY OF BACOLOD,TACULING,45010379,SENATOR,"CHAVEZ, MELCHOR (WPP)",10,0.15 %
REGION VI,NEGROS OCCIDENTAL,CITY OF BACOLOD,TACULING,45010379,SENATOR,"COLMENARES, NERI (MKBYN)",242,3.85 %
REGION VI,NEGROS OCCIDENTAL,CITY OF BACOLOD,TACULING,45010379,SENATOR,"D'ANGELO, DAVID (PLM)",9,0.14 %
REGION VI,NEGROS OCCIDENTAL,CITY OF BACOLOD,TACULING,45010379,SENATOR,"DE LIMA, LEILA (LP)",193,3.07 %
REGION VI,NEGROS OCCIDENTAL,CITY OF BACOLOD,TACULING,45010379,SENATOR,"DEL ROSARIO, MONSOUR (PDR)",76,1.21 %
REGION VI,NEGROS OCCIDENTAL,CITY OF BACOLOD,TACULING,45010379,SENATOR,"DIAZ, DING (PPP)",11,0.17 %
REGION VI,NEGROS OCCIDENTAL,CITY OF BACOLOD,TACULING,45010379,SENATOR,"DIOKNO, CHEL (KANP)",291,4.63 %
REGION VI,NEGROS OCCIDENTAL,CITY OF BACOLOD,TACULING,45010379,SENATOR,"EJERCITO, JV ESTRADA (NPC)",151,2.40 %
REGION VI,NEGROS OCCIDENTAL,CITY OF BACOLOD,TACULING,45010379,SENATOR,"ELEAZAR, GEN. GUILLERMO (PDR)",168,2.67 %
REGION VI,NEGROS OCCIDENTAL,CITY OF BACOLOD,TACULING,45010379,SENATOR,"EREÑO, BRO. ERNIE (PM)",5,0.07 %
REGION VI,NEGROS OCCIDENTAL,CITY OF BACOLOD,TACULING,45010379,SENATOR,"ESCUDERO, CHIZ (NPC)",296,4.71 %
REGION VI,NEGROS OCCIDENTAL,CITY OF BACOLOD,TACULING,45010379,SENATOR,"ESPIRITU, LUKE (PLM)",153,2.43 %
REGION VI,NEGROS OCCIDENTAL,CITY OF BACOLOD,TACULING,45010379,SENATOR,"ESTRADA, JINGGOY (PMP)",82,1.30 %
REGION VI,NEGROS OCCIDENTAL,CITY OF BACOLOD,TACULING,45010379,SENATOR,"FALCONE, BAL FALCON (DPP)",3,0.04 %
REGION VI,NEGROS OCCIDENTAL,CITY OF BACOLOD,TACULING,45010379,SENATOR,"GADON, LARRY (KBL)",110,1.75 %
REGION VI,NEGROS OCCIDENTAL,CITY OF BACOLOD,TACULING,45010379,SENATOR,"GATCHALIAN, WIN (NPC)",231,3.68 %
REGION VI,NEGROS OCCIDENTAL,CITY OF BACOLOD,TACULING,45010379,SENATOR,"GORDON, WOW DICK (BVNP)",207,3.29 %
REGION VI,NEGROS OCCIDENTAL,CITY OF BACOLOD,TACULING,45010379,SENATOR,"GUTOC, SAMIRA (AKSYON)",27,0.43 %
REGION VI,NEGROS OCCIDENTAL,CITY OF BACOLOD,TACULING,45010379,SENATOR,"HONASAN, GRINGO (IND)",108,1.72 %
REGION VI,NEGROS OCCIDENTAL,CITY OF BACOLOD,TACULING,45010379,SENATOR,"HONTIVEROS, RISA (AKBAYAN)",328,5.22 %
REGION VI,NEGROS OCCIDENTAL,CITY OF BACOLOD,TACULING,45010379,SENATOR,"JAVELLANA, RJ (IND)",13,0.20 %
REGION VI,NEGROS OCCIDENTAL,CITY OF BACOLOD,TACULING,45010379,SENATOR,"KIRAM, NUR-MAHAL (IND)",8,0.12 %
REGION VI,NEGROS OCCIDENTAL,CITY OF BACOLOD,TACULING,45010379,SENATOR,"LABOG, ELMER (MKBYN)",47,0.74 %
REGION VI,NEGROS OCCIDENTAL,CITY OF BACOLOD,TACULING,45010379,SENATOR,"LACSON, KUYA ALEX (KP)",240,3.82 %
REGION VI,NEGROS OCCIDENTAL,CITY OF BACOLOD,TACULING,45010379,SENATOR,"LANGIT, REY (PDPLBN)",17,0.27 %
REGION VI,NEGROS OCCIDENTAL,CITY OF BACOLOD,TACULING,45010379,SENATOR,"LEGARDA, LOREN (NPC)",267,4.25 %
REGION VI,NEGROS OCCIDENTAL,CITY OF BACOLOD,TACULING,45010379,SENATOR,"LIM, ARIEL (IND)",12,0.19 %
REGION VI,NEGROS OCCIDENTAL,CITY OF BACOLOD,TACULING,45010379,SENATOR,"MALLILLIN, EMILY (PPM)",3,0.04 %
REGION VI,NEGROS OCCIDENTAL,CITY OF BACOLOD,TACULING,45010379,SENATOR,"MARCOLETA, RODANTE (PDPLBN)",38,0.60 %
REGION VI,NEGROS OCCIDENTAL,CITY OF BACOLOD,TACULING,45010379,SENATOR,"MARCOS, FRANCIS LEO (IND)",26,0.41 %
REGION VI,NEGROS OCCIDENTAL,CITY OF BACOLOD,TACULING,45010379,SENATOR,"MATULA, SONNY (IND)",119,1.89 %
REGION VI,NEGROS OCCIDENTAL,CITY OF BACOLOD,TACULING,45010379,SENATOR,"MINDALANO-ADAM,MARIETA(KTPNAN)",4,0.06 %
REGION VI,NEGROS OCCIDENTAL,CITY OF BACOLOD,TACULING,45010379,SENATOR,"OLARTE, ATTY/DR. LEO (BIGKIS)",4,0.06 %
REGION VI,NEGROS OCCIDENTAL,CITY OF BACOLOD,TACULING,45010379,SENATOR,"PADILLA, DRA. MINGUITA (PDR)",61,0.97 %
REGION VI,NEGROS OCCIDENTAL,CITY OF BACOLOD,TACULING,45010379,SENATOR,"PADILLA, ROBIN (PDPLBN)",160,2.54 %
REGION VI,NEGROS OCCIDENTAL,CITY OF BACOLOD,TACULING,45010379,SENATOR,"PANELO, SAL PANALO (PDPLBN)",79,1.25 %
REGION VI,NEGROS OCCIDENTAL,CITY OF BACOLOD,TACULING,45010379,SENATOR,"PIMENTEL, ASTRA (PDPLBN)",38,0.60 %
REGION VI,NEGROS OCCIDENTAL,CITY OF BACOLOD,TACULING,45010379,SENATOR,"PIÑOL, MANNY (NPC)",58,0.92 %
REGION VI,NEGROS OCCIDENTAL,CITY OF BACOLOD,TACULING,45010379,SENATOR,"RICABLANCA, WILLIE JR. (PM)",11,0.17 %
REGION VI,NEGROS OCCIDENTAL,CITY OF BACOLOD,TACULING,45010379,SENATOR,"ROQUE, HARRY SPOX (PRP)",97,1.54 %
REGION VI,NEGROS OCCIDENTAL,CITY OF BACOLOD,TACULING,45010379,SENATOR,"SAHIDULLA, LADY ANNE (PDDS)",4,0.06 %
REGION VI,NEGROS OCCIDENTAL,CITY OF BACOLOD,TACULING,45010379,SENATOR,"SISON, JOPET (AKSYON)",34,0.54 %
REGION VI,NEGROS OCCIDENTAL,CITY OF BACOLOD,TACULING,45010379,SENATOR,"TEODORO, GIBO (PRP)",259,4.12 %
REGION VI,NEGROS OCCIDENTAL,CITY OF BACOLOD,TACULING,45010379,SENATOR,"TRILLANES, ANTONIO IV (LP)",207,3.29 %
REGION VI,NEGROS OCCIDENTAL,CITY OF BACOLOD,TACULING,45010379,SENATOR,"TULFO, IDOL RAFFY (IND)",233,3.71 %
REGION VI,NEGROS OCCIDENTAL,CITY OF BACOLOD,TACULING,45010379,SENATOR,"VALEROS, REY (IND)",9,0.14 %
REGION VI,NEGROS OCCIDENTAL,CITY OF BACOLOD,TACULING,45010379,SENATOR,"VILLANUEVA,JOEL TESDAMAN (IND)",225,3.58 %
REGION VI,NEGROS OCCIDENTAL,CITY OF BACOLOD,TACULING,45010379,SENATOR,"VILLAR, MARK (NP)",199,3.17 %
REGION VI,NEGROS OCCIDENTAL,CITY OF BACOLOD,TACULING,45010379,SENATOR,"ZUBIAGA, CARMEN (IND)",57,0.90 %
REGION VI,NEGROS OCCIDENTAL,CITY OF BACOLOD,TACULING,45010379,SENATOR,"ZUBIRI, MIGZ (IND)",300,4.77 %
REGION VI,NEGROS OCCIDENTAL,CITY OF BACOLOD,TACULING,45010379,PARTYLIST,Candidate,Votes,Percentage
REGION VI,NEGROS OCCIDENTAL,CITY OF BACOLOD,TACULING,45010379,PARTYLIST,01 KAMALAYAN,0,0.00 %
REGION VI,NEGROS OCCIDENTAL,CITY OF BACOLOD,TACULING,45010379,PARTYLIST,02 KM NGAYON NA,1,0.19 %
REGION VI,NEGROS OCCIDENTAL,CITY OF BACOLOD,TACULING,45010379,PARTYLIST,03 PSIS,1,0.19 %
REGION VI,NEGROS OCCIDENTAL,CITY OF BACOLOD,TACULING,45010379,PARTYLIST,04 AGAP,10,1.98 %
REGION VI,NEGROS OCCIDENTAL,CITY OF BACOLOD,TACULING,45010379,PARTYLIST,05 KABAYAN,3,0.59 %
REGION VI,NEGROS OCCIDENTAL,CITY OF BACOLOD,TACULING,45010379,PARTYLIST,06 HOME OWNER,0,0.00 %
REGION VI,NEGROS OCCIDENTAL,CITY OF BACOLOD,TACULING,45010379,PARTYLIST,07 KAPUSO-PM,0,0.00 %
REGION VI,NEGROS OCCIDENTAL,CITY OF BACOLOD,TACULING,45010379,PARTYLIST,08 PDP CARES,2,0.39 %
REGION VI,NEGROS OCCIDENTAL,CITY OF BACOLOD,TACULING,45010379,PARTYLIST,09 MARVELOUS TAYO,0,0.00 %
REGION VI,NEGROS OCCIDENTAL,CITY OF BACOLOD,TACULING,45010379,PARTYLIST,10 AKO OFW,4,0.79 %
REGION VI,NEGROS OCCIDENTAL,CITY OF BACOLOD,TACULING,45010379,PARTYLIST,11 UNITED SENIOR CITIZEN,13,2.58 %
REGION VI,NEGROS OCCIDENTAL,CITY OF BACOLOD,TACULING,45010379,PARTYLIST,12 WOW PILIPINAS,0,0.00 %
REGION VI,NEGROS OCCIDENTAL,CITY OF BACOLOD,TACULING,45010379,PARTYLIST,13 ALTERNATIBA,0,0.00 %
REGION VI,NEGROS OCCIDENTAL,CITY OF BACOLOD,TACULING,45010379,PARTYLIST,14 1-RIDER PARTYLIST,7,1.39 %
REGION VI,NEGROS OCCIDENTAL,CITY OF BACOLOD,TACULING,45010379,PARTYLIST,15 1-CARE,0,0.00 %
REGION VI,NEGROS OCCIDENTAL,CITY OF BACOLOD,TACULING,45010379,PARTYLIST,16 ABP,0,0.00 %
REGION VI,NEGROS OCCIDENTAL,CITY OF BACOLOD,TACULING,45010379,PARTYLIST,17 AKO MUSIKERO,0,0.00 %
REGION VI,NEGROS OCCIDENTAL,CITY OF BACOLOD,TACULING,45010379,PARTYLIST,18 AKO BICOL,1,0.19 %
REGION VI,NEGROS OCCIDENTAL,CITY OF BACOLOD,TACULING,45010379,PARTYLIST,19 PRAI,4,0.79 %
REGION VI,NEGROS OCCIDENTAL,CITY OF BACOLOD,TACULING,45010379,PARTYLIST,20 4PS,2,0.39 %
REGION VI,NEGROS OCCIDENTAL,CITY OF BACOLOD,TACULING,45010379,PARTYLIST,21 MAAGAP,0,0.00 %
REGION VI,NEGROS OCCIDENTAL,CITY OF BACOLOD,TACULING,45010379,PARTYLIST,22 ABANTE PILIPINAS,2,0.39 %
REGION VI,NEGROS OCCIDENTAL,CITY OF BACOLOD,TACULING,45010379,PARTYLIST,23 AKTIBONG KAAGAPAY,0,0.00 %
REGION VI,NEGROS OCCIDENTAL,CITY OF BACOLOD,TACULING,45010379,PARTYLIST,24 ALSA BISAYA,1,0.19 %
REGION VI,NEGROS OCCIDENTAL,CITY OF BACOLOD,TACULING,45010379,PARTYLIST,25 PROBINSYANO AKO,2,0.39 %
REGION VI,NEGROS OCCIDENTAL,CITY OF BACOLOD,TACULING,45010379,PARTYLIST,26 YACAP,10,1.98 %
REGION VI,NEGROS OCCIDENTAL,CITY OF BACOLOD,TACULING,45010379,PARTYLIST,27 MAGDALO,7,1.39 %
REGION VI,NEGROS OCCIDENTAL,CITY OF BACOLOD,TACULING,45010379,PARTYLIST,28 ACT-CIS,18,3.57 %
REGION VI,NEGROS OCCIDENTAL,CITY OF BACOLOD,TACULING,45010379,PARTYLIST,29 HUGPONG FEDERAL,0,0.00 %
REGION VI,NEGROS OCCIDENTAL,CITY OF BACOLOD,TACULING,45010379,PARTYLIST,30 TGP,0,0.00 %
REGION VI,NEGROS OCCIDENTAL,CITY OF BACOLOD,TACULING,45010379,PARTYLIST,31 ONE COOP,0,0.00 %
REGION VI,NEGROS OCCIDENTAL,CITY OF BACOLOD,TACULING,45010379,PARTYLIST,32 BARKADAHAN,0,0.00 %
REGION VI,NEGROS OCCIDENTAL,CITY OF BACOLOD,TACULING,45010379,PARTYLIST,33 DUMPER PTDA,5,0.99 %
REGION VI,NEGROS OCCIDENTAL,CITY OF BACOLOD,TACULING,45010379,PARTYLIST,34 MALABUNG,0,0.00 %
REGION VI,NEGROS OCCIDENTAL,CITY OF BACOLOD,TACULING,45010379,PARTYLIST,35 BH (BAGONG HENERASYON),0,0.00 %
REGION VI,NEGROS OCCIDENTAL,CITY OF BACOLOD,TACULING,45010379,PARTYLIST,36 AKMA-PTM,0,0.00 %
REGION VI,NEGROS OCCIDENTAL,CITY OF BACOLOD,TACULING,45010379,PARTYLIST,37 IPATUPAD,0,0.00 %
REGION VI,NEGROS OCCIDENTAL,CITY OF BACOLOD,TACULING,45010379,PARTYLIST,38 PINUNO,2,0.39 %
REGION VI,NEGROS OCCIDENTAL,CITY OF BACOLOD,TACULING,45010379,PARTYLIST,39 LPGMA,0,0.00 %
REGION VI,NEGROS OCCIDENTAL,CITY OF BACOLOD,TACULING,45010379,PARTYLIST,40 CLICK PARTY,1,0.19 %
REGION VI,NEGROS OCCIDENTAL,CITY OF BACOLOD,TACULING,45010379,PARTYLIST,41 TODA,2,0.39 %
REGION VI,NEGROS OCCIDENTAL,CITY OF BACOLOD,TACULING,45010379,PARTYLIST,42 BHW,0,0.00 %
REGION VI,NEGROS OCCIDENTAL,CITY OF BACOLOD,TACULING,45010379,PARTYLIST,43 MALASAKIT@BAYANIHAN,39,7.75 %
REGION VI,NEGROS OCCIDENTAL,CITY OF BACOLOD,TACULING,45010379,PARTYLIST,44 ABS,0,0.00 %
REGION VI,NEGROS OCCIDENTAL,CITY OF BACOLOD,TACULING,45010379,PARTYLIST,45 PASAHERO PARTYLIST,0,0.00 %
REGION VI,NEGROS OCCIDENTAL,CITY OF BACOLOD,TACULING,45010379,PARTYLIST,46 ANGAT,5,0.99 %
REGION VI,NEGROS OCCIDENTAL,CITY OF BACOLOD,TACULING,45010379,PARTYLIST,47 SOLID-CHANGE,1,0.19 %
REGION VI,NEGROS OCCIDENTAL,CITY OF BACOLOD,TACULING,45010379,PARTYLIST,48 BICOL SARO,1,0.19 %
REGION VI,NEGROS OCCIDENTAL,CITY OF BACOLOD,TACULING,45010379,PARTYLIST,49 OFW,6,1.19 %
REGION VI,NEGROS OCCIDENTAL,CITY OF BACOLOD,TACULING,45010379,PARTYLIST,50 ANG PROBINSIYANO,2,0.39 %
REGION VI,NEGROS OCCIDENTAL,CITY OF BACOLOD,TACULING,45010379,PARTYLIST,51 ANAKALUSUGAN,1,0.19 %
REGION VI,NEGROS OCCIDENTAL,CITY OF BACOLOD,TACULING,45010379,PARTYLIST,52 PBA,1,0.19 %
REGION VI,NEGROS OCCIDENTAL,CITY OF BACOLOD,TACULING,45010379,PARTYLIST,53 PEACE,5,0.99 %
REGION VI,NEGROS OCCIDENTAL,CITY OF BACOLOD,TACULING,45010379,PARTYLIST,54 P3PWD,52,10.33 %
REGION VI,NEGROS OCCIDENTAL,CITY OF BACOLOD,TACULING,45010379,PARTYLIST,55 S.M.I.L.E,0,0.00 %
REGION VI,NEGROS OCCIDENTAL,CITY OF BACOLOD,TACULING,45010379,PARTYLIST,56 AAMBIS-OWA,0,0.00 %
REGION VI,NEGROS OCCIDENTAL,CITY OF BACOLOD,TACULING,45010379,PARTYLIST,57 BUTIL,1,0.19 %
REGION VI,NEGROS OCCIDENTAL,CITY OF BACOLOD,TACULING,45010379,PARTYLIST,58 LUNAS,0,0.00 %
REGION VI,NEGROS OCCIDENTAL,CITY OF BACOLOD,TACULING,45010379,PARTYLIST,59 ANG KOMADRONA,2,0.39 %
REGION VI,NEGROS OCCIDENTAL,CITY OF BACOLOD,TACULING,45010379,PARTYLIST,60 KABAKA,0,0.00 %
REGION VI,NEGROS OCCIDENTAL,CITY OF BACOLOD,TACULING,45010379,PARTYLIST,61 SAGIP,1,0.19 %
REGION VI,NEGROS OCCIDENTAL,CITY OF BACOLOD,TACULING,45010379,PARTYLIST,62 ANG KABUHAYAN,0,0.00 %
REGION VI,NEGROS OCCIDENTAL,CITY OF BACOLOD,TACULING,45010379,PARTYLIST,63 AKO I.P.,1,0.19 %
REGION VI,NEGROS OCCIDENTAL,CITY OF BACOLOD,TACULING,45010379,PARTYLIST,64 PHILRECA,0,0.00 %
REGION VI,NEGROS OCCIDENTAL,CITY OF BACOLOD,TACULING,45010379,PARTYLIST,65 BABAE AKO,1,0.19 %
REGION VI,NEGROS OCCIDENTAL,CITY OF BACOLOD,TACULING,45010379,PARTYLIST,66 KB,0,0.00 %
REGION VI,NEGROS OCCIDENTAL,CITY OF BACOLOD,TACULING,45010379,PARTYLIST,67 GABRIELA,7,1.39 %
REGION VI,NEGROS OCCIDENTAL,CITY OF BACOLOD,TACULING,45010379,PARTYLIST,68 KALINGA,6,1.19 %
REGION VI,NEGROS OCCIDENTAL,CITY OF BACOLOD,TACULING,45010379,PARTYLIST,69 STL,0,0.00 %
REGION VI,NEGROS OCCIDENTAL,CITY OF BACOLOD,TACULING,45010379,PARTYLIST,70 RECOBODA,0,0.00 %
REGION VI,NEGROS OCCIDENTAL,CITY OF BACOLOD,TACULING,45010379,PARTYLIST,71 ANGAT PINOY,2,0.39 %
REGION VI,NEGROS OCCIDENTAL,CITY OF BACOLOD,TACULING,45010379,PARTYLIST,72 ANAC-IP,0,0.00 %
REGION VI,NEGROS OCCIDENTAL,CITY OF BACOLOD,TACULING,45010379,PARTYLIST,73 DIWA,1,0.19 %
REGION VI,NEGROS OCCIDENTAL,CITY OF BACOLOD,TACULING,45010379,PARTYLIST,74 ASENSO PINOY,3,0.59 %
REGION VI,NEGROS OCCIDENTAL,CITY OF BACOLOD,TACULING,45010379,PARTYLIST,75 PPP,0,0.00 %
REGION VI,NEGROS OCCIDENTAL,CITY OF BACOLOD,TACULING,45010379,PARTYLIST,76 PAMILYA MUNA,5,0.99 %
REGION VI,NEGROS OCCIDENTAL,CITY OF BACOLOD,TACULING,45010379,PARTYLIST,77 AYUDA SANDUGO,1,0.19 %
REGION VI,NEGROS OCCIDENTAL,CITY OF BACOLOD,TACULING,45010379,PARTYLIST,78 BUKLOD FILIPINO,0,0.00 %
REGION VI,NEGROS OCCIDENTAL,CITY OF BACOLOD,TACULING,45010379,PARTYLIST,79 BTS,0,0.00 %
REGION VI,NEGROS OCCIDENTAL,CITY OF BACOLOD,TACULING,45010379,PARTYLIST,80 MOCHA,0,0.00 %
REGION VI,NEGROS OCCIDENTAL,CITY OF BACOLOD,TACULING,45010379,PARTYLIST,81 ACT TEACHERS,4,0.79 %
REGION VI,NEGROS OCCIDENTAL,CITY OF BACOLOD,TACULING,45010379,PARTYLIST,82 ALONA,0,0.00 %
REGION VI,NEGROS OCCIDENTAL,CITY OF BACOLOD,TACULING,45010379,PARTYLIST,83 KABALIKAT,0,0.00 %
REGION VI,NEGROS OCCIDENTAL,CITY OF BACOLOD,TACULING,45010379,PARTYLIST,84 ALIF,0,0.00 %
REGION VI,NEGROS OCCIDENTAL,CITY OF BACOLOD,TACULING,45010379,PARTYLIST,85 1-UTAP BICOL,0,0.00 %
REGION VI,NEGROS OCCIDENTAL,CITY OF BACOLOD,TACULING,45010379,PARTYLIST,86 TINGOG,4,0.79 %
REGION VI,NEGROS OCCIDENTAL,CITY OF BACOLOD,TACULING,45010379,PARTYLIST,87 H.E.L.P. PILIPINAS,0,0.00 %
REGION VI,NEGROS OCCIDENTAL,CITY OF BACOLOD,TACULING,45010379,PARTYLIST,88 TUCP,1,0.19 %
REGION VI,NEGROS OCCIDENTAL,CITY OF BACOLOD,TACULING,45010379,PARTYLIST,89 PTA,0,0.00 %
REGION VI,NEGROS OCCIDENTAL,CITY OF BACOLOD,TACULING,45010379,PARTYLIST,90 AGIMAT,0,0.00 %
REGION VI,NEGROS OCCIDENTAL,CITY OF BACOLOD,TACULING,45010379,PARTYLIST,91 KONTRA BROWNOUT,0,0.00 %
REGION VI,NEGROS OCCIDENTAL,CITY OF BACOLOD,TACULING,45010379,PARTYLIST,92 TULUNGAN TAYO,0,0.00 %
REGION VI,NEGROS OCCIDENTAL,CITY OF BACOLOD,TACULING,45010379,PARTYLIST,93 DUTERTE YOUTH,3,0.59 %
REGION VI,NEGROS OCCIDENTAL,CITY OF BACOLOD,TACULING,45010379,PARTYLIST,94 ABEKA,0,0.00 %
REGION VI,NEGROS OCCIDENTAL,CITY OF BACOLOD,TACULING,45010379,PARTYLIST,95 KABATAAN,15,2.98 %
REGION VI,NEGROS OCCIDENTAL,CITY OF BACOLOD,TACULING,45010379,PARTYLIST,97 ACTS-OFW,1,0.19 %
REGION VI,NEGROS OCCIDENTAL,CITY OF BACOLOD,TACULING,45010379,PARTYLIST,98 RAM,4,0.79 %
REGION VI,NEGROS OCCIDENTAL,CITY OF BACOLOD,TACULING,45010379,PARTYLIST,99 USWAG ILONGGO,32,6.36 %
REGION VI,NEGROS OCCIDENTAL,CITY OF BACOLOD,TACULING,45010379,PARTYLIST,100 AKO BISAYA,3,0.59 %
REGION VI,NEGROS OCCIDENTAL,CITY OF BACOLOD,TACULING,45010379,PARTYLIST,101 KAPAMILYA,2,0.39 %
REGION VI,NEGROS OCCIDENTAL,CITY OF BACOLOD,TACULING,45010379,PARTYLIST,102 PUSONG PINOY,0,0.00 %
REGION VI,NEGROS OCCIDENTAL,CITY OF BACOLOD,TACULING,45010379,PARTYLIST,103 CWS,0,0.00 %
REGION VI,NEGROS OCCIDENTAL,CITY OF BACOLOD,TACULING,45010379,PARTYLIST,104 SILBI,0,0.00 %
REGION VI,NEGROS OCCIDENTAL,CITY OF BACOLOD,TACULING,45010379,PARTYLIST,105 CIBAC,5,0.99 %
REGION VI,NEGROS OCCIDENTAL,CITY OF BACOLOD,TACULING,45010379,PARTYLIST,106 SUBANEN,0,0.00 %
REGION VI,NEGROS OCCIDENTAL,CITY OF BACOLOD,TACULING,45010379,PARTYLIST,107 AKKK,0,0.00 %
REGION VI,NEGROS OCCIDENTAL,CITY OF BACOLOD,TACULING,45010379,PARTYLIST,108 BG PARTY-LIST,0,0.00 %
REGION VI,NEGROS OCCIDENTAL,CITY OF BACOLOD,TACULING,45010379,PARTYLIST,109 PAMILYANG MAGSASAKA,5,0.99 %
REGION VI,NEGROS OCCIDENTAL,CITY OF BACOLOD,TACULING,45010379,PARTYLIST,110 COOP NATCCO,4,0.79 %
REGION VI,NEGROS OCCIDENTAL,CITY OF BACOLOD,TACULING,45010379,PARTYLIST,111 FRONTLINERS ANG BIDA,1,0.19 %
REGION VI,NEGROS OCCIDENTAL,CITY OF BACOLOD,TACULING,45010379,PARTYLIST,112 KASAMA,0,0.00 %
REGION VI,NEGROS OCCIDENTAL,CITY OF BACOLOD,TACULING,45010379,PARTYLIST,113 AKO BISDAK,0,0.00 %
REGION VI,NEGROS OCCIDENTAL,CITY OF BACOLOD,TACULING,45010379,PARTYLIST,114 GP PARTY,0,0.00 %
REGION VI,NEGROS OCCIDENTAL,CITY OF BACOLOD,TACULING,45010379,PARTYLIST,115 BAHAY,1,0.19 %
REGION VI,NEGROS OCCIDENTAL,CITY OF BACOLOD,TACULING,45010379,PARTYLIST,116 MAGSASAKA,6,1.19 %
REGION VI,NEGROS OCCIDENTAL,CITY OF BACOLOD,TACULING,45010379,PARTYLIST,117 MARINO,6,1.19 %
REGION VI,NEGROS OCCIDENTAL,CITY OF BACOLOD,TACULING,45010379,PARTYLIST,118 UNITED FRONTLINERS,0,0.00 %
REGION VI,NEGROS OCCIDENTAL,CITY OF BACOLOD,TACULING,45010379,PARTYLIST,119 L.O.G.R.O. KUSINERO,0,0.00 %
REGION VI,NEGROS OCCIDENTAL,CITY OF BACOLOD,TACULING,45010379,PARTYLIST,120 BPO,0,0.00 %
REGION VI,NEGROS OCCIDENTAL,CITY OF BACOLOD,TACULING,45010379,PARTYLIST,121 ABANG LINGKOD,78,15.50 %
REGION VI,NEGROS OCCIDENTAL,CITY OF BACOLOD,TACULING,45010379,PARTYLIST,122 KUSUG TAUSUG,0,0.00 %
REGION VI,NEGROS OCCIDENTAL,CITY OF BACOLOD,TACULING,45010379,PARTYLIST,123 PLM,2,0.39 %
REGION VI,NEGROS OCCIDENTAL,CITY OF BACOLOD,TACULING,45010379,PARTYLIST,124 OK PARTYLIST,0,0.00 %
REGION VI,NEGROS OCCIDENTAL,CITY OF BACOLOD,TACULING,45010379,PARTYLIST,125 A TEACHER,2,0.39 %
REGION VI,NEGROS OCCIDENTAL,CITY OF BACOLOD,TACULING,45010379,PARTYLIST,126 PASADA-CC,0,0.00 %
REGION VI,NEGROS OCCIDENTAL,CITY OF BACOLOD,TACULING,45010379,PARTYLIST,127 OFW FAMILY,0,0.00 %
REGION VI,NEGROS OCCIDENTAL,CITY OF BACOLOD,TACULING,45010379,PARTYLIST,128 ANGKLA,7,1.39 %
REGION VI,NEGROS OCCIDENTAL,CITY OF BACOLOD,TACULING,45010379,PARTYLIST,129 COCOMAN,0,0.00 %
REGION VI,NEGROS OCCIDENTAL,CITY OF BACOLOD,TACULING,45010379,PARTYLIST,130 ACT AS ONE,4,0.79 %
REGION VI,NEGROS OCCIDENTAL,CITY OF BACOLOD,TACULING,45010379,PARTYLIST,131 AKO ILOCANO AKO,8,1.59 %
REGION VI,NEGROS OCCIDENTAL,CITY OF BACOLOD,TACULING,45010379,PARTYLIST,132 TRABAHO,2,0.39 %
REGION VI,NEGROS OCCIDENTAL,CITY OF BACOLOD,TACULING,45010379,PARTYLIST,133 PATROL,1,0.19 %
REGION VI,NEGROS OCCIDENTAL,CITY OF BACOLOD,TACULING,45010379,PARTYLIST,134 AKO PADAYON,0,0.00 %
REGION VI,NEGROS OCCIDENTAL,CITY OF BACOLOD,TACULING,45010379,PARTYLIST,135 ABONO,0,0.00 %
REGION VI,NEGROS OCCIDENTAL,CITY OF BACOLOD,TACULING,45010379,PARTYLIST,136 MANILA TEACHERS,1,0.19 %
REGION VI,NEGROS OCCIDENTAL,CITY OF BACOLOD,TACULING,45010379,PARTYLIST,137 KOOP-KAMPI,0,0.00 %
REGION VI,NEGROS OCCIDENTAL,CITY OF BACOLOD,TACULING,45010379,PARTYLIST,138 MAYPAGASA,0,0.00 %
REGION VI,NEGROS OCCIDENTAL,CITY OF BACOLOD,TACULING,45010379,PARTYLIST,139 PVAID,0,0.00 %
REGION VI,NEGROS OCCIDENTAL,CITY OF BACOLOD,TACULING,45010379,PARTYLIST,140 TUTOK TO WIN,4,0.79 %
REGION VI,NEGROS OCCIDENTAL,CITY OF BACOLOD,TACULING,45010379,PARTYLIST,141 BAYAN MUNA,3,0.59 %
REGION VI,NEGROS OCCIDENTAL,CITY OF BACOLOD,TACULING,45010379,PARTYLIST,142 API,0,0.00 %
REGION VI,NEGROS OCCIDENTAL,CITY OF BACOLOD,TACULING,45010379,PARTYLIST,143 ARTE,1,0.19 %
REGION VI,NEGROS OCCIDENTAL,CITY OF BACOLOD,TACULING,45010379,PARTYLIST,144 ASAP,0,0.00 %
REGION VI,NEGROS OCCIDENTAL,CITY OF BACOLOD,TACULING,45010379,PARTYLIST,145 BUNYOG,0,0.00 %
REGION VI,NEGROS OCCIDENTAL,CITY OF BACOLOD,TACULING,45010379,PARTYLIST,146 AKBAYAN,10,1.98 %
REGION VI,NEGROS OCCIDENTAL,CITY OF BACOLOD,TACULING,45010379,PARTYLIST,147 DAMAYAN,0,0.00 %
REGION VI,NEGROS OCCIDENTAL,CITY OF BACOLOD,TACULING,45010379,PARTYLIST,148 WIFI,2,0.39 %
REGION VI,NEGROS OCCIDENTAL,CITY OF BACOLOD,TACULING,45010379,PARTYLIST,149 CANCER PARTY LIST,1,0.19 %
REGION VI,NEGROS OCCIDENTAL,CITY OF BACOLOD,TACULING,45010379,PARTYLIST,150 1-ANG EDUKASYON,1,0.19 %
REGION VI,NEGROS OCCIDENTAL,CITY OF BACOLOD,TACULING,45010379,PARTYLIST,151 UFCC,0,0.00 %
REGION VI,NEGROS OCCIDENTAL,CITY OF BACOLOD,TACULING,45010379,PARTYLIST,152 AGRI,4,0.79 %
REGION VI,NEGROS OCCIDENTAL,CITY OF BACOLOD,TACULING,45010379,PARTYLIST,153 MAHARLIKA,0,0.00 %
REGION VI,NEGROS OCCIDENTAL,CITY OF BACOLOD,TACULING,45010379,PARTYLIST,154 ANAKPAWIS,1,0.19 %
REGION VI,NEGROS OCCIDENTAL,CITY OF BACOLOD,TACULING,45010379,PARTYLIST,155 1TAHANAN,0,0.00 %
REGION VI,NEGROS OCCIDENTAL,CITY OF BACOLOD,TACULING,45010379,PARTYLIST,156 TURISMO,0,0.00 %
REGION VI,NEGROS OCCIDENTAL,CITY OF BACOLOD,TACULING,45010379,PARTYLIST,157 APEC,0,0.00 %
REGION VI,NEGROS OCCIDENTAL,CITY OF BACOLOD,TACULING,45010379,PARTYLIST,158 SENIOR CITIZENS PARTYLIST,9,1.78 %
REGION VI,NEGROS OCCIDENTAL,CITY OF BACOLOD,TACULING,45010379,PARTYLIST,159 AASENSO,1,0.19 %
REGION VI,NEGROS OCCIDENTAL,CITY OF BACOLOD,TACULING,45010379,PARTYLIST,160 AMIN,0,0.00 %
REGION VI,NEGROS OCCIDENTAL,CITY OF BACOLOD,TACULING,45010379,PARTYLIST,161 1-PACMAN,4,0.79 %
REGION VI,NEGROS OCCIDENTAL,CITY OF BACOLOD,TACULING,45010379,PARTYLIST,162 ABB-NFCPI,0,0.00 %
REGION VI,NEGROS OCCIDENTAL,CITY OF BACOLOD,TACULING,45010379,PARTYLIST,163 AN WARAY,1,0.19 %
REGION VI,NEGROS OCCIDENTAL,CITY OF BACOLOD,TACULING,45010379,PARTYLIST,164 AP PARTYLIST,4,0.79 %
REGION VI,NEGROS OCCIDENTAL,CITY OF BACOLOD,TACULING,45010379,PARTYLIST,165 AKAP PINOY,0,0.00 %
REGION VI,NEGROS OCCIDENTAL,CITY OF BACOLOD,TACULING,45010379,PARTYLIST,166 BUHAY,0,0.00 %
REGION VI,NEGROS OCCIDENTAL,CITY OF BACOLOD,TACULING,45010379,PARTYLIST,167 ARISE,0,0.00 %
REGION VI,NEGROS OCCIDENTAL,CITY OF BACOLOD,TACULING,45010379,PARTYLIST,168 IWI,0,0.00 %
REGION VI,NEGROS OCCIDENTAL,CITY OF BACOLOD,TACULING,45010379,PARTYLIST,169 ANG TINIG NG SENIORS,3,0.59 %
REGION VI,NEGROS OCCIDENTAL,CITY OF BACOLOD,TACULING,45010379,PARTYLIST,170 LBP,0,0.00 %
REGION VI,NEGROS OCCIDENTAL,CITY OF BACOLOD,TACULING,45010379,PARTYLIST,171 IPEACE EPANAW,0,0.00 %
REGION VI,NEGROS OCCIDENTAL,CITY OF BACOLOD,TACULING,45010379,PARTYLIST,172 APAT-DAPAT,0,0.00 %
REGION VI,NEGROS OCCIDENTAL,CITY OF BACOLOD,TACULING,45010379,PARTYLIST,173 UMA ILONGGO,4,0.79 %
REGION VI,NEGROS OCCIDENTAL,CITY OF BACOLOD,TACULING,45010379,PARTYLIST,174 AYUDA,0,0.00 %
REGION VI,NEGROS OCCIDENTAL,CITY OF BACOLOD,TACULING,45010379,PARTYLIST,175 SAMBAYANAN,3,0.59 %
REGION VI,NEGROS OCCIDENTAL,CITY OF BACOLOD,TACULING,45010379,PARTYLIST,176 AKO BREEDER,2,0.39 %
REGION VI,NEGROS OCCIDENTAL,CITY OF BACOLOD,TACULING,45010379,PARTYLIST,177 FPJ,0,0.00 %
REGION VI,NEGROS OCCIDENTAL,CITY OF BACOLOD,TACULING,45010379,PARTYLIST,178 LIBRO,1,0.19 %
REGION VI,NEGROS OCCIDENTAL,CITY OF BACOLOD,TACULING,45010379,REP,Candidate,Votes,Percentage
REGION VI,NEGROS OCCIDENTAL,CITY OF BACOLOD,TACULING,45010379,REP,"ATAYDE, DAN (IND)",204,33.49 %
REGION VI,NEGROS OCCIDENTAL,CITY OF BACOLOD,TACULING,45010379,REP,"DAVID, WILLY (IND)",2,0.32 %
REGION VI,NEGROS OCCIDENTAL,CITY OF BACOLOD,TACULING,45010379,REP,"GASATAYA, GREG (NPC)",395,64.86 %
REGION VI,NEGROS OCCIDENTAL,CITY OF BACOLOD,TACULING,45010379,REP,"GUSTILO, ROMY (IND)",5,0.82 %
REGION VI,NEGROS OCCIDENTAL,CITY OF BACOLOD,TACULING,45010379,REP,"SAN MIGUEL, NONONG (PDDS)",3,0.49 %
REGION VI,NEGROS OCCIDENTAL,CITY OF BACOLOD,TACULING,45010379,MAYOR,Candidate,Votes,Percentage
REGION VI,NEGROS OCCIDENTAL,CITY OF BACOLOD,TACULING,45010379,MAYOR,"BENITEZ, ALBEE (PDPLBN)",332,52.36 %
REGION VI,NEGROS OCCIDENTAL,CITY OF BACOLOD,TACULING,45010379,MAYOR,"LEONARDIA, BING (NP)",302,47.63 %
REGION VI,NEGROS OCCIDENTAL,CITY OF BACOLOD,TACULING,45010379,VICE_MAYOR,Candidate,Votes,Percentage
REGION VI,NEGROS OCCIDENTAL,CITY OF BACOLOD,TACULING,45010379,VICE_MAYOR,"DISTRITO, CAESAR (PDPLBN)",152,24.67 %
REGION VI,NEGROS OCCIDENTAL,CITY OF BACOLOD,TACULING,45010379,VICE_MAYOR,"FAMILIARAN, EL CID (NP)",317,51.46 %
REGION VI,NEGROS OCCIDENTAL,CITY OF BACOLOD,TACULING,45010379,VICE_MAYOR,"GAMBOA, WILSON JR. (IND)",147,23.86 %
REGION VI,NEGROS OCCIDENTAL,CITY OF BACOLOD,TACULING,45010379,SP,Candidate,Votes,Percentage
REGION VI,NEGROS OCCIDENTAL,CITY OF BACOLOD,TACULING,45010379,SP,"ANG, EM (NP)",322,5.38 %
REGION VI,NEGROS OCCIDENTAL,CITY OF BACOLOD,TACULING,45010379,SP,"ARROYO, ALAN (IND)",37,0.61 %
REGION VI,NEGROS OCCIDENTAL,CITY OF BACOLOD,TACULING,45010379,SP,"AUJERO, JORGE THE WISE (IND)",22,0.36 %
REGION VI,NEGROS OCCIDENTAL,CITY OF BACOLOD,TACULING,45010379,SP,"BAIS, HOMER (PDPLBN)",180,3.00 %
REGION VI,NEGROS OCCIDENTAL,CITY OF BACOLOD,TACULING,45010379,SP,"BARIBAR, ARCHIE (PROMDI)",231,3.86 %
REGION VI,NEGROS OCCIDENTAL,CITY OF BACOLOD,TACULING,45010379,SP,"BELARIO, 007 (IND)",17,0.28 %
REGION VI,NEGROS OCCIDENTAL,CITY OF BACOLOD,TACULING,45010379,SP,"BELORIA, TOTO CESAR (IND)",82,1.37 %
REGION VI,NEGROS OCCIDENTAL,CITY OF BACOLOD,TACULING,45010379,SP,"CONTRERAS, LR (PRP)",28,0.46 %
REGION VI,NEGROS OCCIDENTAL,CITY OF BACOLOD,TACULING,45010379,SP,"DIAZ, JONATHAN JR. (NP)",118,1.97 %
REGION VI,NEGROS OCCIDENTAL,CITY OF BACOLOD,TACULING,45010379,SP,"DISTRITO, SIMPLE (PDPLBN)",173,2.89 %
REGION VI,NEGROS OCCIDENTAL,CITY OF BACOLOD,TACULING,45010379,SP,"ESPINO, AL (NPC)",231,3.86 %
REGION VI,NEGROS OCCIDENTAL,CITY OF BACOLOD,TACULING,45010379,SP,"FLOR, CELIA (IND)",233,3.89 %
REGION VI,NEGROS OCCIDENTAL,CITY OF BACOLOD,TACULING,45010379,SP,"GICO, VIC (IND)",21,0.35 %
REGION VI,NEGROS OCCIDENTAL,CITY OF BACOLOD,TACULING,45010379,SP,"GONZALEZ, VLADI (PDPLBN)",227,3.79 %
REGION VI,NEGROS OCCIDENTAL,CITY OF BACOLOD,TACULING,45010379,SP,"GUILLEM, ED (NP)",155,2.59 %
REGION VI,NEGROS OCCIDENTAL,CITY OF BACOLOD,TACULING,45010379,SP,"HERMOSURA, BONG (IND)",111,1.85 %
REGION VI,NEGROS OCCIDENTAL,CITY OF BACOLOD,TACULING,45010379,SP,"JAUOD, JIFFY (IND)",24,0.40 %
REGION VI,NEGROS OCCIDENTAL,CITY OF BACOLOD,TACULING,45010379,SP,"LACSON, PATRICK (PDPLBN)",209,3.49 %
REGION VI,NEGROS OCCIDENTAL,CITY OF BACOLOD,TACULING,45010379,SP,"LOPEZ, CARL (NP)",203,3.39 %
REGION VI,NEGROS OCCIDENTAL,CITY OF BACOLOD,TACULING,45010379,SP,"MAYO, MARK STEVEN (NPC)",97,1.62 %
REGION VI,NEGROS OCCIDENTAL,CITY OF BACOLOD,TACULING,45010379,SP,"MONTALVO, CASH (NP)",186,3.10 %
REGION VI,NEGROS OCCIDENTAL,CITY OF BACOLOD,TACULING,45010379,SP,"NACIONALES, FERMIN (IND)",16,0.26 %
REGION VI,NEGROS OCCIDENTAL,CITY OF BACOLOD,TACULING,45010379,SP,"NOVERO, RENECITO (NP)",310,5.18 %
REGION VI,NEGROS OCCIDENTAL,CITY OF BACOLOD,TACULING,45010379,SP,"OROLA, BART (PDPLBN)",173,2.89 %
REGION VI,NEGROS OCCIDENTAL,CITY OF BACOLOD,TACULING,45010379,SP,"PADIOS, EDUARDO (PPM)",49,0.81 %
REGION VI,NEGROS OCCIDENTAL,CITY OF BACOLOD,TACULING,45010379,SP,"PUENTEVELLA, KALAW (PROMDI)",204,3.40 %
REGION VI,NEGROS OCCIDENTAL,CITY OF BACOLOD,TACULING,45010379,SP,"RAMOS, DINDO (NP)",226,3.77 %
REGION VI,NEGROS OCCIDENTAL,CITY OF BACOLOD,TACULING,45010379,SP,"ROJAS, CINDY (NP)",280,4.67 %
REGION VI,NEGROS OCCIDENTAL,CITY OF BACOLOD,TACULING,45010379,SP,"SALANGA, ISRAEL (NP)",279,4.66 %
REGION VI,NEGROS OCCIDENTAL,CITY OF BACOLOD,TACULING,45010379,SP,"SAYSON, THADDY (PDPLBN)",303,5.06 %
REGION VI,NEGROS OCCIDENTAL,CITY OF BACOLOD,TACULING,45010379,SP,"SOLIDUM, MARLON (NPC)",180,3.00 %
REGION VI,NEGROS OCCIDENTAL,CITY OF BACOLOD,TACULING,45010379,SP,"SORONGON, CHRIS (NP)",218,3.64 %
REGION VI,NEGROS OCCIDENTAL,CITY OF BACOLOD,TACULING,45010379,SP,"SY, PAO (NPC)",183,3.05 %
REGION VI,NEGROS OCCIDENTAL,CITY OF BACOLOD,TACULING,45010379,SP,"TAN, CANO GWAPO (AKSYON)",143,2.39 %
REGION VI,NEGROS OCCIDENTAL,CITY OF BACOLOD,TACULING,45010379,SP,"VERDEFLOR, SONYA (UNEGA)",201,3.35 %
REGION VI,NEGROS OCCIDENTAL,CITY OF BACOLOD,TACULING,45010379,SP,"VILLAFUERTE, RICO (IND)",56,0.93 %
REGION VI,NEGROS OCCIDENTAL,CITY OF BACOLOD,TACULING,45010379,SP,"VILLAROSA, JASON (LAKAS)",206,3.44 %
REGION VI,NEGROS OCCIDENTAL,CITY OF BACOLOD,TACULING,45010379,SP,"WEBER, CHRISTIAN (IND)",49,0.81 %
region,province,city,barangay,precinct,position,candidate,votes,percentage
REGION VI,NEGROS OCCIDENTAL,CITY OF BACOLOD,TACULING,45010380,PRESIDENT,Candidate,Votes,Percentage
REGION VI,NEGROS OCCIDENTAL,CITY OF BACOLOD,TACULING,45010380,PRESIDENT,"ABELLA, ERNIE (IND)",1,0.14 %
REGION VI,NEGROS OCCIDENTAL,CITY OF BACOLOD,TACULING,45010380,PRESIDENT,"DE GUZMAN, LEODY (PLM)",2,0.29 %
REGION VI,NEGROS OCCIDENTAL,CITY OF BACOLOD,TACULING,45010380,PRESIDENT,"DOMAGOSO, ISKO MORENO (AKSYON)",40,5.92 %
REGION VI,NEGROS OCCIDENTAL,CITY OF BACOLOD,TACULING,45010380,PRESIDENT,"GONZALES, NORBERTO (PDSP)",0,0.00 %
REGION VI,NEGROS OCCIDENTAL,CITY OF BACOLOD,TACULING,45010380,PRESIDENT,"LACSON, PING (PDR)",21,3.11 %
REGION VI,NEGROS OCCIDENTAL,CITY OF BACOLOD,TACULING,45010380,PRESIDENT,"MANGONDATO, FAISAL (KTPNAN)",0,0.00 %
REGION VI,NEGROS OCCIDENTAL,CITY OF BACOLOD,TACULING,45010380,PRESIDENT,"MARCOS, BONGBONG (PFP)",236,34.96 %
REGION VI,NEGROS OCCIDENTAL,CITY OF BACOLOD,TACULING,45010380,PRESIDENT,"MONTEMAYOR, JOSE JR. (DPP)",0,0.00 %
REGION VI,NEGROS OCCIDENTAL,CITY OF BACOLOD,TACULING,45010380,PRESIDENT,"PACQUIAO, MANNY PACMAN(PROMDI)",24,3.55 %
REGION VI,NEGROS OCCIDENTAL,CITY OF BACOLOD,TACULING,45010380,PRESIDENT,"ROBREDO, LENI (IND)",351,52.00 %
REGION VI,NEGROS OCCIDENTAL,CITY OF BACOLOD,TACULING,45010380,VICE_PRESIDENT,Candidate,Votes,Percentage
REGION VI,NEGROS OCCIDENTAL,CITY OF BACOLOD,TACULING,45010380,VICE_PRESIDENT,"ATIENZA, LITO (PROMDI)",3,0.45 %
REGION VI,NEGROS OCCIDENTAL,CITY OF BACOLOD,TACULING,45010380,VICE_PRESIDENT,"BELLO, WALDEN (PLM)",1,0.15 %
REGION VI,NEGROS OCCIDENTAL,CITY OF BACOLOD,TACULING,45010380,VICE_PRESIDENT,"DAVID, RIZALITO (DPP)",0,0.00 %
REGION VI,NEGROS OCCIDENTAL,CITY OF BACOLOD,TACULING,45010380,VICE_PRESIDENT,"DUTERTE, SARA (LAKAS)",261,39.24 %
REGION VI,NEGROS OCCIDENTAL,CITY OF BACOLOD,TACULING,45010380,VICE_PRESIDENT,"LOPEZ, MANNY SD (WPP)",0,0.00 %
REGION VI,NEGROS OCCIDENTAL,CITY OF BACOLOD,TACULING,45010380,VICE_PRESIDENT,"ONG, DOC WILLIE (AKSYON)",39,5.86 %
REGION VI,NEGROS OCCIDENTAL,CITY OF BACOLOD,TACULING,45010380,VICE_PRESIDENT,"PANGILINAN, KIKO (LP)",256,38.49 %
REGION VI,NEGROS OCCIDENTAL,CITY OF BACOLOD,TACULING,45010380,VICE_PRESIDENT,"SERAPIO, CARLOS (KTPNAN)",0,0.00 %
REGION VI,NEGROS OCCIDENTAL,CITY OF BACOLOD,TACULING,45010380,VICE_PRESIDENT,"SOTTO, VICENTE TITO (NPC)",105,15.78 %
REGION VI,NEGROS OCCIDENTAL,CITY OF BACOLOD,TACULING,45010380,SENATOR,Candidate,Votes,Percentage
REGION VI,NEGROS OCCIDENTAL,CITY OF BACOLOD,TACULING,45010380,SENATOR,"AFUANG, ABNER (IND)",13,0.19 %
REGION VI,NEGROS OCCIDENTAL,CITY OF BACOLOD,TACULING,45010380,SENATOR,"ALBANI, IBRAHIM (WPP)",8,0.11 %
REGION VI,NEGROS OCCIDENTAL,CITY OF BACOLOD,TACULING,45010380,SENATOR,"ARRANZA, MANG JESS (IND)",9,0.13 %
REGION VI,NEGROS OCCIDENTAL,CITY OF BACOLOD,TACULING,45010380,SENATOR,"BAGUILAT, TEDDY (LP)",152,2.26 %
REGION VI,NEGROS OCCIDENTAL,CITY OF BACOLOD,TACULING,45010380,SENATOR,"BAILEN, AGNES (IND)",10,0.14 %
REGION VI,NEGROS OCCIDENTAL,CITY OF BACOLOD,TACULING,45010380,SENATOR,"BALITA, CARL (AKSYON)",54,0.80 %
REGION VI,NEGROS OCCIDENTAL,CITY OF BACOLOD,TACULING,45010380,SENATOR,"BARBO, LUTZ (PDPLBN)",3,0.04 %
REGION VI,NEGROS OCCIDENTAL,CITY OF BACOLOD,TACULING,45010380,SENATOR,"BAUTISTA, HERBERT BISTEK (NPC)",158,2.35 %
REGION VI,NEGROS OCCIDENTAL,CITY OF BACOLOD,TACULING,45010380,SENATOR,"BELGICA, GRECO (PDDS)",44,0.65 %
REGION VI,NEGROS OCCIDENTAL,CITY OF BACOLOD,TACULING,45010380,SENATOR,"BELLO, SILVESTRE JR. (PDPLBN)",22,0.32 %
REGION VI,NEGROS OCCIDENTAL,CITY OF BACOLOD,TACULING,45010380,SENATOR,"BINAY, JOJO (UNA)",93,1.38 %
REGION VI,NEGROS OCCIDENTAL,CITY OF BACOLOD,TACULING,45010380,SENATOR,"CABONEGRO, ROY (PLM)",18,0.26 %
REGION VI,NEGROS OCCIDENTAL,CITY OF BACOLOD,TACULING,45010380,SENATOR,"CASTRICIONES, BRO JOHN(PDPLBN)",6,0.08 %
REGION VI,NEGROS OCCIDENTAL,CITY OF BACOLOD,TACULING,45010380,SENATOR,"CAYETANO, ALAN PETER (IND)",238,3.54 %
REGION VI,NEGROS OCCIDENTAL,CITY OF BACOLOD,TACULING,45010380,SENATOR,"CHAVEZ, MELCHOR (WPP)",16,0.23 %
REGION VI,NEGROS OCCIDENTAL,CITY OF BACOLOD,TACULING,45010380,SENATOR,"COLMENARES, NERI (MKBYN)",289,4.30 %
REGION VI,NEGROS OCCIDENTAL,CITY OF BACOLOD,TACULING,45010380,SENATOR,"D'ANGELO, DAVID (PLM)",14,0.20 %
REGION VI,NEGROS OCCIDENTAL,CITY OF BACOLOD,TACULING,45010380,SENATOR,"DE LIMA, LEILA (LP)",177,2.63 %
REGION VI,NEGROS OCCIDENTAL,CITY OF BACOLOD,TACULING,45010380,SENATOR,"DEL ROSARIO, MONSOUR (PDR)",66,0.98 %
REGION VI,NEGROS OCCIDENTAL,CITY OF BACOLOD,TACULING,45010380,SENATOR,"DIAZ, DING (PPP)",5,0.07 %
REGION VI,NEGROS OCCIDENTAL,CITY OF BACOLOD,TACULING,45010380,SENATOR,"DIOKNO, CHEL (KANP)",300,4.47 %
REGION VI,NEGROS OCCIDENTAL,CITY OF BACOLOD,TACULING,45010380,SENATOR,"EJERCITO, JV ESTRADA (NPC)",155,2.31 %
REGION VI,NEGROS OCCIDENTAL,CITY OF BACOLOD,TACULING,45010380,SENATOR,"ELEAZAR, GEN. GUILLERMO (PDR)",171,2.54 %
REGION VI,NEGROS OCCIDENTAL,CITY OF BACOLOD,TACULING,45010380,SENATOR,"EREÑO, BRO. ERNIE (PM)",2,0.02 %
REGION VI,NEGROS OCCIDENTAL,CITY OF BACOLOD,TACULING,45010380,SENATOR,"ESCUDERO, CHIZ (NPC)",308,4.59 %
REGION VI,NEGROS OCCIDENTAL,CITY OF BACOLOD,TACULING,45010380,SENATOR,"ESPIRITU, LUKE (PLM)",190,2.83 %
REGION VI,NEGROS OCCIDENTAL,CITY OF BACOLOD,TACULING,45010380,SENATOR,"ESTRADA, JINGGOY (PMP)",99,1.47 %
REGION VI,NEGROS OCCIDENTAL,CITY OF BACOLOD,TACULING,45010380,SENATOR,"FALCONE, BAL FALCON (DPP)",4,0.05 %
REGION VI,NEGROS OCCIDENTAL,CITY OF BACOLOD,TACULING,45010380,SENATOR,"GADON, LARRY (KBL)",130,1.93 %
REGION VI,NEGROS OCCIDENTAL,CITY OF BACOLOD,TACULING,45010380,SENATOR,"GATCHALIAN, WIN (NPC)",260,3.87 %
REGION VI,NEGROS OCCIDENTAL,CITY OF BACOLOD,TACULING,45010380,SENATOR,"GORDON, WOW DICK (BVNP)",201,2.99 %
REGION VI,NEGROS OCCIDENTAL,CITY OF BACOLOD,TACULING,45010380,SENATOR,"GUTOC, SAMIRA (AKSYON)",31,0.46 %
REGION VI,NEGROS OCCIDENTAL,CITY OF BACOLOD,TACULING,45010380,SENATOR,"HONASAN, GRINGO (IND)",125,1.86 %
REGION VI,NEGROS OCCIDENTAL,CITY OF BACOLOD,TACULING,45010380,SENATOR,"HONTIVEROS, RISA (AKBAYAN)",330,4.92 %
REGION VI,NEGROS OCCIDENTAL,CITY OF BACOLOD,TACULING,45010380,SENATOR,"JAVELLANA, RJ (IND)",7,0.10 %
REGION VI,NEGROS OCCIDENTAL,CITY OF BACOLOD,TACULING,45010380,SENATOR,"KIRAM, NUR-MAHAL (IND)",4,0.05 %
REGION VI,NEGROS OCCIDENTAL,CITY OF BACOLOD,TACULING,45010380,SENATOR,"LABOG, ELMER (MKBYN)",50,0.74 %
REGION VI,NEGROS OCCIDENTAL,CITY OF BACOLOD,TACULING,45010380,SENATOR,"LACSON, KUYA ALEX (KP)",218,3.25 %
REGION VI,NEGROS OCCIDENTAL,CITY OF BACOLOD,TACULING,45010380,SENATOR,"LANGIT, REY (PDPLBN)",10,0.14 %
REGION VI,NEGROS OCCIDENTAL,CITY OF BACOLOD,TACULING,45010380,SENATOR,"LEGARDA, LOREN (NPC)",303,4.51 %
REGION VI,NEGROS OCCIDENTAL,CITY OF BACOLOD,TACULING,45010380,SENATOR,"LIM, ARIEL (IND)",4,0.05 %
REGION VI,NEGROS OCCIDENTAL,CITY OF BACOLOD,TACULING,45010380,SENATOR,"MALLILLIN, EMILY (PPM)",5,0.07 %
REGION VI,NEGROS OCCIDENTAL,CITY OF BACOLOD,TACULING,45010380,SENATOR,"MARCOLETA, RODANTE (PDPLBN)",42,0.62 %
REGION VI,NEGROS OCCIDENTAL,CITY OF BACOLOD,TACULING,45010380,SENATOR,"MARCOS, FRANCIS LEO (IND)",42,0.62 %
REGION VI,NEGROS OCCIDENTAL,CITY OF BACOLOD,TACULING,45010380,SENATOR,"MATULA, SONNY (IND)",110,1.64 %
REGION VI,NEGROS OCCIDENTAL,CITY OF BACOLOD,TACULING,45010380,SENATOR,"MINDALANO-ADAM,MARIETA(KTPNAN)",4,0.05 %
REGION VI,NEGROS OCCIDENTAL,CITY OF BACOLOD,TACULING,45010380,SENATOR,"OLARTE, ATTY/DR. LEO (BIGKIS)",12,0.17 %
REGION VI,NEGROS OCCIDENTAL,CITY OF BACOLOD,TACULING,45010380,SENATOR,"PADILLA, DRA. MINGUITA (PDR)",62,0.92 %
REGION VI,NEGROS OCCIDENTAL,CITY OF BACOLOD,TACULING,45010380,SENATOR,"PADILLA, ROBIN (PDPLBN)",190,2.83 %
REGION VI,NEGROS OCCIDENTAL,CITY OF BACOLOD,TACULING,45010380,SENATOR,"PANELO, SAL PANALO (PDPLBN)",83,1.23 %
REGION VI,NEGROS OCCIDENTAL,CITY OF BACOLOD,TACULING,45010380,SENATOR,"PIMENTEL, ASTRA (PDPLBN)",39,0.58 %
REGION VI,NEGROS OCCIDENTAL,CITY OF BACOLOD,TACULING,45010380,SENATOR,"PIÑOL, MANNY (NPC)",48,0.71 %
REGION VI,NEGROS OCCIDENTAL,CITY OF BACOLOD,TACULING,45010380,SENATOR,"RICABLANCA, WILLIE JR. (PM)",4,0.05 %
REGION VI,NEGROS OCCIDENTAL,CITY OF BACOLOD,TACULING,45010380,SENATOR,"ROQUE, HARRY SPOX (PRP)",120,1.78 %
REGION VI,NEGROS OCCIDENTAL,CITY OF BACOLOD,TACULING,45010380,SENATOR,"SAHIDULLA, LADY ANNE (PDDS)",8,0.11 %
REGION VI,NEGROS OCCIDENTAL,CITY OF BACOLOD,TACULING,45010380,SENATOR,"SISON, JOPET (AKSYON)",31,0.46 %
REGION VI,NEGROS OCCIDENTAL,CITY OF BACOLOD,TACULING,45010380,SENATOR,"TEODORO, GIBO (PRP)",264,3.93 %
REGION VI,NEGROS OCCIDENTAL,CITY OF BACOLOD,TACULING,45010380,SENATOR,"TRILLANES, ANTONIO IV (LP)",213,3.17 %
REGION VI,NEGROS OCCIDENTAL,CITY OF BACOLOD,TACULING,45010380,SENATOR,"TULFO, IDOL RAFFY (IND)",288,4.29 %
REGION VI,NEGROS OCCIDENTAL,CITY OF BACOLOD,TACULING,45010380,SENATOR,"VALEROS, REY (IND)",5,0.07 %
REGION VI,NEGROS OCCIDENTAL,CITY OF BACOLOD,TACULING,45010380,SENATOR,"VILLANUEVA,JOEL TESDAMAN (IND)",243,3.62 %
REGION VI,NEGROS OCCIDENTAL,CITY OF BACOLOD,TACULING,45010380,SENATOR,"VILLAR, MARK (NP)",208,3.10 %
REGION VI,NEGROS OCCIDENTAL,CITY OF BACOLOD,TACULING,45010380,SENATOR,"ZUBIAGA, CARMEN (IND)",53,0.79 %
REGION VI,NEGROS OCCIDENTAL,CITY OF BACOLOD,TACULING,45010380,SENATOR,"ZUBIRI, MIGZ (IND)",336,5.00 %
REGION VI,NEGROS OCCIDENTAL,CITY OF BACOLOD,TACULING,45010380,PARTYLIST,Candidate,Votes,Percentage
REGION VI,NEGROS OCCIDENTAL,CITY OF BACOLOD,TACULING,45010380,PARTYLIST,01 KAMALAYAN,0,0.00 %
REGION VI,NEGROS OCCIDENTAL,CITY OF BACOLOD,TACULING,45010380,PARTYLIST,02 KM NGAYON NA,1,0.20 %
REGION VI,NEGROS OCCIDENTAL,CITY OF BACOLOD,TACULING,45010380,PARTYLIST,03 PSIS,0,0.00 %
REGION VI,NEGROS OCCIDENTAL,CITY OF BACOLOD,TACULING,45010380,PARTYLIST,04 AGAP,1,0.20 %
REGION VI,NEGROS OCCIDENTAL,CITY OF BACOLOD,TACULING,45010380,PARTYLIST,05 KABAYAN,2,0.40 %
REGION VI,NEGROS OCCIDENTAL,CITY OF BACOLOD,TACULING,45010380,PARTYLIST,06 HOME OWNER,0,0.00 %
REGION VI,NEGROS OCCIDENTAL,CITY OF BACOLOD,TACULING,45010380,PARTYLIST,07 KAPUSO-PM,0,0.00 %
REGION VI,NEGROS OCCIDENTAL,CITY OF BACOLOD,TACULING,45010380,PARTYLIST,08 PDP CARES,4,0.80 %
REGION VI,NEGROS OCCIDENTAL,CITY OF BACOLOD,TACULING,45010380,PARTYLIST,09 MARVELOUS TAYO,0,0.00 %
REGION VI,NEGROS OCCIDENTAL,CITY OF BACOLOD,TACULING,45010380,PARTYLIST,10 AKO OFW,1,0.20 %
REGION VI,NEGROS OCCIDENTAL,CITY OF BACOLOD,TACULING,45010380,PARTYLIST,11 UNITED SENIOR CITIZEN,8,1.60 %
REGION VI,NEGROS OCCIDENTAL,CITY OF BACOLOD,TACULING,45010380,PARTYLIST,12 WOW PILIPINAS,0,0.00 %
REGION VI,NEGROS OCCIDENTAL,CITY OF BACOLOD,TACULING,45010380,PARTYLIST,13 ALTERNATIBA,0,0.00 %
REGION VI,NEGROS OCCIDENTAL,CITY OF BACOLOD,TACULING,45010380,PARTYLIST,14 1-RIDER PARTYLIST,7,1.40 %
REGION VI,NEGROS OCCIDENTAL,CITY OF BACOLOD,TACULING,45010380,PARTYLIST,15 1-CARE,1,0.20 %
REGION VI,NEGROS OCCIDENTAL,CITY OF BACOLOD,TACULING,45010380,PARTYLIST,16 ABP,0,0.00 %
REGION VI,NEGROS OCCIDENTAL,CITY OF BACOLOD,TACULING,45010380,PARTYLIST,17 AKO MUSIKERO,0,0.00 %
REGION VI,NEGROS OCCIDENTAL,CITY OF BACOLOD,TACULING,45010380,PARTYLIST,18 AKO BICOL,1,0.20 %
REGION VI,NEGROS OCCIDENTAL,CITY OF BACOLOD,TACULING,45010380,PARTYLIST,19 PRAI,5,1.00 %
REGION VI,NEGROS OCCIDENTAL,CITY OF BACOLOD,TACULING,45010380,PARTYLIST,20 4PS,0,0.00 %
REGION VI,NEGROS OCCIDENTAL,CITY OF BACOLOD,TACULING,45010380,PARTYLIST,21 MAAGAP,0,0.00 %
REGION VI,NEGROS OCCIDENTAL,CITY OF BACOLOD,TACULING,45010380,PARTYLIST,22 ABANTE PILIPINAS,3,0.60 %
REGION VI,NEGROS OCCIDENTAL,CITY OF BACOLOD,TACULING,45010380,PARTYLIST,23 AKTIBONG KAAGAPAY,1,0.20 %
REGION VI,NEGROS OCCIDENTAL,CITY OF BACOLOD,TACULING,45010380,PARTYLIST,24 ALSA BISAYA,0,0.00 %
REGION VI,NEGROS OCCIDENTAL,CITY OF BACOLOD,TACULING,45010380,PARTYLIST,25 PROBINSYANO AKO,1,0.20 %
REGION VI,NEGROS OCCIDENTAL,CITY OF BACOLOD,TACULING,45010380,PARTYLIST,26 YACAP,5,1.00 %
REGION VI,NEGROS OCCIDENTAL,CITY OF BACOLOD,TACULING,45010380,PARTYLIST,27 MAGDALO,6,1.20 %
REGION VI,NEGROS OCCIDENTAL,CITY OF BACOLOD,TACULING,45010380,PARTYLIST,28 ACT-CIS,25,5.03 %
REGION VI,NEGROS OCCIDENTAL,CITY OF BACOLOD,TACULING,45010380,PARTYLIST,29 HUGPONG FEDERAL,1,0.20 %
REGION VI,NEGROS OCCIDENTAL,CITY OF BACOLOD,TACULING,45010380,PARTYLIST,30 TGP,1,0.20 %
REGION VI,NEGROS OCCIDENTAL,CITY OF BACOLOD,TACULING,45010380,PARTYLIST,31 ONE COOP,1,0.20 %
REGION VI,NEGROS OCCIDENTAL,CITY OF BACOLOD,TACULING,45010380,PARTYLIST,32 BARKADAHAN,0,0.00 %
REGION VI,NEGROS OCCIDENTAL,CITY OF BACOLOD,TACULING,45010380,PARTYLIST,33 DUMPER PTDA,1,0.20 %
REGION VI,NEGROS OCCIDENTAL,CITY OF BACOLOD,TACULING,45010380,PARTYLIST,34 MALABUNG,0,0.00 %
REGION VI,NEGROS OCCIDENTAL,CITY OF BACOLOD,TACULING,45010380,PARTYLIST,35 BH (BAGONG HENERASYON),2,0.40 %
REGION VI,NEGROS OCCIDENTAL,CITY OF BACOLOD,TACULING,45010380,PARTYLIST,36 AKMA-PTM,0,0.00 %
REGION VI,NEGROS OCCIDENTAL,CITY OF BACOLOD,TACULING,45010380,PARTYLIST,37 IPATUPAD,0,0.00 %
REGION VI,NEGROS OCCIDENTAL,CITY OF BACOLOD,TACULING,45010380,PARTYLIST,38 PINUNO,2,0.40 %
REGION VI,NEGROS OCCIDENTAL,CITY OF BACOLOD,TACULING,45010380,PARTYLIST,39 LPGMA,0,0.00 %
REGION VI,NEGROS OCCIDENTAL,CITY OF BACOLOD,TACULING,45010380,PARTYLIST,40 CLICK PARTY,0,0.00 %
REGION VI,NEGROS OCCIDENTAL,CITY OF BACOLOD,TACULING,45010380,PARTYLIST,41 TODA,0,0.00 %
REGION VI,NEGROS OCCIDENTAL,CITY OF BACOLOD,TACULING,45010380,PARTYLIST,42 BHW,0,0.00 %
REGION VI,NEGROS OCCIDENTAL,CITY OF BACOLOD,TACULING,45010380,PARTYLIST,43 MALASAKIT@BAYANIHAN,63,12.67 %
REGION VI,NEGROS OCCIDENTAL,CITY OF BACOLOD,TACULING,45010380,PARTYLIST,44 ABS,0,0.00 %
REGION VI,NEGROS OCCIDENTAL,CITY OF BACOLOD,TACULING,45010380,PARTYLIST,45 PASAHERO PARTYLIST,0,0.00 %
REGION VI,NEGROS OCCIDENTAL,CITY OF BACOLOD,TACULING,45010380,PARTYLIST,46 ANGAT,10,2.01 %
REGION VI,NEGROS OCCIDENTAL,CITY OF BACOLOD,TACULING,45010380,PARTYLIST,47 SOLID-CHANGE,0,0.00 %
REGION VI,NEGROS OCCIDENTAL,CITY OF BACOLOD,TACULING,45010380,PARTYLIST,48 BICOL SARO,1,0.20 %
REGION VI,NEGROS OCCIDENTAL,CITY OF BACOLOD,TACULING,45010380,PARTYLIST,49 OFW,11,2.21 %
REGION VI,NEGROS OCCIDENTAL,CITY OF BACOLOD,TACULING,45010380,PARTYLIST,50 ANG PROBINSIYANO,4,0.80 %
REGION VI,NEGROS OCCIDENTAL,CITY OF BACOLOD,TACULING,45010380,PARTYLIST,51 ANAKALUSUGAN,0,0.00 %
REGION VI,NEGROS OCCIDENTAL,CITY OF BACOLOD,TACULING,45010380,PARTYLIST,52 PBA,0,0.00 %
REGION VI,NEGROS OCCIDENTAL,CITY OF BACOLOD,TACULING,45010380,PARTYLIST,53 PEACE,0,0.00 %
REGION VI,NEGROS OCCIDENTAL,CITY OF BACOLOD,TACULING,45010380,PARTYLIST,54 P3PWD,42,8.45 %
REGION VI,NEGROS OCCIDENTAL,CITY OF BACOLOD,TACULING,45010380,PARTYLIST,55 S.M.I.L.E,0,0.00 %
REGION VI,NEGROS OCCIDENTAL,CITY OF BACOLOD,TACULING,45010380,PARTYLIST,56 AAMBIS-OWA,0,0.00 %
REGION VI,NEGROS OCCIDENTAL,CITY OF BACOLOD,TACULING,45010380,PARTYLIST,57 BUTIL,0,0.00 %
REGION VI,NEGROS OCCIDENTAL,CITY OF BACOLOD,TACULING,45010380,PARTYLIST,58 LUNAS,0,0.00 %
REGION VI,NEGROS OCCIDENTAL,CITY OF BACOLOD,TACULING,45010380,PARTYLIST,59 ANG KOMADRONA,0,0.00 %
REGION VI,NEGROS OCCIDENTAL,CITY OF BACOLOD,TACULING,45010380,PARTYLIST,60 KABAKA,0,0.00 %
REGION VI,NEGROS OCCIDENTAL,CITY OF BACOLOD,TACULING,45010380,PARTYLIST,61 SAGIP,4,0.80 %
REGION VI,NEGROS OCCIDENTAL,CITY OF BACOLOD,TACULING,45010380,PARTYLIST,62 ANG KABUHAYAN,0,0.00 %
REGION VI,NEGROS OCCIDENTAL,CITY OF BACOLOD,TACULING,45010380,PARTYLIST,63 AKO I.P.,0,0.00 %
REGION VI,NEGROS OCCIDENTAL,CITY OF BACOLOD,TACULING,45010380,PARTYLIST,64 PHILRECA,0,0.00 %
REGION VI,NEGROS OCCIDENTAL,CITY OF BACOLOD,TACULING,45010380,PARTYLIST,65 BABAE AKO,0,0.00 %
REGION VI,NEGROS OCCIDENTAL,CITY OF BACOLOD,TACULING,45010380,PARTYLIST,66 KB,0,0.00 %
REGION VI,NEGROS OCCIDENTAL,CITY OF BACOLOD,TACULING,45010380,PARTYLIST,67 GABRIELA,7,1.40 %
REGION VI,NEGROS OCCIDENTAL,CITY OF BACOLOD,TACULING,45010380,PARTYLIST,68 KALINGA,3,0.60 %
REGION VI,NEGROS OCCIDENTAL,CITY OF BACOLOD,TACULING,45010380,PARTYLIST,69 STL,0,0.00 %
REGION VI,NEGROS OCCIDENTAL,CITY OF BACOLOD,TACULING,45010380,PARTYLIST,70 RECOBODA,0,0.00 %
REGION VI,NEGROS OCCIDENTAL,CITY OF BACOLOD,TACULING,45010380,PARTYLIST,71 ANGAT PINOY,2,0.40 %
REGION VI,NEGROS OCCIDENTAL,CITY OF BACOLOD,TACULING,45010380,PARTYLIST,72 ANAC-IP,0,0.00 %
REGION VI,NEGROS OCCIDENTAL,CITY OF BACOLOD,TACULING,45010380,PARTYLIST,73 DIWA,0,0.00 %
REGION VI,NEGROS OCCIDENTAL,CITY OF BACOLOD,TACULING,45010380,PARTYLIST,74 ASENSO PINOY,1,0.20 %
REGION VI,NEGROS OCCIDENTAL,CITY OF BACOLOD,TACULING,45010380,PARTYLIST,75 PPP,0,0.00 %
REGION VI,NEGROS OCCIDENTAL,CITY OF BACOLOD,TACULING,45010380,PARTYLIST,76 PAMILYA MUNA,2,0.40 %
REGION VI,NEGROS OCCIDENTAL,CITY OF BACOLOD,TACULING,45010380,PARTYLIST,77 AYUDA SANDUGO,0,0.00 %
REGION VI,NEGROS OCCIDENTAL,CITY OF BACOLOD,TACULING,45010380,PARTYLIST,78 BUKLOD FILIPINO,0,0.00 %
REGION VI,NEGROS OCCIDENTAL,CITY OF BACOLOD,TACULING,45010380,PARTYLIST,79 BTS,1,0.20 %
REGION VI,NEGROS OCCIDENTAL,CITY OF BACOLOD,TACULING,45010380,PARTYLIST,80 MOCHA,0,0.00 %
REGION VI,NEGROS OCCIDENTAL,CITY OF BACOLOD,TACULING,45010380,PARTYLIST,81 ACT TEACHERS,10,2.01 %
REGION VI,NEGROS OCCIDENTAL,CITY OF BACOLOD,TACULING,45010380,PARTYLIST,82 ALONA,0,0.00 %
REGION VI,NEGROS OCCIDENTAL,CITY OF BACOLOD,TACULING,45010380,PARTYLIST,83 KABALIKAT,0,0.00 %
REGION VI,NEGROS OCCIDENTAL,CITY OF BACOLOD,TACULING,45010380,PARTYLIST,84 ALIF,0,0.00 %
REGION VI,NEGROS OCCIDENTAL,CITY OF BACOLOD,TACULING,45010380,PARTYLIST,85 1-UTAP BICOL,0,0.00 %
REGION VI,NEGROS OCCIDENTAL,CITY OF BACOLOD,TACULING,45010380,PARTYLIST,86 TINGOG,2,0.40 %
REGION VI,NEGROS OCCIDENTAL,CITY OF BACOLOD,TACULING,45010380,PARTYLIST,87 H.E.L.P. PILIPINAS,3,0.60 %
REGION VI,NEGROS OCCIDENTAL,CITY OF BACOLOD,TACULING,45010380,PARTYLIST,88 TUCP,0,0.00 %
REGION VI,NEGROS OCCIDENTAL,CITY OF BACOLOD,TACULING,45010380,PARTYLIST,89 PTA,0,0.00 %
REGION VI,NEGROS OCCIDENTAL,CITY OF BACOLOD,TACULING,45010380,PARTYLIST,90 AGIMAT,0,0.00 %
REGION VI,NEGROS OCCIDENTAL,CITY OF BACOLOD,TACULING,45010380,PARTYLIST,91 KONTRA BROWNOUT,4,0.80 %
REGION VI,NEGROS OCCIDENTAL,CITY OF BACOLOD,TACULING,45010380,PARTYLIST,92 TULUNGAN TAYO,0,0.00 %
REGION VI,NEGROS OCCIDENTAL,CITY OF BACOLOD,TACULING,45010380,PARTYLIST,93 DUTERTE YOUTH,2,0.40 %
REGION VI,NEGROS OCCIDENTAL,CITY OF BACOLOD,TACULING,45010380,PARTYLIST,94 ABEKA,0,0.00 %
REGION VI,NEGROS OCCIDENTAL,CITY OF BACOLOD,TACULING,45010380,PARTYLIST,95 KABATAAN,13,2.61 %
REGION VI,NEGROS OCCIDENTAL,CITY OF BACOLOD,TACULING,45010380,PARTYLIST,97 ACTS-OFW,1,0.20 %
REGION VI,NEGROS OCCIDENTAL,CITY OF BACOLOD,TACULING,45010380,PARTYLIST,98 RAM,8,1.60 %
REGION VI,NEGROS OCCIDENTAL,CITY OF BACOLOD,TACULING,45010380,PARTYLIST,99 USWAG ILONGGO,17,3.42 %
REGION VI,NEGROS OCCIDENTAL,CITY OF BACOLOD,TACULING,45010380,PARTYLIST,100 AKO BISAYA,1,0.20 %
REGION VI,NEGROS OCCIDENTAL,CITY OF BACOLOD,TACULING,45010380,PARTYLIST,101 KAPAMILYA,0,0.00 %
REGION VI,NEGROS OCCIDENTAL,CITY OF BACOLOD,TACULING,45010380,PARTYLIST,102 PUSONG PINOY,0,0.00 %
REGION VI,NEGROS OCCIDENTAL,CITY OF BACOLOD,TACULING,45010380,PARTYLIST,103 CWS,0,0.00 %
REGION VI,NEGROS OCCIDENTAL,CITY OF BACOLOD,TACULING,45010380,PARTYLIST,104 SILBI,0,0.00 %
REGION VI,NEGROS OCCIDENTAL,CITY OF BACOLOD,TACULING,45010380,PARTYLIST,105 CIBAC,5,1.00 %
REGION VI,NEGROS OCCIDENTAL,CITY OF BACOLOD,TACULING,45010380,PARTYLIST,106 SUBANEN,0,0.00 %
REGION VI,NEGROS OCCIDENTAL,CITY OF BACOLOD,TACULING,45010380,PARTYLIST,107 AKKK,0,0.00 %
REGION VI,NEGROS OCCIDENTAL,CITY OF BACOLOD,TACULING,45010380,PARTYLIST,108 BG PARTY-LIST,0,0.00 %
REGION VI,NEGROS OCCIDENTAL,CITY OF BACOLOD,TACULING,45010380,PARTYLIST,109 PAMILYANG MAGSASAKA,3,0.60 %
REGION VI,NEGROS OCCIDENTAL,CITY OF BACOLOD,TACULING,45010380,PARTYLIST,110 COOP NATCCO,4,0.80 %
REGION VI,NEGROS OCCIDENTAL,CITY OF BACOLOD,TACULING,45010380,PARTYLIST,111 FRONTLINERS ANG BIDA,0,0.00 %
REGION VI,NEGROS OCCIDENTAL,CITY OF BACOLOD,TACULING,45010380,PARTYLIST,112 KASAMA,0,0.00 %
REGION VI,NEGROS OCCIDENTAL,CITY OF BACOLOD,TACULING,45010380,PARTYLIST,113 AKO BISDAK,0,0.00 %
REGION VI,NEGROS OCCIDENTAL,CITY OF BACOLOD,TACULING,45010380,PARTYLIST,114 GP PARTY,0,0.00 %
REGION VI,NEGROS OCCIDENTAL,CITY OF BACOLOD,TACULING,45010380,PARTYLIST,115 BAHAY,1,0.20 %
REGION VI,NEGROS OCCIDENTAL,CITY OF BACOLOD,TACULING,45010380,PARTYLIST,116 MAGSASAKA,2,0.40 %
REGION VI,NEGROS OCCIDENTAL,CITY OF BACOLOD,TACULING,45010380,PARTYLIST,117 MARINO,1,0.20 %
REGION VI,NEGROS OCCIDENTAL,CITY OF BACOLOD,TACULING,45010380,PARTYLIST,118 UNITED FRONTLINERS,1,0.20 %
REGION VI,NEGROS OCCIDENTAL,CITY OF BACOLOD,TACULING,45010380,PARTYLIST,119 L.O.G.R.O. KUSINERO,0,0.00 %
REGION VI,NEGROS OCCIDENTAL,CITY OF BACOLOD,TACULING,45010380,PARTYLIST,120 BPO,2,0.40 %
REGION VI,NEGROS OCCIDENTAL,CITY OF BACOLOD,TACULING,45010380,PARTYLIST,121 ABANG LINGKOD,100,20.12 %
REGION VI,NEGROS OCCIDENTAL,CITY OF BACOLOD,TACULING,45010380,PARTYLIST,122 KUSUG TAUSUG,0,0.00 %
REGION VI,NEGROS OCCIDENTAL,CITY OF BACOLOD,TACULING,45010380,PARTYLIST,123 PLM,1,0.20 %
REGION VI,NEGROS OCCIDENTAL,CITY OF BACOLOD,TACULING,45010380,PARTYLIST,124 OK PARTYLIST,0,0.00 %
REGION VI,NEGROS OCCIDENTAL,CITY OF BACOLOD,TACULING,45010380,PARTYLIST,125 A TEACHER,1,0.20 %
REGION VI,NEGROS OCCIDENTAL,CITY OF BACOLOD,TACULING,45010380,PARTYLIST,126 PASADA-CC,0,0.00 %
REGION VI,NEGROS OCCIDENTAL,CITY OF BACOLOD,TACULING,45010380,PARTYLIST,127 OFW FAMILY,1,0.20 %
REGION VI,NEGROS OCCIDENTAL,CITY OF BACOLOD,TACULING,45010380,PARTYLIST,128 ANGKLA,2,0.40 %
REGION VI,NEGROS OCCIDENTAL,CITY OF BACOLOD,TACULING,45010380,PARTYLIST,129 COCOMAN,0,0.00 %
REGION VI,NEGROS OCCIDENTAL,CITY OF BACOLOD,TACULING,45010380,PARTYLIST,130 ACT AS ONE,2,0.40 %
REGION VI,NEGROS OCCIDENTAL,CITY OF BACOLOD,TACULING,45010380,PARTYLIST,131 AKO ILOCANO AKO,8,1.60 %
REGION VI,NEGROS OCCIDENTAL,CITY OF BACOLOD,TACULING,45010380,PARTYLIST,132 TRABAHO,2,0.40 %
REGION VI,NEGROS OCCIDENTAL,CITY OF BACOLOD,TACULING,45010380,PARTYLIST,133 PATROL,0,0.00 %
REGION VI,NEGROS OCCIDENTAL,CITY OF BACOLOD,TACULING,45010380,PARTYLIST,134 AKO PADAYON,0,0.00 %
REGION VI,NEGROS OCCIDENTAL,CITY OF BACOLOD,TACULING,45010380,PARTYLIST,135 ABONO,0,0.00 %
REGION VI,NEGROS OCCIDENTAL,CITY OF BACOLOD,TACULING,45010380,PARTYLIST,136 MANILA TEACHERS,1,0.20 %
REGION VI,NEGROS OCCIDENTAL,CITY OF BACOLOD,TACULING,45010380,PARTYLIST,137 KOOP-KAMPI,0,0.00 %
REGION VI,NEGROS OCCIDENTAL,CITY OF BACOLOD,TACULING,45010380,PARTYLIST,138 MAYPAGASA,0,0.00 %
REGION VI,NEGROS OCCIDENTAL,CITY OF BACOLOD,TACULING,45010380,PARTYLIST,139 PVAID,0,0.00 %
REGION VI,NEGROS OCCIDENTAL,CITY OF BACOLOD,TACULING,45010380,PARTYLIST,140 TUTOK TO WIN,4,0.80 %
REGION VI,NEGROS OCCIDENTAL,CITY OF BACOLOD,TACULING,45010380,PARTYLIST,141 BAYAN MUNA,5,1.00 %
REGION VI,NEGROS OCCIDENTAL,CITY OF BACOLOD,TACULING,45010380,PARTYLIST,142 API,0,0.00 %
REGION VI,NEGROS OCCIDENTAL,CITY OF BACOLOD,TACULING,45010380,PARTYLIST,143 ARTE,1,0.20 %
REGION VI,NEGROS OCCIDENTAL,CITY OF BACOLOD,TACULING,45010380,PARTYLIST,144 ASAP,0,0.00 %
REGION VI,NEGROS OCCIDENTAL,CITY OF BACOLOD,TACULING,45010380,PARTYLIST,145 BUNYOG,0,0.00 %
REGION VI,NEGROS OCCIDENTAL,CITY OF BACOLOD,TACULING,45010380,PARTYLIST,146 AKBAYAN,5,1.00 %
REGION VI,NEGROS OCCIDENTAL,CITY OF BACOLOD,TACULING,45010380,PARTYLIST,147 DAMAYAN,0,0.00 %
REGION VI,NEGROS OCCIDENTAL,CITY OF BACOLOD,TACULING,45010380,PARTYLIST,148 WIFI,4,0.80 %
REGION VI,NEGROS OCCIDENTAL,CITY OF BACOLOD,TACULING,45010380,PARTYLIST,149 CANCER PARTY LIST,0,0.00 %
REGION VI,NEGROS OCCIDENTAL,CITY OF BACOLOD,TACULING,45010380,PARTYLIST,150 1-ANG EDUKASYON,1,0.20 %
REGION VI,NEGROS OCCIDENTAL,CITY OF BACOLOD,TACULING,45010380,PARTYLIST,151 UFCC,0,0.00 %
REGION VI,NEGROS OCCIDENTAL,CITY OF BACOLOD,TACULING,45010380,PARTYLIST,152 AGRI,1,0.20 %
REGION VI,NEGROS OCCIDENTAL,CITY OF BACOLOD,TACULING,45010380,PARTYLIST,153 MAHARLIKA,0,0.00 %
REGION VI,NEGROS OCCIDENTAL,CITY OF BACOLOD,TACULING,45010380,PARTYLIST,154 ANAKPAWIS,1,0.20 %
REGION VI,NEGROS OCCIDENTAL,CITY OF BACOLOD,TACULING,45010380,PARTYLIST,155 1TAHANAN,0,0.00 %
REGION VI,NEGROS OCCIDENTAL,CITY OF BACOLOD,TACULING,45010380,PARTYLIST,156 TURISMO,1,0.20 %
REGION VI,NEGROS OCCIDENTAL,CITY OF BACOLOD,TACULING,45010380,PARTYLIST,157 APEC,3,0.60 %
REGION VI,NEGROS OCCIDENTAL,CITY OF BACOLOD,TACULING,45010380,PARTYLIST,158 SENIOR CITIZENS PARTYLIST,14,2.81 %
REGION VI,NEGROS OCCIDENTAL,CITY OF BACOLOD,TACULING,45010380,PARTYLIST,159 AASENSO,3,0.60 %
REGION VI,NEGROS OCCIDENTAL,CITY OF BACOLOD,TACULING,45010380,PARTYLIST,160 AMIN,0,0.00 %
REGION VI,NEGROS OCCIDENTAL,CITY OF BACOLOD,TACULING,45010380,PARTYLIST,161 1-PACMAN,2,0.40 %
REGION VI,NEGROS OCCIDENTAL,CITY OF BACOLOD,TACULING,45010380,PARTYLIST,162 ABB-NFCPI,0,0.00 %
REGION VI,NEGROS OCCIDENTAL,CITY OF BACOLOD,TACULING,45010380,PARTYLIST,163 AN WARAY,0,0.00 %
REGION VI,NEGROS OCCIDENTAL,CITY OF BACOLOD,TACULING,45010380,PARTYLIST,164 AP PARTYLIST,3,0.60 %
REGION VI,NEGROS OCCIDENTAL,CITY OF BACOLOD,TACULING,45010380,PARTYLIST,165 AKAP PINOY,1,0.20 %
REGION VI,NEGROS OCCIDENTAL,CITY OF BACOLOD,TACULING,45010380,PARTYLIST,166 BUHAY,1,0.20 %
REGION VI,NEGROS OCCIDENTAL,CITY OF BACOLOD,TACULING,45010380,PARTYLIST,167 ARISE,0,0.00 %
REGION VI,NEGROS OCCIDENTAL,CITY OF BACOLOD,TACULING,45010380,PARTYLIST,168 IWI,0,0.00 %
REGION VI,NEGROS OCCIDENTAL,CITY OF BACOLOD,TACULING,45010380,PARTYLIST,169 ANG TINIG NG SENIORS,3,0.60 %
REGION VI,NEGROS OCCIDENTAL,CITY OF BACOLOD,TACULING,45010380,PARTYLIST,170 LBP,1,0.20 %
REGION VI,NEGROS OCCIDENTAL,CITY OF BACOLOD,TACULING,45010380,PARTYLIST,171 IPEACE EPANAW,0,0.00 %
REGION VI,NEGROS OCCIDENTAL,CITY OF BACOLOD,TACULING,45010380,PARTYLIST,172 APAT-DAPAT,0,0.00 %
REGION VI,NEGROS OCCIDENTAL,CITY OF BACOLOD,TACULING,45010380,PARTYLIST,173 UMA ILONGGO,5,1.00 %
REGION VI,NEGROS OCCIDENTAL,CITY OF BACOLOD,TACULING,45010380,PARTYLIST,174 AYUDA,0,0.00 %
REGION VI,NEGROS OCCIDENTAL,CITY OF BACOLOD,TACULING,45010380,PARTYLIST,175 SAMBAYANAN,3,0.60 %
REGION VI,NEGROS OCCIDENTAL,CITY OF BACOLOD,TACULING,45010380,PARTYLIST,176 AKO BREEDER,5,1.00 %
REGION VI,NEGROS OCCIDENTAL,CITY OF BACOLOD,TACULING,45010380,PARTYLIST,177 FPJ,0,0.00 %
REGION VI,NEGROS OCCIDENTAL,CITY OF BACOLOD,TACULING,45010380,PARTYLIST,178 LIBRO,1,0.20 %
REGION VI,NEGROS OCCIDENTAL,CITY OF BACOLOD,TACULING,45010380,REP,Candidate,Votes,Percentage
REGION VI,NEGROS OCCIDENTAL,CITY OF BACOLOD,TACULING,45010380,REP,"ATAYDE, DAN (IND)",217,33.64 %
REGION VI,NEGROS OCCIDENTAL,CITY OF BACOLOD,TACULING,45010380,REP,"DAVID, WILLY (IND)",2,0.31 %
REGION VI,NEGROS OCCIDENTAL,CITY OF BACOLOD,TACULING,45010380,REP,"GASATAYA, GREG (NPC)",420,65.11 %
REGION VI,NEGROS OCCIDENTAL,CITY OF BACOLOD,TACULING,45010380,REP,"GUSTILO, ROMY (IND)",2,0.31 %
REGION VI,NEGROS OCCIDENTAL,CITY OF BACOLOD,TACULING,45010380,REP,"SAN MIGUEL, NONONG (PDDS)",4,0.62 %
REGION VI,NEGROS OCCIDENTAL,CITY OF BACOLOD,TACULING,45010380,MAYOR,Candidate,Votes,Percentage
REGION VI,NEGROS OCCIDENTAL,CITY OF BACOLOD,TACULING,45010380,MAYOR,"BENITEZ, ALBEE (PDPLBN)",350,53.11 %
REGION VI,NEGROS OCCIDENTAL,CITY OF BACOLOD,TACULING,45010380,MAYOR,"LEONARDIA, BING (NP)",309,46.88 %
REGION VI,NEGROS OCCIDENTAL,CITY OF BACOLOD,TACULING,45010380,VICE_MAYOR,Candidate,Votes,Percentage
REGION VI,NEGROS OCCIDENTAL,CITY OF BACOLOD,TACULING,45010380,VICE_MAYOR,"DISTRITO, CAESAR (PDPLBN)",198,30.79 %
REGION VI,NEGROS OCCIDENTAL,CITY OF BACOLOD,TACULING,45010380,VICE_MAYOR,"FAMILIARAN, EL CID (NP)",336,52.25 %
REGION VI,NEGROS OCCIDENTAL,CITY OF BACOLOD,TACULING,45010380,VICE_MAYOR,"GAMBOA, WILSON JR. (IND)",109,16.95 %
REGION VI,NEGROS OCCIDENTAL,CITY OF BACOLOD,TACULING,45010380,SP,Candidate,Votes,Percentage
REGION VI,NEGROS OCCIDENTAL,CITY OF BACOLOD,TACULING,45010380,SP,"ANG, EM (NP)",347,5.30 %
REGION VI,NEGROS OCCIDENTAL,CITY OF BACOLOD,TACULING,45010380,SP,"ARROYO, ALAN (IND)",24,0.36 %
REGION VI,NEGROS OCCIDENTAL,CITY OF BACOLOD,TACULING,45010380,SP,"AUJERO, JORGE THE WISE (IND)",13,0.19 %
REGION VI,NEGROS OCCIDENTAL,CITY OF BACOLOD,TACULING,45010380,SP,"BAIS, HOMER (PDPLBN)",204,3.11 %
REGION VI,NEGROS OCCIDENTAL,CITY OF BACOLOD,TACULING,45010380,SP,"BARIBAR, ARCHIE (PROMDI)",230,3.51 %
REGION VI,NEGROS OCCIDENTAL,CITY OF BACOLOD,TACULING,45010380,SP,"BELARIO, 007 (IND)",13,0.19 %
REGION VI,NEGROS OCCIDENTAL,CITY OF BACOLOD,TACULING,45010380,SP,"BELORIA, TOTO CESAR (IND)",93,1.42 %
REGION VI,NEGROS OCCIDENTAL,CITY OF BACOLOD,TACULING,45010380,SP,"CONTRERAS, LR (PRP)",29,0.44 %
REGION VI,NEGROS OCCIDENTAL,CITY OF BACOLOD,TACULING,45010380,SP,"DIAZ, JONATHAN JR. (NP)",160,2.44 %
REGION VI,NEGROS OCCIDENTAL,CITY OF BACOLOD,TACULING,45010380,SP,"DISTRITO, SIMPLE (PDPLBN)",217,3.31 %
REGION VI,NEGROS OCCIDENTAL,CITY OF BACOLOD,TACULING,45010380,SP,"ESPINO, AL (NPC)",276,4.22 %
REGION VI,NEGROS OCCIDENTAL,CITY OF BACOLOD,TACULING,45010380,SP,"FLOR, CELIA (IND)",253,3.86 %
REGION VI,NEGROS OCCIDENTAL,CITY OF BACOLOD,TACULING,45010380,SP,"GICO, VIC (IND)",20,0.30 %
REGION VI,NEGROS OCCIDENTAL,CITY OF BACOLOD,TACULING,45010380,SP,"GONZALEZ, VLADI (PDPLBN)",268,4.09 %
REGION VI,NEGROS OCCIDENTAL,CITY OF BACOLOD,TACULING,45010380,SP,"GUILLEM, ED (NP)",187,2.85 %
REGION VI,NEGROS OCCIDENTAL,CITY OF BACOLOD,TACULING,45010380,SP,"HERMOSURA, BONG (IND)",32,0.48 %
REGION VI,NEGROS OCCIDENTAL,CITY OF BACOLOD,TACULING,45010380,SP,"JAUOD, JIFFY (IND)",18,0.27 %
REGION VI,NEGROS OCCIDENTAL,CITY OF BACOLOD,TACULING,45010380,SP,"LACSON, PATRICK (PDPLBN)",220,3.36 %
REGION VI,NEGROS OCCIDENTAL,CITY OF BACOLOD,TACULING,45010380,SP,"LOPEZ, CARL (NP)",233,3.56 %
REGION VI,NEGROS OCCIDENTAL,CITY OF BACOLOD,TACULING,45010380,SP,"MAYO, MARK STEVEN (NPC)",118,1.80 %
REGION VI,NEGROS OCCIDENTAL,CITY OF BACOLOD,TACULING,45010380,SP,"MONTALVO, CASH (NP)",189,2.89 %
REGION VI,NEGROS OCCIDENTAL,CITY OF BACOLOD,TACULING,45010380,SP,"NACIONALES, FERMIN (IND)",14,0.21 %
REGION VI,NEGROS OCCIDENTAL,CITY OF BACOLOD,TACULING,45010380,SP,"NOVERO, RENECITO (NP)",321,4.90 %
REGION VI,NEGROS OCCIDENTAL,CITY OF BACOLOD,TACULING,45010380,SP,"OROLA, BART (PDPLBN)",218,3.33 %
REGION VI,NEGROS OCCIDENTAL,CITY OF BACOLOD,TACULING,45010380,SP,"PADIOS, EDUARDO (PPM)",43,0.65 %
REGION VI,NEGROS OCCIDENTAL,CITY OF BACOLOD,TACULING,45010380,SP,"PUENTEVELLA, KALAW (PROMDI)",217,3.31 %
REGION VI,NEGROS OCCIDENTAL,CITY OF BACOLOD,TACULING,45010380,SP,"RAMOS, DINDO (NP)",253,3.86 %
REGION VI,NEGROS OCCIDENTAL,CITY OF BACOLOD,TACULING,45010380,SP,"ROJAS, CINDY (NP)",334,5.10 %
REGION VI,NEGROS OCCIDENTAL,CITY OF BACOLOD,TACULING,45010380,SP,"SALANGA, ISRAEL (NP)",316,4.83 %
REGION VI,NEGROS OCCIDENTAL,CITY OF BACOLOD,TACULING,45010380,SP,"SAYSON, THADDY (PDPLBN)",305,4.66 %
REGION VI,NEGROS OCCIDENTAL,CITY OF BACOLOD,TACULING,45010380,SP,"SOLIDUM, MARLON (NPC)",220,3.36 %
REGION VI,NEGROS OCCIDENTAL,CITY OF BACOLOD,TACULING,45010380,SP,"SORONGON, CHRIS (NP)",257,3.93 %
REGION VI,NEGROS OCCIDENTAL,CITY OF BACOLOD,TACULING,45010380,SP,"SY, PAO (NPC)",197,3.01 %
REGION VI,NEGROS OCCIDENTAL,CITY OF BACOLOD,TACULING,45010380,SP,"TAN, CANO GWAPO (AKSYON)",140,2.14 %
REGION VI,NEGROS OCCIDENTAL,CITY OF BACOLOD,TACULING,45010380,SP,"VERDEFLOR, SONYA (UNEGA)",235,3.59 %
REGION VI,NEGROS OCCIDENTAL,CITY OF BACOLOD,TACULING,45010380,SP,"VILLAFUERTE, RICO (IND)",54,0.82 %
REGION VI,NEGROS OCCIDENTAL,CITY OF BACOLOD,TACULING,45010380,SP,"VILLAROSA, JASON (LAKAS)",244,3.73 %
REGION VI,NEGROS OCCIDENTAL,CITY OF BACOLOD,TACULING,45010380,SP,"WEBER, CHRISTIAN (IND)",27,0.41 %
region,province,city,barangay,precinct,position,candidate,votes,percentage
REGION VI,NEGROS OCCIDENTAL,CITY OF BACOLOD,TACULING,45010381,PRESIDENT,Candidate,Votes,Percentage
REGION VI,NEGROS OCCIDENTAL,CITY OF BACOLOD,TACULING,45010381,PRESIDENT,"ABELLA, ERNIE (IND)",2,0.29 %
REGION VI,NEGROS OCCIDENTAL,CITY OF BACOLOD,TACULING,45010381,PRESIDENT,"DE GUZMAN, LEODY (PLM)",3,0.43 %
REGION VI,NEGROS OCCIDENTAL,CITY OF BACOLOD,TACULING,45010381,PRESIDENT,"DOMAGOSO, ISKO MORENO (AKSYON)",25,3.66 %
REGION VI,NEGROS OCCIDENTAL,CITY OF BACOLOD,TACULING,45010381,PRESIDENT,"GONZALES, NORBERTO (PDSP)",1,0.14 %
REGION VI,NEGROS OCCIDENTAL,CITY OF BACOLOD,TACULING,45010381,PRESIDENT,"LACSON, PING (PDR)",17,2.49 %
REGION VI,NEGROS OCCIDENTAL,CITY OF BACOLOD,TACULING,45010381,PRESIDENT,"MANGONDATO, FAISAL (KTPNAN)",1,0.14 %
REGION VI,NEGROS OCCIDENTAL,CITY OF BACOLOD,TACULING,45010381,PRESIDENT,"MARCOS, BONGBONG (PFP)",325,47.65 %
REGION VI,NEGROS OCCIDENTAL,CITY OF BACOLOD,TACULING,45010381,PRESIDENT,"MONTEMAYOR, JOSE JR. (DPP)",1,0.14 %
REGION VI,NEGROS OCCIDENTAL,CITY OF BACOLOD,TACULING,45010381,PRESIDENT,"PACQUIAO, MANNY PACMAN(PROMDI)",48,7.03 %
REGION VI,NEGROS OCCIDENTAL,CITY OF BACOLOD,TACULING,45010381,PRESIDENT,"ROBREDO, LENI (IND)",259,37.97 %
REGION VI,NEGROS OCCIDENTAL,CITY OF BACOLOD,TACULING,45010381,VICE_PRESIDENT,Candidate,Votes,Percentage
REGION VI,NEGROS OCCIDENTAL,CITY OF BACOLOD,TACULING,45010381,VICE_PRESIDENT,"ATIENZA, LITO (PROMDI)",6,0.88 %
REGION VI,NEGROS OCCIDENTAL,CITY OF BACOLOD,TACULING,45010381,VICE_PRESIDENT,"BELLO, WALDEN (PLM)",1,0.14 %
REGION VI,NEGROS OCCIDENTAL,CITY OF BACOLOD,TACULING,45010381,VICE_PRESIDENT,"DAVID, RIZALITO (DPP)",0,0.00 %
REGION VI,NEGROS OCCIDENTAL,CITY OF BACOLOD,TACULING,45010381,VICE_PRESIDENT,"DUTERTE, SARA (LAKAS)",318,46.90 %
REGION VI,NEGROS OCCIDENTAL,CITY OF BACOLOD,TACULING,45010381,VICE_PRESIDENT,"LOPEZ, MANNY SD (WPP)",1,0.14 %
REGION VI,NEGROS OCCIDENTAL,CITY OF BACOLOD,TACULING,45010381,VICE_PRESIDENT,"ONG, DOC WILLIE (AKSYON)",33,4.86 %
REGION VI,NEGROS OCCIDENTAL,CITY OF BACOLOD,TACULING,45010381,VICE_PRESIDENT,"PANGILINAN, KIKO (LP)",178,26.25 %
REGION VI,NEGROS OCCIDENTAL,CITY OF BACOLOD,TACULING,45010381,VICE_PRESIDENT,"SERAPIO, CARLOS (KTPNAN)",1,0.14 %
REGION VI,NEGROS OCCIDENTAL,CITY OF BACOLOD,TACULING,45010381,VICE_PRESIDENT,"SOTTO, VICENTE TITO (NPC)",140,20.64 %
REGION VI,NEGROS OCCIDENTAL,CITY OF BACOLOD,TACULING,45010381,SENATOR,Candidate,Votes,Percentage
REGION VI,NEGROS OCCIDENTAL,CITY OF BACOLOD,TACULING,45010381,SENATOR,"AFUANG, ABNER (IND)",18,0.28 %
REGION VI,NEGROS OCCIDENTAL,CITY OF BACOLOD,TACULING,45010381,SENATOR,"ALBANI, IBRAHIM (WPP)",11,0.17 %
REGION VI,NEGROS OCCIDENTAL,CITY OF BACOLOD,TACULING,45010381,SENATOR,"ARRANZA, MANG JESS (IND)",11,0.17 %
REGION VI,NEGROS OCCIDENTAL,CITY OF BACOLOD,TACULING,45010381,SENATOR,"BAGUILAT, TEDDY (LP)",73,1.14 %
REGION VI,NEGROS OCCIDENTAL,CITY OF BACOLOD,TACULING,45010381,SENATOR,"BAILEN, AGNES (IND)",17,0.26 %
REGION VI,NEGROS OCCIDENTAL,CITY OF BACOLOD,TACULING,45010381,SENATOR,"BALITA, CARL (AKSYON)",43,0.67 %
REGION VI,NEGROS OCCIDENTAL,CITY OF BACOLOD,TACULING,45010381,SENATOR,"BARBO, LUTZ (PDPLBN)",14,0.21 %
REGION VI,NEGROS OCCIDENTAL,CITY OF BACOLOD,TACULING,45010381,SENATOR,"BAUTISTA, HERBERT BISTEK (NPC)",174,2.71 %
REGION VI,NEGROS OCCIDENTAL,CITY OF BACOLOD,TACULING,45010381,SENATOR,"BELGICA, GRECO (PDDS)",28,0.43 %
REGION VI,NEGROS OCCIDENTAL,CITY OF BACOLOD,TACULING,45010381,SENATOR,"BELLO, SILVESTRE JR. (PDPLBN)",20,0.31 %
REGION VI,NEGROS OCCIDENTAL,CITY OF BACOLOD,TACULING,45010381,SENATOR,"BINAY, JOJO (UNA)",148,2.31 %
REGION VI,NEGROS OCCIDENTAL,CITY OF BACOLOD,TACULING,45010381,SENATOR,"CABONEGRO, ROY (PLM)",17,0.26 %
REGION VI,NEGROS OCCIDENTAL,CITY OF BACOLOD,TACULING,45010381,SENATOR,"CASTRICIONES, BRO JOHN(PDPLBN)",9,0.14 %
REGION VI,NEGROS OCCIDENTAL,CITY OF BACOLOD,TACULING,45010381,SENATOR,"CAYETANO, ALAN PETER (IND)",294,4.59 %
REGION VI,NEGROS OCCIDENTAL,CITY OF BACOLOD,TACULING,45010381,SENATOR,"CHAVEZ, MELCHOR (WPP)",21,0.32 %
REGION VI,NEGROS OCCIDENTAL,CITY OF BACOLOD,TACULING,45010381,SENATOR,"COLMENARES, NERI (MKBYN)",219,3.42 %
REGION VI,NEGROS OCCIDENTAL,CITY OF BACOLOD,TACULING,45010381,SENATOR,"D'ANGELO, DAVID (PLM)",8,0.12 %
REGION VI,NEGROS OCCIDENTAL,CITY OF BACOLOD,TACULING,45010381,SENATOR,"DE LIMA, LEILA (LP)",153,2.39 %
REGION VI,NEGROS OCCIDENTAL,CITY OF BACOLOD,TACULING,45010381,SENATOR,"DEL ROSARIO, MONSOUR (PDR)",76,1.18 %
REGION VI,NEGROS OCCIDENTAL,CITY OF BACOLOD,TACULING,45010381,SENATOR,"DIAZ, DING (PPP)",10,0.15 %
REGION VI,NEGROS OCCIDENTAL,CITY OF BACOLOD,TACULING,45010381,SENATOR,"DIOKNO, CHEL (KANP)",228,3.56 %
REGION VI,NEGROS OCCIDENTAL,CITY OF BACOLOD,TACULING,45010381,SENATOR,"EJERCITO, JV ESTRADA (NPC)",189,2.95 %
REGION VI,NEGROS OCCIDENTAL,CITY OF BACOLOD,TACULING,45010381,SENATOR,"ELEAZAR, GEN. GUILLERMO (PDR)",162,2.53 %
REGION VI,NEGROS OCCIDENTAL,CITY OF BACOLOD,TACULING,45010381,SENATOR,"EREÑO, BRO. ERNIE (PM)",12,0.18 %
REGION VI,NEGROS OCCIDENTAL,CITY OF BACOLOD,TACULING,45010381,SENATOR,"ESCUDERO, CHIZ (NPC)",307,4.79 %
REGION VI,NEGROS OCCIDENTAL,CITY OF BACOLOD,TACULING,45010381,SENATOR,"ESPIRITU, LUKE (PLM)",94,1.46 %
REGION VI,NEGROS OCCIDENTAL,CITY OF BACOLOD,TACULING,45010381,SENATOR,"ESTRADA, JINGGOY (PMP)",143,2.23 %
REGION VI,NEGROS OCCIDENTAL,CITY OF BACOLOD,TACULING,45010381,SENATOR,"FALCONE, BAL FALCON (DPP)",7,0.10 %
REGION VI,NEGROS OCCIDENTAL,CITY OF BACOLOD,TACULING,45010381,SENATOR,"GADON, LARRY (KBL)",126,1.96 %
REGION VI,NEGROS OCCIDENTAL,CITY OF BACOLOD,TACULING,45010381,SENATOR,"GATCHALIAN, WIN (NPC)",268,4.18 %
REGION VI,NEGROS OCCIDENTAL,CITY OF BACOLOD,TACULING,45010381,SENATOR,"GORDON, WOW DICK (BVNP)",152,2.37 %
REGION VI,NEGROS OCCIDENTAL,CITY OF BACOLOD,TACULING,45010381,SENATOR,"GUTOC, SAMIRA (AKSYON)",13,0.20 %
REGION VI,NEGROS OCCIDENTAL,CITY OF BACOLOD,TACULING,45010381,SENATOR,"HONASAN, GRINGO (IND)",141,2.20 %
REGION VI,NEGROS OCCIDENTAL,CITY OF BACOLOD,TACULING,45010381,SENATOR,"HONTIVEROS, RISA (AKBAYAN)",297,4.64 %
REGION VI,NEGROS OCCIDENTAL,CITY OF BACOLOD,TACULING,45010381,SENATOR,"JAVELLANA, RJ (IND)",5,0.07 %
REGION VI,NEGROS OCCIDENTAL,CITY OF BACOLOD,TACULING,45010381,SENATOR,"KIRAM, NUR-MAHAL (IND)",9,0.14 %
REGION VI,NEGROS OCCIDENTAL,CITY OF BACOLOD,TACULING,45010381,SENATOR,"LABOG, ELMER (MKBYN)",33,0.51 %
REGION VI,NEGROS OCCIDENTAL,CITY OF BACOLOD,TACULING,45010381,SENATOR,"LACSON, KUYA ALEX (KP)",136,2.12 %
REGION VI,NEGROS OCCIDENTAL,CITY OF BACOLOD,TACULING,45010381,SENATOR,"LANGIT, REY (PDPLBN)",19,0.29 %
REGION VI,NEGROS OCCIDENTAL,CITY OF BACOLOD,TACULING,45010381,SENATOR,"LEGARDA, LOREN (NPC)",328,5.12 %
REGION VI,NEGROS OCCIDENTAL,CITY OF BACOLOD,TACULING,45010381,SENATOR,"LIM, ARIEL (IND)",8,0.12 %
REGION VI,NEGROS OCCIDENTAL,CITY OF BACOLOD,TACULING,45010381,SENATOR,"MALLILLIN, EMILY (PPM)",6,0.09 %
REGION VI,NEGROS OCCIDENTAL,CITY OF BACOLOD,TACULING,45010381,SENATOR,"MARCOLETA, RODANTE (PDPLBN)",31,0.48 %
REGION VI,NEGROS OCCIDENTAL,CITY OF BACOLOD,TACULING,45010381,SENATOR,"MARCOS, FRANCIS LEO (IND)",55,0.85 %
REGION VI,NEGROS OCCIDENTAL,CITY OF BACOLOD,TACULING,45010381,SENATOR,"MATULA, SONNY (IND)",57,0.89 %
REGION VI,NEGROS OCCIDENTAL,CITY OF BACOLOD,TACULING,45010381,SENATOR,"MINDALANO-ADAM,MARIETA(KTPNAN)",11,0.17 %
REGION VI,NEGROS OCCIDENTAL,CITY OF BACOLOD,TACULING,45010381,SENATOR,"OLARTE, ATTY/DR. LEO (BIGKIS)",8,0.12 %
REGION VI,NEGROS OCCIDENTAL,CITY OF BACOLOD,TACULING,45010381,SENATOR,"PADILLA, DRA. MINGUITA (PDR)",37,0.57 %
REGION VI,NEGROS OCCIDENTAL,CITY OF BACOLOD,TACULING,45010381,SENATOR,"PADILLA, ROBIN (PDPLBN)",256,4.00 %
REGION VI,NEGROS OCCIDENTAL,CITY OF BACOLOD,TACULING,45010381,SENATOR,"PANELO, SAL PANALO (PDPLBN)",81,1.26 %
REGION VI,NEGROS OCCIDENTAL,CITY OF BACOLOD,TACULING,45010381,SENATOR,"PIMENTEL, ASTRA (PDPLBN)",55,0.85 %
REGION VI,NEGROS OCCIDENTAL,CITY OF BACOLOD,TACULING,45010381,SENATOR,"PIÑOL, MANNY (NPC)",36,0.56 %
REGION VI,NEGROS OCCIDENTAL,CITY OF BACOLOD,TACULING,45010381,SENATOR,"RICABLANCA, WILLIE JR. (PM)",13,0.20 %
REGION VI,NEGROS OCCIDENTAL,CITY OF BACOLOD,TACULING,45010381,SENATOR,"ROQUE, HARRY SPOX (PRP)",119,1.85 %
REGION VI,NEGROS OCCIDENTAL,CITY OF BACOLOD,TACULING,45010381,SENATOR,"SAHIDULLA, LADY ANNE (PDDS)",9,0.14 %
REGION VI,NEGROS OCCIDENTAL,CITY OF BACOLOD,TACULING,45010381,SENATOR,"SISON, JOPET (AKSYON)",25,0.39 %
REGION VI,NEGROS OCCIDENTAL,CITY OF BACOLOD,TACULING,45010381,SENATOR,"TEODORO, GIBO (PRP)",237,3.70 %
REGION VI,NEGROS OCCIDENTAL,CITY OF BACOLOD,TACULING,45010381,SENATOR,"TRILLANES, ANTONIO IV (LP)",169,2.64 %
REGION VI,NEGROS OCCIDENTAL,CITY OF BACOLOD,TACULING,45010381,SENATOR,"TULFO, IDOL RAFFY (IND)",313,4.89 %
REGION VI,NEGROS OCCIDENTAL,CITY OF BACOLOD,TACULING,45010381,SENATOR,"VALEROS, REY (IND)",8,0.12 %
REGION VI,NEGROS OCCIDENTAL,CITY OF BACOLOD,TACULING,45010381,SENATOR,"VILLANUEVA,JOEL TESDAMAN (IND)",229,3.57 %
REGION VI,NEGROS OCCIDENTAL,CITY OF BACOLOD,TACULING,45010381,SENATOR,"VILLAR, MARK (NP)",240,3.75 %
REGION VI,NEGROS OCCIDENTAL,CITY OF BACOLOD,TACULING,45010381,SENATOR,"ZUBIAGA, CARMEN (IND)",40,0.62 %
REGION VI,NEGROS OCCIDENTAL,CITY OF BACOLOD,TACULING,45010381,SENATOR,"ZUBIRI, MIGZ (IND)",323,5.04 %
REGION VI,NEGROS OCCIDENTAL,CITY OF BACOLOD,TACULING,45010381,PARTYLIST,Candidate,Votes,Percentage
REGION VI,NEGROS OCCIDENTAL,CITY OF BACOLOD,TACULING,45010381,PARTYLIST,01 KAMALAYAN,1,0.20 %
REGION VI,NEGROS OCCIDENTAL,CITY OF BACOLOD,TACULING,45010381,PARTYLIST,02 KM NGAYON NA,0,0.00 %
REGION VI,NEGROS OCCIDENTAL,CITY OF BACOLOD,TACULING,45010381,PARTYLIST,03 PSIS,0,0.00 %
REGION VI,NEGROS OCCIDENTAL,CITY OF BACOLOD,TACULING,45010381,PARTYLIST,04 AGAP,6,1.20 %
REGION VI,NEGROS OCCIDENTAL,CITY OF BACOLOD,TACULING,45010381,PARTYLIST,05 KABAYAN,4,0.80 %
REGION VI,NEGROS OCCIDENTAL,CITY OF BACOLOD,TACULING,45010381,PARTYLIST,06 HOME OWNER,1,0.20 %
REGION VI,NEGROS OCCIDENTAL,CITY OF BACOLOD,TACULING,45010381,PARTYLIST,07 KAPUSO-PM,0,0.00 %
REGION VI,NEGROS OCCIDENTAL,CITY OF BACOLOD,TACULING,45010381,PARTYLIST,08 PDP CARES,1,0.20 %
REGION VI,NEGROS OCCIDENTAL,CITY OF BACOLOD,TACULING,45010381,PARTYLIST,09 MARVELOUS TAYO,0,0.00 %
REGION VI,NEGROS OCCIDENTAL,CITY OF BACOLOD,TACULING,45010381,PARTYLIST,10 AKO OFW,2,0.40 %
REGION VI,NEGROS OCCIDENTAL,CITY OF BACOLOD,TACULING,45010381,PARTYLIST,11 UNITED SENIOR CITIZEN,5,1.00 %
REGION VI,NEGROS OCCIDENTAL,CITY OF BACOLOD,TACULING,45010381,PARTYLIST,12 WOW PILIPINAS,0,0.00 %
REGION VI,NEGROS OCCIDENTAL,CITY OF BACOLOD,TACULING,45010381,PARTYLIST,13 ALTERNATIBA,0,0.00 %
REGION VI,NEGROS OCCIDENTAL,CITY OF BACOLOD,TACULING,45010381,PARTYLIST,14 1-RIDER PARTYLIST,12,2.40 %
REGION VI,NEGROS OCCIDENTAL,CITY OF BACOLOD,TACULING,45010381,PARTYLIST,15 1-CARE,2,0.40 %
REGION VI,NEGROS OCCIDENTAL,CITY OF BACOLOD,TACULING,45010381,PARTYLIST,16 ABP,0,0.00 %
REGION VI,NEGROS OCCIDENTAL,CITY OF BACOLOD,TACULING,45010381,PARTYLIST,17 AKO MUSIKERO,0,0.00 %
REGION VI,NEGROS OCCIDENTAL,CITY OF BACOLOD,TACULING,45010381,PARTYLIST,18 AKO BICOL,1,0.20 %
REGION VI,NEGROS OCCIDENTAL,CITY OF BACOLOD,TACULING,45010381,PARTYLIST,19 PRAI,0,0.00 %
REGION VI,NEGROS OCCIDENTAL,CITY OF BACOLOD,TACULING,45010381,PARTYLIST,20 4PS,1,0.20 %
REGION VI,NEGROS OCCIDENTAL,CITY OF BACOLOD,TACULING,45010381,PARTYLIST,21 MAAGAP,0,0.00 %
REGION VI,NEGROS OCCIDENTAL,CITY OF BACOLOD,TACULING,45010381,PARTYLIST,22 ABANTE PILIPINAS,1,0.20 %
REGION VI,NEGROS OCCIDENTAL,CITY OF BACOLOD,TACULING,45010381,PARTYLIST,23 AKTIBONG KAAGAPAY,0,0.00 %
REGION VI,NEGROS OCCIDENTAL,CITY OF BACOLOD,TACULING,45010381,PARTYLIST,24 ALSA BISAYA,0,0.00 %
REGION VI,NEGROS OCCIDENTAL,CITY OF BACOLOD,TACULING,45010381,PARTYLIST,25 PROBINSYANO AKO,3,0.60 %
REGION VI,NEGROS OCCIDENTAL,CITY OF BACOLOD,TACULING,45010381,PARTYLIST,26 YACAP,0,0.00 %
REGION VI,NEGROS OCCIDENTAL,CITY OF BACOLOD,TACULING,45010381,PARTYLIST,27 MAGDALO,1,0.20 %
REGION VI,NEGROS OCCIDENTAL,CITY OF BACOLOD,TACULING,45010381,PARTYLIST,28 ACT-CIS,26,5.22 %
REGION VI,NEGROS OCCIDENTAL,CITY OF BACOLOD,TACULING,45010381,PARTYLIST,29 HUGPONG FEDERAL,2,0.40 %
REGION VI,NEGROS OCCIDENTAL,CITY OF BACOLOD,TACULING,45010381,PARTYLIST,30 TGP,7,1.40 %
REGION VI,NEGROS OCCIDENTAL,CITY OF BACOLOD,TACULING,45010381,PARTYLIST,31 ONE COOP,1,0.20 %
REGION VI,NEGROS OCCIDENTAL,CITY OF BACOLOD,TACULING,45010381,PARTYLIST,32 BARKADAHAN,0,0.00 %
REGION VI,NEGROS OCCIDENTAL,CITY OF BACOLOD,TACULING,45010381,PARTYLIST,33 DUMPER PTDA,0,0.00 %
REGION VI,NEGROS OCCIDENTAL,CITY OF BACOLOD,TACULING,45010381,PARTYLIST,34 MALABUNG,0,0.00 %
REGION VI,NEGROS OCCIDENTAL,CITY OF BACOLOD,TACULING,45010381,PARTYLIST,35 BH (BAGONG HENERASYON),1,0.20 %
REGION VI,NEGROS OCCIDENTAL,CITY OF BACOLOD,TACULING,45010381,PARTYLIST,36 AKMA-PTM,0,0.00 %
REGION VI,NEGROS OCCIDENTAL,CITY OF BACOLOD,TACULING,45010381,PARTYLIST,37 IPATUPAD,2,0.40 %
REGION VI,NEGROS OCCIDENTAL,CITY OF BACOLOD,TACULING,45010381,PARTYLIST,38 PINUNO,2,0.40 %
REGION VI,NEGROS OCCIDENTAL,CITY OF BACOLOD,TACULING,45010381,PARTYLIST,39 LPGMA,1,0.20 %
REGION VI,NEGROS OCCIDENTAL,CITY OF BACOLOD,TACULING,45010381,PARTYLIST,40 CLICK PARTY,0,0.00 %
REGION VI,NEGROS OCCIDENTAL,CITY OF BACOLOD,TACULING,45010381,PARTYLIST,41 TODA,0,0.00 %
REGION VI,NEGROS OCCIDENTAL,CITY OF BACOLOD,TACULING,45010381,PARTYLIST,42 BHW,1,0.20 %
REGION VI,NEGROS OCCIDENTAL,CITY OF BACOLOD,TACULING,45010381,PARTYLIST,43 MALASAKIT@BAYANIHAN,65,13.05 %
REGION VI,NEGROS OCCIDENTAL,CITY OF BACOLOD,TACULING,45010381,PARTYLIST,44 ABS,0,0.00 %
REGION VI,NEGROS OCCIDENTAL,CITY OF BACOLOD,TACULING,45010381,PARTYLIST,45 PASAHERO PARTYLIST,0,0.00 %
REGION VI,NEGROS OCCIDENTAL,CITY OF BACOLOD,TACULING,45010381,PARTYLIST,46 ANGAT,6,1.20 %
REGION VI,NEGROS OCCIDENTAL,CITY OF BACOLOD,TACULING,45010381,PARTYLIST,47 SOLID-CHANGE,0,0.00 %
REGION VI,NEGROS OCCIDENTAL,CITY OF BACOLOD,TACULING,45010381,PARTYLIST,48 BICOL SARO,0,0.00 %
REGION VI,NEGROS OCCIDENTAL,CITY OF BACOLOD,TACULING,45010381,PARTYLIST,49 OFW,3,0.60 %
REGION VI,NEGROS OCCIDENTAL,CITY OF BACOLOD,TACULING,45010381,PARTYLIST,50 ANG PROBINSIYANO,14,2.81 %
REGION VI,NEGROS OCCIDENTAL,CITY OF BACOLOD,TACULING,45010381,PARTYLIST,51 ANAKALUSUGAN,1,0.20 %
REGION VI,NEGROS OCCIDENTAL,CITY OF BACOLOD,TACULING,45010381,PARTYLIST,52 PBA,1,0.20 %
REGION VI,NEGROS OCCIDENTAL,CITY OF BACOLOD,TACULING,45010381,PARTYLIST,53 PEACE,1,0.20 %
REGION VI,NEGROS OCCIDENTAL,CITY OF BACOLOD,TACULING,45010381,PARTYLIST,54 P3PWD,17,3.41 %
REGION VI,NEGROS OCCIDENTAL,CITY OF BACOLOD,TACULING,45010381,PARTYLIST,55 S.M.I.L.E,0,0.00 %
REGION VI,NEGROS OCCIDENTAL,CITY OF BACOLOD,TACULING,45010381,PARTYLIST,56 AAMBIS-OWA,0,0.00 %
REGION VI,NEGROS OCCIDENTAL,CITY OF BACOLOD,TACULING,45010381,PARTYLIST,57 BUTIL,1,0.20 %
REGION VI,NEGROS OCCIDENTAL,CITY OF BACOLOD,TACULING,45010381,PARTYLIST,58 LUNAS,0,0.00 %
REGION VI,NEGROS OCCIDENTAL,CITY OF BACOLOD,TACULING,45010381,PARTYLIST,59 ANG KOMADRONA,0,0.00 %
REGION VI,NEGROS OCCIDENTAL,CITY OF BACOLOD,TACULING,45010381,PARTYLIST,60 KABAKA,0,0.00 %
REGION VI,NEGROS OCCIDENTAL,CITY OF BACOLOD,TACULING,45010381,PARTYLIST,61 SAGIP,1,0.20 %
REGION VI,NEGROS OCCIDENTAL,CITY OF BACOLOD,TACULING,45010381,PARTYLIST,62 ANG KABUHAYAN,0,0.00 %
REGION VI,NEGROS OCCIDENTAL,CITY OF BACOLOD,TACULING,45010381,PARTYLIST,63 AKO I.P.,0,0.00 %
REGION VI,NEGROS OCCIDENTAL,CITY OF BACOLOD,TACULING,45010381,PARTYLIST,64 PHILRECA,0,0.00 %
REGION VI,NEGROS OCCIDENTAL,CITY OF BACOLOD,TACULING,45010381,PARTYLIST,65 BABAE AKO,0,0.00 %
REGION VI,NEGROS OCCIDENTAL,CITY OF BACOLOD,TACULING,45010381,PARTYLIST,66 KB,0,0.00 %
REGION VI,NEGROS OCCIDENTAL,CITY OF BACOLOD,TACULING,45010381,PARTYLIST,67 GABRIELA,3,0.60 %
REGION VI,NEGROS OCCIDENTAL,CITY OF BACOLOD,TACULING,45010381,PARTYLIST,68 KALINGA,3,0.60 %
REGION VI,NEGROS OCCIDENTAL,CITY OF BACOLOD,TACULING,45010381,PARTYLIST,69 STL,0,0.00 %
REGION VI,NEGROS OCCIDENTAL,CITY OF BACOLOD,TACULING,45010381,PARTYLIST,70 RECOBODA,0,0.00 %
REGION VI,NEGROS OCCIDENTAL,CITY OF BACOLOD,TACULING,45010381,PARTYLIST,71 ANGAT PINOY,0,0.00 %
REGION VI,NEGROS OCCIDENTAL,CITY OF BACOLOD,TACULING,45010381,PARTYLIST,72 ANAC-IP,0,0.00 %
REGION VI,NEGROS OCCIDENTAL,CITY OF BACOLOD,TACULING,45010381,PARTYLIST,73 DIWA,0,0.00 %
REGION VI,NEGROS OCCIDENTAL,CITY OF BACOLOD,TACULING,45010381,PARTYLIST,74 ASENSO PINOY,2,0.40 %
REGION VI,NEGROS OCCIDENTAL,CITY OF BACOLOD,TACULING,45010381,PARTYLIST,75 PPP,0,0.00 %
REGION VI,NEGROS OCCIDENTAL,CITY OF BACOLOD,TACULING,45010381,PARTYLIST,76 PAMILYA MUNA,0,0.00 %
REGION VI,NEGROS OCCIDENTAL,CITY OF BACOLOD,TACULING,45010381,PARTYLIST,77 AYUDA SANDUGO,1,0.20 %
REGION VI,NEGROS OCCIDENTAL,CITY OF BACOLOD,TACULING,45010381,PARTYLIST,78 BUKLOD FILIPINO,0,0.00 %
REGION VI,NEGROS OCCIDENTAL,CITY OF BACOLOD,TACULING,45010381,PARTYLIST,79 BTS,0,0.00 %
REGION VI,NEGROS OCCIDENTAL,CITY OF BACOLOD,TACULING,45010381,PARTYLIST,80 MOCHA,0,0.00 %
REGION VI,NEGROS OCCIDENTAL,CITY OF BACOLOD,TACULING,45010381,PARTYLIST,81 ACT TEACHERS,3,0.60 %
REGION VI,NEGROS OCCIDENTAL,CITY OF BACOLOD,TACULING,45010381,PARTYLIST,82 ALONA,0,0.00 %
REGION VI,NEGROS OCCIDENTAL,CITY OF BACOLOD,TACULING,45010381,PARTYLIST,83 KABALIKAT,0,0.00 %
REGION VI,NEGROS OCCIDENTAL,CITY OF BACOLOD,TACULING,45010381,PARTYLIST,84 ALIF,0,0.00 %
REGION VI,NEGROS OCCIDENTAL,CITY OF BACOLOD,TACULING,45010381,PARTYLIST,85 1-UTAP BICOL,0,0.00 %
REGION VI,NEGROS OCCIDENTAL,CITY OF BACOLOD,TACULING,45010381,PARTYLIST,86 TINGOG,0,0.00 %
REGION VI,NEGROS OCCIDENTAL,CITY OF BACOLOD,TACULING,45010381,PARTYLIST,87 H.E.L.P. PILIPINAS,0,0.00 %
REGION VI,NEGROS OCCIDENTAL,CITY OF BACOLOD,TACULING,45010381,PARTYLIST,88 TUCP,0,0.00 %
REGION VI,NEGROS OCCIDENTAL,CITY OF BACOLOD,TACULING,45010381,PARTYLIST,89 PTA,0,0.00 %
REGION VI,NEGROS OCCIDENTAL,CITY OF BACOLOD,TACULING,45010381,PARTYLIST,90 AGIMAT,0,0.00 %
REGION VI,NEGROS OCCIDENTAL,CITY OF BACOLOD,TACULING,45010381,PARTYLIST,91 KONTRA BROWNOUT,2,0.40 %
REGION VI,NEGROS OCCIDENTAL,CITY OF BACOLOD,TACULING,45010381,PARTYLIST,92 TULUNGAN TAYO,0,0.00 %
REGION VI,NEGROS OCCIDENTAL,CITY OF BACOLOD,TACULING,45010381,PARTYLIST,93 DUTERTE YOUTH,7,1.40 %
REGION VI,NEGROS OCCIDENTAL,CITY OF BACOLOD,TACULING,45010381,PARTYLIST,94 ABEKA,0,0.00 %
REGION VI,NEGROS OCCIDENTAL,CITY OF BACOLOD,TACULING,45010381,PARTYLIST,95 KABATAAN,12,2.40 %
REGION VI,NEGROS OCCIDENTAL,CITY OF BACOLOD,TACULING,45010381,PARTYLIST,97 ACTS-OFW,0,0.00 %
REGION VI,NEGROS OCCIDENTAL,CITY OF BACOLOD,TACULING,45010381,PARTYLIST,98 RAM,2,0.40 %
REGION VI,NEGROS OCCIDENTAL,CITY OF BACOLOD,TACULING,45010381,PARTYLIST,99 USWAG ILONGGO,17,3.41 %
REGION VI,NEGROS OCCIDENTAL,CITY OF BACOLOD,TACULING,45010381,PARTYLIST,100 AKO BISAYA,0,0.00 %
REGION VI,NEGROS OCCIDENTAL,CITY OF BACOLOD,TACULING,45010381,PARTYLIST,101 KAPAMILYA,2,0.40 %
REGION VI,NEGROS OCCIDENTAL,CITY OF BACOLOD,TACULING,45010381,PARTYLIST,102 PUSONG PINOY,1,0.20 %
REGION VI,NEGROS OCCIDENTAL,CITY OF BACOLOD,TACULING,45010381,PARTYLIST,103 CWS,0,0.00 %
REGION VI,NEGROS OCCIDENTAL,CITY OF BACOLOD,TACULING,45010381,PARTYLIST,104 SILBI,0,0.00 %
REGION VI,NEGROS OCCIDENTAL,CITY OF BACOLOD,TACULING,45010381,PARTYLIST,105 CIBAC,3,0.60 %
REGION VI,NEGROS OCCIDENTAL,CITY OF BACOLOD,TACULING,45010381,PARTYLIST,106 SUBANEN,0,0.00 %
REGION VI,NEGROS OCCIDENTAL,CITY OF BACOLOD,TACULING,45010381,PARTYLIST,107 AKKK,0,0.00 %
REGION VI,NEGROS OCCIDENTAL,CITY OF BACOLOD,TACULING,45010381,PARTYLIST,108 BG PARTY-LIST,0,0.00 %
REGION VI,NEGROS OCCIDENTAL,CITY OF BACOLOD,TACULING,45010381,PARTYLIST,109 PAMILYANG MAGSASAKA,5,1.00 %
REGION VI,NEGROS OCCIDENTAL,CITY OF BACOLOD,TACULING,45010381,PARTYLIST,110 COOP NATCCO,3,0.60 %
REGION VI,NEGROS OCCIDENTAL,CITY OF BACOLOD,TACULING,45010381,PARTYLIST,111 FRONTLINERS ANG BIDA,0,0.00 %
REGION VI,NEGROS OCCIDENTAL,CITY OF BACOLOD,TACULING,45010381,PARTYLIST,112 KASAMA,0,0.00 %
REGION VI,NEGROS OCCIDENTAL,CITY OF BACOLOD,TACULING,45010381,PARTYLIST,113 AKO BISDAK,0,0.00 %
REGION VI,NEGROS OCCIDENTAL,CITY OF BACOLOD,TACULING,45010381,PARTYLIST,114 GP PARTY,0,0.00 %
REGION VI,NEGROS OCCIDENTAL,CITY OF BACOLOD,TACULING,45010381,PARTYLIST,115 BAHAY,0,0.00 %
REGION VI,NEGROS OCCIDENTAL,CITY OF BACOLOD,TACULING,45010381,PARTYLIST,116 MAGSASAKA,2,0.40 %
REGION VI,NEGROS OCCIDENTAL,CITY OF BACOLOD,TACULING,45010381,PARTYLIST,117 MARINO,6,1.20 %
REGION VI,NEGROS OCCIDENTAL,CITY OF BACOLOD,TACULING,45010381,PARTYLIST,118 UNITED FRONTLINERS,4,0.80 %
REGION VI,NEGROS OCCIDENTAL,CITY OF BACOLOD,TACULING,45010381,PARTYLIST,119 L.O.G.R.O. KUSINERO,0,0.00 %
REGION VI,NEGROS OCCIDENTAL,CITY OF BACOLOD,TACULING,45010381,PARTYLIST,120 BPO,1,0.20 %
REGION VI,NEGROS OCCIDENTAL,CITY OF BACOLOD,TACULING,45010381,PARTYLIST,121 ABANG LINGKOD,159,31.92 %
REGION VI,NEGROS OCCIDENTAL,CITY OF BACOLOD,TACULING,45010381,PARTYLIST,122 KUSUG TAUSUG,0,0.00 %
REGION VI,NEGROS OCCIDENTAL,CITY OF BACOLOD,TACULING,45010381,PARTYLIST,123 PLM,0,0.00 %
REGION VI,NEGROS OCCIDENTAL,CITY OF BACOLOD,TACULING,45010381,PARTYLIST,124 OK PARTYLIST,1,0.20 %
REGION VI,NEGROS OCCIDENTAL,CITY OF BACOLOD,TACULING,45010381,PARTYLIST,125 A TEACHER,2,0.40 %
REGION VI,NEGROS OCCIDENTAL,CITY OF BACOLOD,TACULING,45010381,PARTYLIST,126 PASADA-CC,0,0.00 %
REGION VI,NEGROS OCCIDENTAL,CITY OF BACOLOD,TACULING,45010381,PARTYLIST,127 OFW FAMILY,1,0.20 %
REGION VI,NEGROS OCCIDENTAL,CITY OF BACOLOD,TACULING,45010381,PARTYLIST,128 ANGKLA,2,0.40 %
REGION VI,NEGROS OCCIDENTAL,CITY OF BACOLOD,TACULING,45010381,PARTYLIST,129 COCOMAN,0,0.00 %
REGION VI,NEGROS OCCIDENTAL,CITY OF BACOLOD,TACULING,45010381,PARTYLIST,130 ACT AS ONE,4,0.80 %
REGION VI,NEGROS OCCIDENTAL,CITY OF BACOLOD,TACULING,45010381,PARTYLIST,131 AKO ILOCANO AKO,9,1.80 %
REGION VI,NEGROS OCCIDENTAL,CITY OF BACOLOD,TACULING,45010381,PARTYLIST,132 TRABAHO,2,0.40 %
REGION VI,NEGROS OCCIDENTAL,CITY OF BACOLOD,TACULING,45010381,PARTYLIST,133 PATROL,0,0.00 %
REGION VI,NEGROS OCCIDENTAL,CITY OF BACOLOD,TACULING,45010381,PARTYLIST,134 AKO PADAYON,0,0.00 %
REGION VI,NEGROS OCCIDENTAL,CITY OF BACOLOD,TACULING,45010381,PARTYLIST,135 ABONO,0,0.00 %
REGION VI,NEGROS OCCIDENTAL,CITY OF BACOLOD,TACULING,45010381,PARTYLIST,136 MANILA TEACHERS,0,0.00 %
REGION VI,NEGROS OCCIDENTAL,CITY OF BACOLOD,TACULING,45010381,PARTYLIST,137 KOOP-KAMPI,0,0.00 %
REGION VI,NEGROS OCCIDENTAL,CITY OF BACOLOD,TACULING,45010381,PARTYLIST,138 MAYPAGASA,0,0.00 %
REGION VI,NEGROS OCCIDENTAL,CITY OF BACOLOD,TACULING,45010381,PARTYLIST,139 PVAID,0,0.00 %
REGION VI,NEGROS OCCIDENTAL,CITY OF BACOLOD,TACULING,45010381,PARTYLIST,140 TUTOK TO WIN,1,0.20 %
REGION VI,NEGROS OCCIDENTAL,CITY OF BACOLOD,TACULING,45010381,PARTYLIST,141 BAYAN MUNA,4,0.80 %
REGION VI,NEGROS OCCIDENTAL,CITY OF BACOLOD,TACULING,45010381,PARTYLIST,142 API,0,0.00 %
REGION VI,NEGROS OCCIDENTAL,CITY OF BACOLOD,TACULING,45010381,PARTYLIST,143 ARTE,1,0.20 %
REGION VI,NEGROS OCCIDENTAL,CITY OF BACOLOD,TACULING,45010381,PARTYLIST,144 ASAP,0,0.00 %
REGION VI,NEGROS OCCIDENTAL,CITY OF BACOLOD,TACULING,45010381,PARTYLIST,145 BUNYOG,1,0.20 %
REGION VI,NEGROS OCCIDENTAL,CITY OF BACOLOD,TACULING,45010381,PARTYLIST,146 AKBAYAN,7,1.40 %
REGION VI,NEGROS OCCIDENTAL,CITY OF BACOLOD,TACULING,45010381,PARTYLIST,147 DAMAYAN,0,0.00 %
REGION VI,NEGROS OCCIDENTAL,CITY OF BACOLOD,TACULING,45010381,PARTYLIST,148 WIFI,3,0.60 %
REGION VI,NEGROS OCCIDENTAL,CITY OF BACOLOD,TACULING,45010381,PARTYLIST,149 CANCER PARTY LIST,2,0.40 %
REGION VI,NEGROS OCCIDENTAL,CITY OF BACOLOD,TACULING,45010381,PARTYLIST,150 1-ANG EDUKASYON,0,0.00 %
REGION VI,NEGROS OCCIDENTAL,CITY OF BACOLOD,TACULING,45010381,PARTYLIST,151 UFCC,0,0.00 %
REGION VI,NEGROS OCCIDENTAL,CITY OF BACOLOD,TACULING,45010381,PARTYLIST,152 AGRI,0,0.00 %
REGION VI,NEGROS OCCIDENTAL,CITY OF BACOLOD,TACULING,45010381,PARTYLIST,153 MAHARLIKA,2,0.40 %
REGION VI,NEGROS OCCIDENTAL,CITY OF BACOLOD,TACULING,45010381,PARTYLIST,154 ANAKPAWIS,2,0.40 %
REGION VI,NEGROS OCCIDENTAL,CITY OF BACOLOD,TACULING,45010381,PARTYLIST,155 1TAHANAN,0,0.00 %
REGION VI,NEGROS OCCIDENTAL,CITY OF BACOLOD,TACULING,45010381,PARTYLIST,156 TURISMO,0,0.00 %
REGION VI,NEGROS OCCIDENTAL,CITY OF BACOLOD,TACULING,45010381,PARTYLIST,157 APEC,0,0.00 %
REGION VI,NEGROS OCCIDENTAL,CITY OF BACOLOD,TACULING,45010381,PARTYLIST,158 SENIOR CITIZENS PARTYLIST,5,1.00 %
REGION VI,NEGROS OCCIDENTAL,CITY OF BACOLOD,TACULING,45010381,PARTYLIST,159 AASENSO,0,0.00 %
REGION VI,NEGROS OCCIDENTAL,CITY OF BACOLOD,TACULING,45010381,PARTYLIST,160 AMIN,0,0.00 %
REGION VI,NEGROS OCCIDENTAL,CITY OF BACOLOD,TACULING,45010381,PARTYLIST,161 1-PACMAN,3,0.60 %
REGION VI,NEGROS OCCIDENTAL,CITY OF BACOLOD,TACULING,45010381,PARTYLIST,162 ABB-NFCPI,0,0.00 %
REGION VI,NEGROS OCCIDENTAL,CITY OF BACOLOD,TACULING,45010381,PARTYLIST,163 AN WARAY,0,0.00 %
REGION VI,NEGROS OCCIDENTAL,CITY OF BACOLOD,TACULING,45010381,PARTYLIST,164 AP PARTYLIST,2,0.40 %
REGION VI,NEGROS OCCIDENTAL,CITY OF BACOLOD,TACULING,45010381,PARTYLIST,165 AKAP PINOY,2,0.40 %
REGION VI,NEGROS OCCIDENTAL,CITY OF BACOLOD,TACULING,45010381,PARTYLIST,166 BUHAY,0,0.00 %
REGION VI,NEGROS OCCIDENTAL,CITY OF BACOLOD,TACULING,45010381,PARTYLIST,167 ARISE,0,0.00 %
REGION VI,NEGROS OCCIDENTAL,CITY OF BACOLOD,TACULING,45010381,PARTYLIST,168 IWI,0,0.00 %
REGION VI,NEGROS OCCIDENTAL,CITY OF BACOLOD,TACULING,45010381,PARTYLIST,169 ANG TINIG NG SENIORS,1,0.20 %
REGION VI,NEGROS OCCIDENTAL,CITY OF BACOLOD,TACULING,45010381,PARTYLIST,170 LBP,1,0.20 %
REGION VI,NEGROS OCCIDENTAL,CITY OF BACOLOD,TACULING,45010381,PARTYLIST,171 IPEACE EPANAW,0,0.00 %
REGION VI,NEGROS OCCIDENTAL,CITY OF BACOLOD,TACULING,45010381,PARTYLIST,172 APAT-DAPAT,0,0.00 %
REGION VI,NEGROS OCCIDENTAL,CITY OF BACOLOD,TACULING,45010381,PARTYLIST,173 UMA ILONGGO,6,1.20 %
REGION VI,NEGROS OCCIDENTAL,CITY OF BACOLOD,TACULING,45010381,PARTYLIST,174 AYUDA,0,0.00 %
REGION VI,NEGROS OCCIDENTAL,CITY OF BACOLOD,TACULING,45010381,PARTYLIST,175 SAMBAYANAN,0,0.00 %
REGION VI,NEGROS OCCIDENTAL,CITY OF BACOLOD,TACULING,45010381,PARTYLIST,176 AKO BREEDER,2,0.40 %
REGION VI,NEGROS OCCIDENTAL,CITY OF BACOLOD,TACULING,45010381,PARTYLIST,177 FPJ,0,0.00 %
REGION VI,NEGROS OCCIDENTAL,CITY OF BACOLOD,TACULING,45010381,PARTYLIST,178 LIBRO,0,0.00 %
REGION VI,NEGROS OCCIDENTAL,CITY OF BACOLOD,TACULING,45010381,REP,Candidate,Votes,Percentage
REGION VI,NEGROS OCCIDENTAL,CITY OF BACOLOD,TACULING,45010381,REP,"ATAYDE, DAN (IND)",208,31.85 %
REGION VI,NEGROS OCCIDENTAL,CITY OF BACOLOD,TACULING,45010381,REP,"DAVID, WILLY (IND)",1,0.15 %
REGION VI,NEGROS OCCIDENTAL,CITY OF BACOLOD,TACULING,45010381,REP,"GASATAYA, GREG (NPC)",441,67.53 %
REGION VI,NEGROS OCCIDENTAL,CITY OF BACOLOD,TACULING,45010381,REP,"GUSTILO, ROMY (IND)",0,0.00 %
REGION VI,NEGROS OCCIDENTAL,CITY OF BACOLOD,TACULING,45010381,REP,"SAN MIGUEL, NONONG (PDDS)",3,0.45 %
REGION VI,NEGROS OCCIDENTAL,CITY OF BACOLOD,TACULING,45010381,MAYOR,Candidate,Votes,Percentage
REGION VI,NEGROS OCCIDENTAL,CITY OF BACOLOD,TACULING,45010381,MAYOR,"BENITEZ, ALBEE (PDPLBN)",409,60.05 %
REGION VI,NEGROS OCCIDENTAL,CITY OF BACOLOD,TACULING,45010381,MAYOR,"LEONARDIA, BING (NP)",272,39.94 %
REGION VI,NEGROS OCCIDENTAL,CITY OF BACOLOD,TACULING,45010381,VICE_MAYOR,Candidate,Votes,Percentage
REGION VI,NEGROS OCCIDENTAL,CITY OF BACOLOD,TACULING,45010381,VICE_MAYOR,"DISTRITO, CAESAR (PDPLBN)",240,36.92 %
REGION VI,NEGROS OCCIDENTAL,CITY OF BACOLOD,TACULING,45010381,VICE_MAYOR,"FAMILIARAN, EL CID (NP)",318,48.92 %
REGION VI,NEGROS OCCIDENTAL,CITY OF BACOLOD,TACULING,45010381,VICE_MAYOR,"GAMBOA, WILSON JR. (IND)",92,14.15 %
REGION VI,NEGROS OCCIDENTAL,CITY OF BACOLOD,TACULING,45010381,SP,Candidate,Votes,Percentage
REGION VI,NEGROS OCCIDENTAL,CITY OF BACOLOD,TACULING,45010381,SP,"ANG, EM (NP)",314,4.68 %
REGION VI,NEGROS OCCIDENTAL,CITY OF BACOLOD,TACULING,45010381,SP,"ARROYO, ALAN (IND)",32,0.47 %
REGION VI,NEGROS OCCIDENTAL,CITY OF BACOLOD,TACULING,45010381,SP,"AUJERO, JORGE THE WISE (IND)",14,0.20 %
REGION VI,NEGROS OCCIDENTAL,CITY OF BACOLOD,TACULING,45010381,SP,"BAIS, HOMER (PDPLBN)",252,3.75 %
REGION VI,NEGROS OCCIDENTAL,CITY OF BACOLOD,TACULING,45010381,SP,"BARIBAR, ARCHIE (PROMDI)",253,3.77 %
REGION VI,NEGROS OCCIDENTAL,CITY OF BACOLOD,TACULING,45010381,SP,"BELARIO, 007 (IND)",19,0.28 %
REGION VI,NEGROS OCCIDENTAL,CITY OF BACOLOD,TACULING,45010381,SP,"BELORIA, TOTO CESAR (IND)",77,1.14 %
REGION VI,NEGROS OCCIDENTAL,CITY OF BACOLOD,TACULING,45010381,SP,"CONTRERAS, LR (PRP)",31,0.46 %
REGION VI,NEGROS OCCIDENTAL,CITY OF BACOLOD,TACULING,45010381,SP,"DIAZ, JONATHAN JR. (NP)",122,1.81 %
REGION VI,NEGROS OCCIDENTAL,CITY OF BACOLOD,TACULING,45010381,SP,"DISTRITO, SIMPLE (PDPLBN)",253,3.77 %
REGION VI,NEGROS OCCIDENTAL,CITY OF BACOLOD,TACULING,45010381,SP,"ESPINO, AL (NPC)",282,4.20 %
REGION VI,NEGROS OCCIDENTAL,CITY OF BACOLOD,TACULING,45010381,SP,"FLOR, CELIA (IND)",282,4.20 %
REGION VI,NEGROS OCCIDENTAL,CITY OF BACOLOD,TACULING,45010381,SP,"GICO, VIC (IND)",26,0.38 %
REGION VI,NEGROS OCCIDENTAL,CITY OF BACOLOD,TACULING,45010381,SP,"GONZALEZ, VLADI (PDPLBN)",318,4.73 %
REGION VI,NEGROS OCCIDENTAL,CITY OF BACOLOD,TACULING,45010381,SP,"GUILLEM, ED (NP)",180,2.68 %
REGION VI,NEGROS OCCIDENTAL,CITY OF BACOLOD,TACULING,45010381,SP,"HERMOSURA, BONG (IND)",28,0.41 %
REGION VI,NEGROS OCCIDENTAL,CITY OF BACOLOD,TACULING,45010381,SP,"JAUOD, JIFFY (IND)",23,0.34 %
REGION VI,NEGROS OCCIDENTAL,CITY OF BACOLOD,TACULING,45010381,SP,"LACSON, PATRICK (PDPLBN)",237,3.53 %
REGION VI,NEGROS OCCIDENTAL,CITY OF BACOLOD,TACULING,45010381,SP,"LOPEZ, CARL (NP)",210,3.13 %
REGION VI,NEGROS OCCIDENTAL,CITY OF BACOLOD,TACULING,45010381,SP,"MAYO, MARK STEVEN (NPC)",102,1.52 %
REGION VI,NEGROS OCCIDENTAL,CITY OF BACOLOD,TACULING,45010381,SP,"MONTALVO, CASH (NP)",172,2.56 %
REGION VI,NEGROS OCCIDENTAL,CITY OF BACOLOD,TACULING,45010381,SP,"NACIONALES, FERMIN (IND)",17,0.25 %
REGION VI,NEGROS OCCIDENTAL,CITY OF BACOLOD,TACULING,45010381,SP,"NOVERO, RENECITO (NP)",300,4.47 %
REGION VI,NEGROS OCCIDENTAL,CITY OF BACOLOD,TACULING,45010381,SP,"OROLA, BART (PDPLBN)",234,3.48 %
REGION VI,NEGROS OCCIDENTAL,CITY OF BACOLOD,TACULING,45010381,SP,"PADIOS, EDUARDO (PPM)",59,0.87 %
REGION VI,NEGROS OCCIDENTAL,CITY OF BACOLOD,TACULING,45010381,SP,"PUENTEVELLA, KALAW (PROMDI)",272,4.05 %
REGION VI,NEGROS OCCIDENTAL,CITY OF BACOLOD,TACULING,45010381,SP,"RAMOS, DINDO (NP)",244,3.63 %
REGION VI,NEGROS OCCIDENTAL,CITY OF BACOLOD,TACULING,45010381,SP,"ROJAS, CINDY (NP)",335,4.99 %
REGION VI,NEGROS OCCIDENTAL,CITY OF BACOLOD,TACULING,45010381,SP,"SALANGA, ISRAEL (NP)",350,5.21 %
REGION VI,NEGROS OCCIDENTAL,CITY OF BACOLOD,TACULING,45010381,SP,"SAYSON, THADDY (PDPLBN)",317,4.72 %
REGION VI,NEGROS OCCIDENTAL,CITY OF BACOLOD,TACULING,45010381,SP,"SOLIDUM, MARLON (NPC)",221,3.29 %
REGION VI,NEGROS OCCIDENTAL,CITY OF BACOLOD,TACULING,45010381,SP,"SORONGON, CHRIS (NP)",190,2.83 %
REGION VI,NEGROS OCCIDENTAL,CITY OF BACOLOD,TACULING,45010381,SP,"SY, PAO (NPC)",221,3.29 %
REGION VI,NEGROS OCCIDENTAL,CITY OF BACOLOD,TACULING,45010381,SP,"TAN, CANO GWAPO (AKSYON)",181,2.69 %
REGION VI,NEGROS OCCIDENTAL,CITY OF BACOLOD,TACULING,45010381,SP,"VERDEFLOR, SONYA (UNEGA)",221,3.29 %
REGION VI,NEGROS OCCIDENTAL,CITY OF BACOLOD,TACULING,45010381,SP,"VILLAFUERTE, RICO (IND)",41,0.61 %
REGION VI,NEGROS OCCIDENTAL,CITY OF BACOLOD,TACULING,45010381,SP,"VILLAROSA, JASON (LAKAS)",252,3.75 %
REGION VI,NEGROS OCCIDENTAL,CITY OF BACOLOD,TACULING,45010381,SP,"WEBER, CHRISTIAN (IND)",27,0.40 %
region,province,city,barangay,precinct,position,candidate,votes,percentage
REGION VI,NEGROS OCCIDENTAL,CITY OF BACOLOD,TACULING,45010382,PRESIDENT,Candidate,Votes,Percentage
REGION VI,NEGROS OCCIDENTAL,CITY OF BACOLOD,TACULING,45010382,PRESIDENT,"ABELLA, ERNIE (IND)",3,0.43 %
REGION VI,NEGROS OCCIDENTAL,CITY OF BACOLOD,TACULING,45010382,PRESIDENT,"DE GUZMAN, LEODY (PLM)",0,0.00 %
REGION VI,NEGROS OCCIDENTAL,CITY OF BACOLOD,TACULING,45010382,PRESIDENT,"DOMAGOSO, ISKO MORENO (AKSYON)",37,5.33 %
REGION VI,NEGROS OCCIDENTAL,CITY OF BACOLOD,TACULING,45010382,PRESIDENT,"GONZALES, NORBERTO (PDSP)",1,0.14 %
REGION VI,NEGROS OCCIDENTAL,CITY OF BACOLOD,TACULING,45010382,PRESIDENT,"LACSON, PING (PDR)",9,1.29 %
REGION VI,NEGROS OCCIDENTAL,CITY OF BACOLOD,TACULING,45010382,PRESIDENT,"MANGONDATO, FAISAL (KTPNAN)",0,0.00 %
REGION VI,NEGROS OCCIDENTAL,CITY OF BACOLOD,TACULING,45010382,PRESIDENT,"MARCOS, BONGBONG (PFP)",338,48.77 %
REGION VI,NEGROS OCCIDENTAL,CITY OF BACOLOD,TACULING,45010382,PRESIDENT,"MONTEMAYOR, JOSE JR. (DPP)",0,0.00 %
REGION VI,NEGROS OCCIDENTAL,CITY OF BACOLOD,TACULING,45010382,PRESIDENT,"PACQUIAO, MANNY PACMAN(PROMDI)",61,8.80 %
REGION VI,NEGROS OCCIDENTAL,CITY OF BACOLOD,TACULING,45010382,PRESIDENT,"ROBREDO, LENI (IND)",244,35.20 %
REGION VI,NEGROS OCCIDENTAL,CITY OF BACOLOD,TACULING,45010382,VICE_PRESIDENT,Candidate,Votes,Percentage
REGION VI,NEGROS OCCIDENTAL,CITY OF BACOLOD,TACULING,45010382,VICE_PRESIDENT,"ATIENZA, LITO (PROMDI)",3,0.43 %
REGION VI,NEGROS OCCIDENTAL,CITY OF BACOLOD,TACULING,45010382,VICE_PRESIDENT,"BELLO, WALDEN (PLM)",0,0.00 %
REGION VI,NEGROS OCCIDENTAL,CITY OF BACOLOD,TACULING,45010382,VICE_PRESIDENT,"DAVID, RIZALITO (DPP)",3,0.43 %
REGION VI,NEGROS OCCIDENTAL,CITY OF BACOLOD,TACULING,45010382,VICE_PRESIDENT,"DUTERTE, SARA (LAKAS)",336,49.05 %
REGION VI,NEGROS OCCIDENTAL,CITY OF BACOLOD,TACULING,45010382,VICE_PRESIDENT,"LOPEZ, MANNY SD (WPP)",1,0.14 %
REGION VI,NEGROS OCCIDENTAL,CITY OF BACOLOD,TACULING,45010382,VICE_PRESIDENT,"ONG, DOC WILLIE (AKSYON)",32,4.67 %
REGION VI,NEGROS OCCIDENTAL,CITY OF BACOLOD,TACULING,45010382,VICE_PRESIDENT,"PANGILINAN, KIKO (LP)",188,27.44 %
REGION VI,NEGROS OCCIDENTAL,CITY OF BACOLOD,TACULING,45010382,VICE_PRESIDENT,"SERAPIO, CARLOS (KTPNAN)",0,0.00 %
REGION VI,NEGROS OCCIDENTAL,CITY OF BACOLOD,TACULING,45010382,VICE_PRESIDENT,"SOTTO, VICENTE TITO (NPC)",122,17.81 %
REGION VI,NEGROS OCCIDENTAL,CITY OF BACOLOD,TACULING,45010382,SENATOR,Candidate,Votes,Percentage
REGION VI,NEGROS OCCIDENTAL,CITY OF BACOLOD,TACULING,45010382,SENATOR,"AFUANG, ABNER (IND)",17,0.25 %
REGION VI,NEGROS OCCIDENTAL,CITY OF BACOLOD,TACULING,45010382,SENATOR,"ALBANI, IBRAHIM (WPP)",13,0.19 %
REGION VI,NEGROS OCCIDENTAL,CITY OF BACOLOD,TACULING,45010382,SENATOR,"ARRANZA, MANG JESS (IND)",13,0.19 %
REGION VI,NEGROS OCCIDENTAL,CITY OF BACOLOD,TACULING,45010382,SENATOR,"BAGUILAT, TEDDY (LP)",75,1.12 %
REGION VI,NEGROS OCCIDENTAL,CITY OF BACOLOD,TACULING,45010382,SENATOR,"BAILEN, AGNES (IND)",14,0.21 %
REGION VI,NEGROS OCCIDENTAL,CITY OF BACOLOD,TACULING,45010382,SENATOR,"BALITA, CARL (AKSYON)",50,0.75 %
REGION VI,NEGROS OCCIDENTAL,CITY OF BACOLOD,TACULING,45010382,SENATOR,"BARBO, LUTZ (PDPLBN)",14,0.21 %
REGION VI,NEGROS OCCIDENTAL,CITY OF BACOLOD,TACULING,45010382,SENATOR,"BAUTISTA, HERBERT BISTEK (NPC)",163,2.44 %
REGION VI,NEGROS OCCIDENTAL,CITY OF BACOLOD,TACULING,45010382,SENATOR,"BELGICA, GRECO (PDDS)",24,0.36 %
REGION VI,NEGROS OCCIDENTAL,CITY OF BACOLOD,TACULING,45010382,SENATOR,"BELLO, SILVESTRE JR. (PDPLBN)",30,0.45 %
REGION VI,NEGROS OCCIDENTAL,CITY OF BACOLOD,TACULING,45010382,SENATOR,"BINAY, JOJO (UNA)",149,2.23 %
REGION VI,NEGROS OCCIDENTAL,CITY OF BACOLOD,TACULING,45010382,SENATOR,"CABONEGRO, ROY (PLM)",18,0.27 %
REGION VI,NEGROS OCCIDENTAL,CITY OF BACOLOD,TACULING,45010382,SENATOR,"CASTRICIONES, BRO JOHN(PDPLBN)",11,0.16 %
REGION VI,NEGROS OCCIDENTAL,CITY OF BACOLOD,TACULING,45010382,SENATOR,"CAYETANO, ALAN PETER (IND)",302,4.53 %
REGION VI,NEGROS OCCIDENTAL,CITY OF BACOLOD,TACULING,45010382,SENATOR,"CHAVEZ, MELCHOR (WPP)",21,0.31 %
REGION VI,NEGROS OCCIDENTAL,CITY OF BACOLOD,TACULING,45010382,SENATOR,"COLMENARES, NERI (MKBYN)",176,2.64 %
REGION VI,NEGROS OCCIDENTAL,CITY OF BACOLOD,TACULING,45010382,SENATOR,"D'ANGELO, DAVID (PLM)",9,0.13 %
REGION VI,NEGROS OCCIDENTAL,CITY OF BACOLOD,TACULING,45010382,SENATOR,"DE LIMA, LEILA (LP)",175,2.62 %
REGION VI,NEGROS OCCIDENTAL,CITY OF BACOLOD,TACULING,45010382,SENATOR,"DEL ROSARIO, MONSOUR (PDR)",67,1.00 %
REGION VI,NEGROS OCCIDENTAL,CITY OF BACOLOD,TACULING,45010382,SENATOR,"DIAZ, DING (PPP)",16,0.24 %
REGION VI,NEGROS OCCIDENTAL,CITY OF BACOLOD,TACULING,45010382,SENATOR,"DIOKNO, CHEL (KANP)",225,3.37 %
REGION VI,NEGROS OCCIDENTAL,CITY OF BACOLOD,TACULING,45010382,SENATOR,"EJERCITO, JV ESTRADA (NPC)",200,3.00 %
REGION VI,NEGROS OCCIDENTAL,CITY OF BACOLOD,TACULING,45010382,SENATOR,"ELEAZAR, GEN. GUILLERMO (PDR)",173,2.59 %
REGION VI,NEGROS OCCIDENTAL,CITY OF BACOLOD,TACULING,45010382,SENATOR,"EREÑO, BRO. ERNIE (PM)",13,0.19 %
REGION VI,NEGROS OCCIDENTAL,CITY OF BACOLOD,TACULING,45010382,SENATOR,"ESCUDERO, CHIZ (NPC)",306,4.59 %
REGION VI,NEGROS OCCIDENTAL,CITY OF BACOLOD,TACULING,45010382,SENATOR,"ESPIRITU, LUKE (PLM)",96,1.44 %
REGION VI,NEGROS OCCIDENTAL,CITY OF BACOLOD,TACULING,45010382,SENATOR,"ESTRADA, JINGGOY (PMP)",162,2.43 %
REGION VI,NEGROS OCCIDENTAL,CITY OF BACOLOD,TACULING,45010382,SENATOR,"FALCONE, BAL FALCON (DPP)",9,0.13 %
REGION VI,NEGROS OCCIDENTAL,CITY OF BACOLOD,TACULING,45010382,SENATOR,"GADON, LARRY (KBL)",133,1.99 %
REGION VI,NEGROS OCCIDENTAL,CITY OF BACOLOD,TACULING,45010382,SENATOR,"GATCHALIAN, WIN (NPC)",284,4.26 %
REGION VI,NEGROS OCCIDENTAL,CITY OF BACOLOD,TACULING,45010382,SENATOR,"GORDON, WOW DICK (BVNP)",167,2.50 %
REGION VI,NEGROS OCCIDENTAL,CITY OF BACOLOD,TACULING,45010382,SENATOR,"GUTOC, SAMIRA (AKSYON)",19,0.28 %
REGION VI,NEGROS OCCIDENTAL,CITY OF BACOLOD,TACULING,45010382,SENATOR,"HONASAN, GRINGO (IND)",130,1.95 %
REGION VI,NEGROS OCCIDENTAL,CITY OF BACOLOD,TACULING,45010382,SENATOR,"HONTIVEROS, RISA (AKBAYAN)",310,4.65 %
REGION VI,NEGROS OCCIDENTAL,CITY OF BACOLOD,TACULING,45010382,SENATOR,"JAVELLANA, RJ (IND)",21,0.31 %
REGION VI,NEGROS OCCIDENTAL,CITY OF BACOLOD,TACULING,45010382,SENATOR,"KIRAM, NUR-MAHAL (IND)",9,0.13 %
REGION VI,NEGROS OCCIDENTAL,CITY OF BACOLOD,TACULING,45010382,SENATOR,"LABOG, ELMER (MKBYN)",31,0.46 %
REGION VI,NEGROS OCCIDENTAL,CITY OF BACOLOD,TACULING,45010382,SENATOR,"LACSON, KUYA ALEX (KP)",136,2.04 %
REGION VI,NEGROS OCCIDENTAL,CITY OF BACOLOD,TACULING,45010382,SENATOR,"LANGIT, REY (PDPLBN)",19,0.28 %
REGION VI,NEGROS OCCIDENTAL,CITY OF BACOLOD,TACULING,45010382,SENATOR,"LEGARDA, LOREN (NPC)",334,5.01 %
REGION VI,NEGROS OCCIDENTAL,CITY OF BACOLOD,TACULING,45010382,SENATOR,"LIM, ARIEL (IND)",12,0.18 %
REGION VI,NEGROS OCCIDENTAL,CITY OF BACOLOD,TACULING,45010382,SENATOR,"MALLILLIN, EMILY (PPM)",7,0.10 %
REGION VI,NEGROS OCCIDENTAL,CITY OF BACOLOD,TACULING,45010382,SENATOR,"MARCOLETA, RODANTE (PDPLBN)",52,0.78 %
REGION VI,NEGROS OCCIDENTAL,CITY OF BACOLOD,TACULING,45010382,SENATOR,"MARCOS, FRANCIS LEO (IND)",82,1.23 %
REGION VI,NEGROS OCCIDENTAL,CITY OF BACOLOD,TACULING,45010382,SENATOR,"MATULA, SONNY (IND)",62,0.93 %
REGION VI,NEGROS OCCIDENTAL,CITY OF BACOLOD,TACULING,45010382,SENATOR,"MINDALANO-ADAM,MARIETA(KTPNAN)",8,0.12 %
REGION VI,NEGROS OCCIDENTAL,CITY OF BACOLOD,TACULING,45010382,SENATOR,"OLARTE, ATTY/DR. LEO (BIGKIS)",20,0.30 %
REGION VI,NEGROS OCCIDENTAL,CITY OF BACOLOD,TACULING,45010382,SENATOR,"PADILLA, DRA. MINGUITA (PDR)",62,0.93 %
REGION VI,NEGROS OCCIDENTAL,CITY OF BACOLOD,TACULING,45010382,SENATOR,"PADILLA, ROBIN (PDPLBN)",288,4.32 %
REGION VI,NEGROS OCCIDENTAL,CITY OF BACOLOD,TACULING,45010382,SENATOR,"PANELO, SAL PANALO (PDPLBN)",63,0.94 %
REGION VI,NEGROS OCCIDENTAL,CITY OF BACOLOD,TACULING,45010382,SENATOR,"PIMENTEL, ASTRA (PDPLBN)",59,0.88 %
REGION VI,NEGROS OCCIDENTAL,CITY OF BACOLOD,TACULING,45010382,SENATOR,"PIÑOL, MANNY (NPC)",35,0.52 %
REGION VI,NEGROS OCCIDENTAL,CITY OF BACOLOD,TACULING,45010382,SENATOR,"RICABLANCA, WILLIE JR. (PM)",13,0.19 %
REGION VI,NEGROS OCCIDENTAL,CITY OF BACOLOD,TACULING,45010382,SENATOR,"ROQUE, HARRY SPOX (PRP)",124,1.86 %
REGION VI,NEGROS OCCIDENTAL,CITY OF BACOLOD,TACULING,45010382,SENATOR,"SAHIDULLA, LADY ANNE (PDDS)",7,0.10 %
REGION VI,NEGROS OCCIDENTAL,CITY OF BACOLOD,TACULING,45010382,SENATOR,"SISON, JOPET (AKSYON)",41,0.61 %
REGION VI,NEGROS OCCIDENTAL,CITY OF BACOLOD,TACULING,45010382,SENATOR,"TEODORO, GIBO (PRP)",221,3.31 %
REGION VI,NEGROS OCCIDENTAL,CITY OF BACOLOD,TACULING,45010382,SENATOR,"TRILLANES, ANTONIO IV (LP)",179,2.68 %
REGION VI,NEGROS OCCIDENTAL,CITY OF BACOLOD,TACULING,45010382,SENATOR,"TULFO, IDOL RAFFY (IND)",373,5.60 %
REGION VI,NEGROS OCCIDENTAL,CITY OF BACOLOD,TACULING,45010382,SENATOR,"VALEROS, REY (IND)",5,0.07 %
REGION VI,NEGROS OCCIDENTAL,CITY OF BACOLOD,TACULING,45010382,SENATOR,"VILLANUEVA,JOEL TESDAMAN (IND)",234,3.51 %
REGION VI,NEGROS OCCIDENTAL,CITY OF BACOLOD,TACULING,45010382,SENATOR,"VILLAR, MARK (NP)",229,3.43 %
REGION VI,NEGROS OCCIDENTAL,CITY OF BACOLOD,TACULING,45010382,SENATOR,"ZUBIAGA, CARMEN (IND)",38,0.57 %
REGION VI,NEGROS OCCIDENTAL,CITY OF BACOLOD,TACULING,45010382,SENATOR,"ZUBIRI, MIGZ (IND)",311,4.67 %
REGION VI,NEGROS OCCIDENTAL,CITY OF BACOLOD,TACULING,45010382,PARTYLIST,Candidate,Votes,Percentage
REGION VI,NEGROS OCCIDENTAL,CITY OF BACOLOD,TACULING,45010382,PARTYLIST,01 KAMALAYAN,2,0.37 %
REGION VI,NEGROS OCCIDENTAL,CITY OF BACOLOD,TACULING,45010382,PARTYLIST,02 KM NGAYON NA,0,0.00 %
REGION VI,NEGROS OCCIDENTAL,CITY OF BACOLOD,TACULING,45010382,PARTYLIST,03 PSIS,0,0.00 %
REGION VI,NEGROS OCCIDENTAL,CITY OF BACOLOD,TACULING,45010382,PARTYLIST,04 AGAP,5,0.93 %
REGION VI,NEGROS OCCIDENTAL,CITY OF BACOLOD,TACULING,45010382,PARTYLIST,05 KABAYAN,1,0.18 %
REGION VI,NEGROS OCCIDENTAL,CITY OF BACOLOD,TACULING,45010382,PARTYLIST,06 HOME OWNER,1,0.18 %
REGION VI,NEGROS OCCIDENTAL,CITY OF BACOLOD,TACULING,45010382,PARTYLIST,07 KAPUSO-PM,0,0.00 %
REGION VI,NEGROS OCCIDENTAL,CITY OF BACOLOD,TACULING,45010382,PARTYLIST,08 PDP CARES,1,0.18 %
REGION VI,NEGROS OCCIDENTAL,CITY OF BACOLOD,TACULING,45010382,PARTYLIST,09 MARVELOUS TAYO,0,0.00 %
REGION VI,NEGROS OCCIDENTAL,CITY OF BACOLOD,TACULING,45010382,PARTYLIST,10 AKO OFW,3,0.56 %
REGION VI,NEGROS OCCIDENTAL,CITY OF BACOLOD,TACULING,45010382,PARTYLIST,11 UNITED SENIOR CITIZEN,4,0.75 %
REGION VI,NEGROS OCCIDENTAL,CITY OF BACOLOD,TACULING,45010382,PARTYLIST,12 WOW PILIPINAS,1,0.18 %
REGION VI,NEGROS OCCIDENTAL,CITY OF BACOLOD,TACULING,45010382,PARTYLIST,13 ALTERNATIBA,0,0.00 %
REGION VI,NEGROS OCCIDENTAL,CITY OF BACOLOD,TACULING,45010382,PARTYLIST,14 1-RIDER PARTYLIST,7,1.31 %
REGION VI,NEGROS OCCIDENTAL,CITY OF BACOLOD,TACULING,45010382,PARTYLIST,15 1-CARE,1,0.18 %
REGION VI,NEGROS OCCIDENTAL,CITY OF BACOLOD,TACULING,45010382,PARTYLIST,16 ABP,0,0.00 %
REGION VI,NEGROS OCCIDENTAL,CITY OF BACOLOD,TACULING,45010382,PARTYLIST,17 AKO MUSIKERO,1,0.18 %
REGION VI,NEGROS OCCIDENTAL,CITY OF BACOLOD,TACULING,45010382,PARTYLIST,18 AKO BICOL,2,0.37 %
REGION VI,NEGROS OCCIDENTAL,CITY OF BACOLOD,TACULING,45010382,PARTYLIST,19 PRAI,3,0.56 %
REGION VI,NEGROS OCCIDENTAL,CITY OF BACOLOD,TACULING,45010382,PARTYLIST,20 4PS,4,0.75 %
REGION VI,NEGROS OCCIDENTAL,CITY OF BACOLOD,TACULING,45010382,PARTYLIST,21 MAAGAP,0,0.00 %
REGION VI,NEGROS OCCIDENTAL,CITY OF BACOLOD,TACULING,45010382,PARTYLIST,22 ABANTE PILIPINAS,1,0.18 %
REGION VI,NEGROS OCCIDENTAL,CITY OF BACOLOD,TACULING,45010382,PARTYLIST,23 AKTIBONG KAAGAPAY,1,0.18 %
REGION VI,NEGROS OCCIDENTAL,CITY OF BACOLOD,TACULING,45010382,PARTYLIST,24 ALSA BISAYA,0,0.00 %
REGION VI,NEGROS OCCIDENTAL,CITY OF BACOLOD,TACULING,45010382,PARTYLIST,25 PROBINSYANO AKO,4,0.75 %
REGION VI,NEGROS OCCIDENTAL,CITY OF BACOLOD,TACULING,45010382,PARTYLIST,26 YACAP,1,0.18 %
REGION VI,NEGROS OCCIDENTAL,CITY OF BACOLOD,TACULING,45010382,PARTYLIST,27 MAGDALO,2,0.37 %
REGION VI,NEGROS OCCIDENTAL,CITY OF BACOLOD,TACULING,45010382,PARTYLIST,28 ACT-CIS,22,4.12 %
REGION VI,NEGROS OCCIDENTAL,CITY OF BACOLOD,TACULING,45010382,PARTYLIST,29 HUGPONG FEDERAL,1,0.18 %
REGION VI,NEGROS OCCIDENTAL,CITY OF BACOLOD,TACULING,45010382,PARTYLIST,30 TGP,1,0.18 %
REGION VI,NEGROS OCCIDENTAL,CITY OF BACOLOD,TACULING,45010382,PARTYLIST,31 ONE COOP,1,0.18 %
REGION VI,NEGROS OCCIDENTAL,CITY OF BACOLOD,TACULING,45010382,PARTYLIST,32 BARKADAHAN,0,0.00 %
REGION VI,NEGROS OCCIDENTAL,CITY OF BACOLOD,TACULING,45010382,PARTYLIST,33 DUMPER PTDA,4,0.75 %
REGION VI,NEGROS OCCIDENTAL,CITY OF BACOLOD,TACULING,45010382,PARTYLIST,34 MALABUNG,0,0.00 %
REGION VI,NEGROS OCCIDENTAL,CITY OF BACOLOD,TACULING,45010382,PARTYLIST,35 BH (BAGONG HENERASYON),0,0.00 %
REGION VI,NEGROS OCCIDENTAL,CITY OF BACOLOD,TACULING,45010382,PARTYLIST,36 AKMA-PTM,0,0.00 %
REGION VI,NEGROS OCCIDENTAL,CITY OF BACOLOD,TACULING,45010382,PARTYLIST,37 IPATUPAD,1,0.18 %
REGION VI,NEGROS OCCIDENTAL,CITY OF BACOLOD,TACULING,45010382,PARTYLIST,38 PINUNO,0,0.00 %
REGION VI,NEGROS OCCIDENTAL,CITY OF BACOLOD,TACULING,45010382,PARTYLIST,39 LPGMA,0,0.00 %
REGION VI,NEGROS OCCIDENTAL,CITY OF BACOLOD,TACULING,45010382,PARTYLIST,40 CLICK PARTY,0,0.00 %
REGION VI,NEGROS OCCIDENTAL,CITY OF BACOLOD,TACULING,45010382,PARTYLIST,41 TODA,0,0.00 %
REGION VI,NEGROS OCCIDENTAL,CITY OF BACOLOD,TACULING,45010382,PARTYLIST,42 BHW,0,0.00 %
REGION VI,NEGROS OCCIDENTAL,CITY OF BACOLOD,TACULING,45010382,PARTYLIST,43 MALASAKIT@BAYANIHAN,77,14.44 %
REGION VI,NEGROS OCCIDENTAL,CITY OF BACOLOD,TACULING,45010382,PARTYLIST,44 ABS,0,0.00 %
REGION VI,NEGROS OCCIDENTAL,CITY OF BACOLOD,TACULING,45010382,PARTYLIST,45 PASAHERO PARTYLIST,0,0.00 %
REGION VI,NEGROS OCCIDENTAL,CITY OF BACOLOD,TACULING,45010382,PARTYLIST,46 ANGAT,4,0.75 %
REGION VI,NEGROS OCCIDENTAL,CITY OF BACOLOD,TACULING,45010382,PARTYLIST,47 SOLID-CHANGE,2,0.37 %
REGION VI,NEGROS OCCIDENTAL,CITY OF BACOLOD,TACULING,45010382,PARTYLIST,48 BICOL SARO,1,0.18 %
REGION VI,NEGROS OCCIDENTAL,CITY OF BACOLOD,TACULING,45010382,PARTYLIST,49 OFW,7,1.31 %
REGION VI,NEGROS OCCIDENTAL,CITY OF BACOLOD,TACULING,45010382,PARTYLIST,50 ANG PROBINSIYANO,3,0.56 %
REGION VI,NEGROS OCCIDENTAL,CITY OF BACOLOD,TACULING,45010382,PARTYLIST,51 ANAKALUSUGAN,1,0.18 %
REGION VI,NEGROS OCCIDENTAL,CITY OF BACOLOD,TACULING,45010382,PARTYLIST,52 PBA,0,0.00 %
REGION VI,NEGROS OCCIDENTAL,CITY OF BACOLOD,TACULING,45010382,PARTYLIST,53 PEACE,27,5.06 %
REGION VI,NEGROS OCCIDENTAL,CITY OF BACOLOD,TACULING,45010382,PARTYLIST,54 P3PWD,16,3.00 %
REGION VI,NEGROS OCCIDENTAL,CITY OF BACOLOD,TACULING,45010382,PARTYLIST,55 S.M.I.L.E,5,0.93 %
REGION VI,NEGROS OCCIDENTAL,CITY OF BACOLOD,TACULING,45010382,PARTYLIST,56 AAMBIS-OWA,1,0.18 %
REGION VI,NEGROS OCCIDENTAL,CITY OF BACOLOD,TACULING,45010382,PARTYLIST,57 BUTIL,1,0.18 %
REGION VI,NEGROS OCCIDENTAL,CITY OF BACOLOD,TACULING,45010382,PARTYLIST,58 LUNAS,0,0.00 %
REGION VI,NEGROS OCCIDENTAL,CITY OF BACOLOD,TACULING,45010382,PARTYLIST,59 ANG KOMADRONA,0,0.00 %
REGION VI,NEGROS OCCIDENTAL,CITY OF BACOLOD,TACULING,45010382,PARTYLIST,60 KABAKA,0,0.00 %
REGION VI,NEGROS OCCIDENTAL,CITY OF BACOLOD,TACULING,45010382,PARTYLIST,61 SAGIP,1,0.18 %
REGION VI,NEGROS OCCIDENTAL,CITY OF BACOLOD,TACULING,45010382,PARTYLIST,62 ANG KABUHAYAN,1,0.18 %
REGION VI,NEGROS OCCIDENTAL,CITY OF BACOLOD,TACULING,45010382,PARTYLIST,63 AKO I.P.,1,0.18 %
REGION VI,NEGROS OCCIDENTAL,CITY OF BACOLOD,TACULING,45010382,PARTYLIST,64 PHILRECA,1,0.18 %
REGION VI,NEGROS OCCIDENTAL,CITY OF BACOLOD,TACULING,45010382,PARTYLIST,65 BABAE AKO,1,0.18 %
REGION VI,NEGROS OCCIDENTAL,CITY OF BACOLOD,TACULING,45010382,PARTYLIST,66 KB,0,0.00 %
REGION VI,NEGROS OCCIDENTAL,CITY OF BACOLOD,TACULING,45010382,PARTYLIST,67 GABRIELA,5,0.93 %
REGION VI,NEGROS OCCIDENTAL,CITY OF BACOLOD,TACULING,45010382,PARTYLIST,68 KALINGA,5,0.93 %
REGION VI,NEGROS OCCIDENTAL,CITY OF BACOLOD,TACULING,45010382,PARTYLIST,69 STL,1,0.18 %
REGION VI,NEGROS OCCIDENTAL,CITY OF BACOLOD,TACULING,45010382,PARTYLIST,70 RECOBODA,0,0.00 %
REGION VI,NEGROS OCCIDENTAL,CITY OF BACOLOD,TACULING,45010382,PARTYLIST,71 ANGAT PINOY,0,0.00 %
REGION VI,NEGROS OCCIDENTAL,CITY OF BACOLOD,TACULING,45010382,PARTYLIST,72 ANAC-IP,0,0.00 %
REGION VI,NEGROS OCCIDENTAL,CITY OF BACOLOD,TACULING,45010382,PARTYLIST,73 DIWA,1,0.18 %
REGION VI,NEGROS OCCIDENTAL,CITY OF BACOLOD,TACULING,45010382,PARTYLIST,74 ASENSO PINOY,3,0.56 %
REGION VI,NEGROS OCCIDENTAL,CITY OF BACOLOD,TACULING,45010382,PARTYLIST,75 PPP,1,0.18 %
REGION VI,NEGROS OCCIDENTAL,CITY OF BACOLOD,TACULING,45010382,PARTYLIST,76 PAMILYA MUNA,1,0.18 %
REGION VI,NEGROS OCCIDENTAL,CITY OF BACOLOD,TACULING,45010382,PARTYLIST,77 AYUDA SANDUGO,0,0.00 %
REGION VI,NEGROS OCCIDENTAL,CITY OF BACOLOD,TACULING,45010382,PARTYLIST,78 BUKLOD FILIPINO,0,0.00 %
REGION VI,NEGROS OCCIDENTAL,CITY OF BACOLOD,TACULING,45010382,PARTYLIST,79 BTS,0,0.00 %
REGION VI,NEGROS OCCIDENTAL,CITY OF BACOLOD,TACULING,45010382,PARTYLIST,80 MOCHA,0,0.00 %
REGION VI,NEGROS OCCIDENTAL,CITY OF BACOLOD,TACULING,45010382,PARTYLIST,81 ACT TEACHERS,6,1.12 %
REGION VI,NEGROS OCCIDENTAL,CITY OF BACOLOD,TACULING,45010382,PARTYLIST,82 ALONA,0,0.00 %
REGION VI,NEGROS OCCIDENTAL,CITY OF BACOLOD,TACULING,45010382,PARTYLIST,83 KABALIKAT,0,0.00 %
REGION VI,NEGROS OCCIDENTAL,CITY OF BACOLOD,TACULING,45010382,PARTYLIST,84 ALIF,0,0.00 %
REGION VI,NEGROS OCCIDENTAL,CITY OF BACOLOD,TACULING,45010382,PARTYLIST,85 1-UTAP BICOL,0,0.00 %
REGION VI,NEGROS OCCIDENTAL,CITY OF BACOLOD,TACULING,45010382,PARTYLIST,86 TINGOG,0,0.00 %
REGION VI,NEGROS OCCIDENTAL,CITY OF BACOLOD,TACULING,45010382,PARTYLIST,87 H.E.L.P. PILIPINAS,1,0.18 %
REGION VI,NEGROS OCCIDENTAL,CITY OF BACOLOD,TACULING,45010382,PARTYLIST,88 TUCP,1,0.18 %
REGION VI,NEGROS OCCIDENTAL,CITY OF BACOLOD,TACULING,45010382,PARTYLIST,89 PTA,0,0.00 %
REGION VI,NEGROS OCCIDENTAL,CITY OF BACOLOD,TACULING,45010382,PARTYLIST,90 AGIMAT,0,0.00 %
REGION VI,NEGROS OCCIDENTAL,CITY OF BACOLOD,TACULING,45010382,PARTYLIST,91 KONTRA BROWNOUT,2,0.37 %
REGION VI,NEGROS OCCIDENTAL,CITY OF BACOLOD,TACULING,45010382,PARTYLIST,92 TULUNGAN TAYO,1,0.18 %
REGION VI,NEGROS OCCIDENTAL,CITY OF BACOLOD,TACULING,45010382,PARTYLIST,93 DUTERTE YOUTH,7,1.31 %
REGION VI,NEGROS OCCIDENTAL,CITY OF BACOLOD,TACULING,45010382,PARTYLIST,94 ABEKA,0,0.00 %
REGION VI,NEGROS OCCIDENTAL,CITY OF BACOLOD,TACULING,45010382,PARTYLIST,95 KABATAAN,5,0.93 %
REGION VI,NEGROS OCCIDENTAL,CITY OF BACOLOD,TACULING,45010382,PARTYLIST,97 ACTS-OFW,0,0.00 %
REGION VI,NEGROS OCCIDENTAL,CITY OF BACOLOD,TACULING,45010382,PARTYLIST,98 RAM,2,0.37 %
REGION VI,NEGROS OCCIDENTAL,CITY OF BACOLOD,TACULING,45010382,PARTYLIST,99 USWAG ILONGGO,15,2.81 %
REGION VI,NEGROS OCCIDENTAL,CITY OF BACOLOD,TACULING,45010382,PARTYLIST,100 AKO BISAYA,0,0.00 %
REGION VI,NEGROS OCCIDENTAL,CITY OF BACOLOD,TACULING,45010382,PARTYLIST,101 KAPAMILYA,1,0.18 %
REGION VI,NEGROS OCCIDENTAL,CITY OF BACOLOD,TACULING,45010382,PARTYLIST,102 PUSONG PINOY,0,0.00 %
REGION VI,NEGROS OCCIDENTAL,CITY OF BACOLOD,TACULING,45010382,PARTYLIST,103 CWS,0,0.00 %
REGION VI,NEGROS OCCIDENTAL,CITY OF BACOLOD,TACULING,45010382,PARTYLIST,104 SILBI,0,0.00 %
REGION VI,NEGROS OCCIDENTAL,CITY OF BACOLOD,TACULING,45010382,PARTYLIST,105 CIBAC,7,1.31 %
REGION VI,NEGROS OCCIDENTAL,CITY OF BACOLOD,TACULING,45010382,PARTYLIST,106 SUBANEN,0,0.00 %
REGION VI,NEGROS OCCIDENTAL,CITY OF BACOLOD,TACULING,45010382,PARTYLIST,107 AKKK,0,0.00 %
REGION VI,NEGROS OCCIDENTAL,CITY OF BACOLOD,TACULING,45010382,PARTYLIST,108 BG PARTY-LIST,0,0.00 %
REGION VI,NEGROS OCCIDENTAL,CITY OF BACOLOD,TACULING,45010382,PARTYLIST,109 PAMILYANG MAGSASAKA,2,0.37 %
REGION VI,NEGROS OCCIDENTAL,CITY OF BACOLOD,TACULING,45010382,PARTYLIST,110 COOP NATCCO,3,0.56 %
REGION VI,NEGROS OCCIDENTAL,CITY OF BACOLOD,TACULING,45010382,PARTYLIST,111 FRONTLINERS ANG BIDA,0,0.00 %
REGION VI,NEGROS OCCIDENTAL,CITY OF BACOLOD,TACULING,45010382,PARTYLIST,112 KASAMA,0,0.00 %
REGION VI,NEGROS OCCIDENTAL,CITY OF BACOLOD,TACULING,45010382,PARTYLIST,113 AKO BISDAK,1,0.18 %
REGION VI,NEGROS OCCIDENTAL,CITY OF BACOLOD,TACULING,45010382,PARTYLIST,114 GP PARTY,0,0.00 %
REGION VI,NEGROS OCCIDENTAL,CITY OF BACOLOD,TACULING,45010382,PARTYLIST,115 BAHAY,1,0.18 %
REGION VI,NEGROS OCCIDENTAL,CITY OF BACOLOD,TACULING,45010382,PARTYLIST,116 MAGSASAKA,3,0.56 %
REGION VI,NEGROS OCCIDENTAL,CITY OF BACOLOD,TACULING,45010382,PARTYLIST,117 MARINO,3,0.56 %
REGION VI,NEGROS OCCIDENTAL,CITY OF BACOLOD,TACULING,45010382,PARTYLIST,118 UNITED FRONTLINERS,1,0.18 %
REGION VI,NEGROS OCCIDENTAL,CITY OF BACOLOD,TACULING,45010382,PARTYLIST,119 L.O.G.R.O. KUSINERO,0,0.00 %
REGION VI,NEGROS OCCIDENTAL,CITY OF BACOLOD,TACULING,45010382,PARTYLIST,120 BPO,0,0.00 %
REGION VI,NEGROS OCCIDENTAL,CITY OF BACOLOD,TACULING,45010382,PARTYLIST,121 ABANG LINGKOD,161,30.20 %
REGION VI,NEGROS OCCIDENTAL,CITY OF BACOLOD,TACULING,45010382,PARTYLIST,122 KUSUG TAUSUG,0,0.00 %
REGION VI,NEGROS OCCIDENTAL,CITY OF BACOLOD,TACULING,45010382,PARTYLIST,123 PLM,1,0.18 %
REGION VI,NEGROS OCCIDENTAL,CITY OF BACOLOD,TACULING,45010382,PARTYLIST,124 OK PARTYLIST,0,0.00 %
REGION VI,NEGROS OCCIDENTAL,CITY OF BACOLOD,TACULING,45010382,PARTYLIST,125 A TEACHER,2,0.37 %
REGION VI,NEGROS OCCIDENTAL,CITY OF BACOLOD,TACULING,45010382,PARTYLIST,126 PASADA-CC,0,0.00 %
REGION VI,NEGROS OCCIDENTAL,CITY OF BACOLOD,TACULING,45010382,PARTYLIST,127 OFW FAMILY,2,0.37 %
REGION VI,NEGROS OCCIDENTAL,CITY OF BACOLOD,TACULING,45010382,PARTYLIST,128 ANGKLA,2,0.37 %
REGION VI,NEGROS OCCIDENTAL,CITY OF BACOLOD,TACULING,45010382,PARTYLIST,129 COCOMAN,0,0.00 %
REGION VI,NEGROS OCCIDENTAL,CITY OF BACOLOD,TACULING,45010382,PARTYLIST,130 ACT AS ONE,1,0.18 %
REGION VI,NEGROS OCCIDENTAL,CITY OF BACOLOD,TACULING,45010382,PARTYLIST,131 AKO ILOCANO AKO,6,1.12 %
REGION VI,NEGROS OCCIDENTAL,CITY OF BACOLOD,TACULING,45010382,PARTYLIST,132 TRABAHO,1,0.18 %
REGION VI,NEGROS OCCIDENTAL,CITY OF BACOLOD,TACULING,45010382,PARTYLIST,133 PATROL,0,0.00 %
REGION VI,NEGROS OCCIDENTAL,CITY OF BACOLOD,TACULING,45010382,PARTYLIST,134 AKO PADAYON,0,0.00 %
REGION VI,NEGROS OCCIDENTAL,CITY OF BACOLOD,TACULING,45010382,PARTYLIST,135 ABONO,0,0.00 %
REGION VI,NEGROS OCCIDENTAL,CITY OF BACOLOD,TACULING,45010382,PARTYLIST,136 MANILA TEACHERS,0,0.00 %
REGION VI,NEGROS OCCIDENTAL,CITY OF BACOLOD,TACULING,45010382,PARTYLIST,137 KOOP-KAMPI,0,0.00 %
REGION VI,NEGROS OCCIDENTAL,CITY OF BACOLOD,TACULING,45010382,PARTYLIST,138 MAYPAGASA,0,0.00 %
REGION VI,NEGROS OCCIDENTAL,CITY OF BACOLOD,TACULING,45010382,PARTYLIST,139 PVAID,0,0.00 %
REGION VI,NEGROS OCCIDENTAL,CITY OF BACOLOD,TACULING,45010382,PARTYLIST,140 TUTOK TO WIN,4,0.75 %
REGION VI,NEGROS OCCIDENTAL,CITY OF BACOLOD,TACULING,45010382,PARTYLIST,141 BAYAN MUNA,2,0.37 %
REGION VI,NEGROS OCCIDENTAL,CITY OF BACOLOD,TACULING,45010382,PARTYLIST,142 API,0,0.00 %
REGION VI,NEGROS OCCIDENTAL,CITY OF BACOLOD,TACULING,45010382,PARTYLIST,143 ARTE,1,0.18 %
REGION VI,NEGROS OCCIDENTAL,CITY OF BACOLOD,TACULING,45010382,PARTYLIST,144 ASAP,0,0.00 %
REGION VI,NEGROS OCCIDENTAL,CITY OF BACOLOD,TACULING,45010382,PARTYLIST,145 BUNYOG,0,0.00 %
REGION VI,NEGROS OCCIDENTAL,CITY OF BACOLOD,TACULING,45010382,PARTYLIST,146 AKBAYAN,9,1.68 %
REGION VI,NEGROS OCCIDENTAL,CITY OF BACOLOD,TACULING,45010382,PARTYLIST,147 DAMAYAN,0,0.00 %
REGION VI,NEGROS OCCIDENTAL,CITY OF BACOLOD,TACULING,45010382,PARTYLIST,148 WIFI,1,0.18 %
REGION VI,NEGROS OCCIDENTAL,CITY OF BACOLOD,TACULING,45010382,PARTYLIST,149 CANCER PARTY LIST,2,0.37 %
REGION VI,NEGROS OCCIDENTAL,CITY OF BACOLOD,TACULING,45010382,PARTYLIST,150 1-ANG EDUKASYON,1,0.18 %
REGION VI,NEGROS OCCIDENTAL,CITY OF BACOLOD,TACULING,45010382,PARTYLIST,151 UFCC,0,0.00 %
REGION VI,NEGROS OCCIDENTAL,CITY OF BACOLOD,TACULING,45010382,PARTYLIST,152 AGRI,2,0.37 %
REGION VI,NEGROS OCCIDENTAL,CITY OF BACOLOD,TACULING,45010382,PARTYLIST,153 MAHARLIKA,0,0.00 %
REGION VI,NEGROS OCCIDENTAL,CITY OF BACOLOD,TACULING,45010382,PARTYLIST,154 ANAKPAWIS,0,0.00 %
REGION VI,NEGROS OCCIDENTAL,CITY OF BACOLOD,TACULING,45010382,PARTYLIST,155 1TAHANAN,0,0.00 %
REGION VI,NEGROS OCCIDENTAL,CITY OF BACOLOD,TACULING,45010382,PARTYLIST,156 TURISMO,0,0.00 %
REGION VI,NEGROS OCCIDENTAL,CITY OF BACOLOD,TACULING,45010382,PARTYLIST,157 APEC,0,0.00 %
REGION VI,NEGROS OCCIDENTAL,CITY OF BACOLOD,TACULING,45010382,PARTYLIST,158 SENIOR CITIZENS PARTYLIST,8,1.50 %
REGION VI,NEGROS OCCIDENTAL,CITY OF BACOLOD,TACULING,45010382,PARTYLIST,159 AASENSO,0,0.00 %
REGION VI,NEGROS OCCIDENTAL,CITY OF BACOLOD,TACULING,45010382,PARTYLIST,160 AMIN,0,0.00 %
REGION VI,NEGROS OCCIDENTAL,CITY OF BACOLOD,TACULING,45010382,PARTYLIST,161 1-PACMAN,2,0.37 %
REGION VI,NEGROS OCCIDENTAL,CITY OF BACOLOD,TACULING,45010382,PARTYLIST,162 ABB-NFCPI,0,0.00 %
REGION VI,NEGROS OCCIDENTAL,CITY OF BACOLOD,TACULING,45010382,PARTYLIST,163 AN WARAY,0,0.00 %
REGION VI,NEGROS OCCIDENTAL,CITY OF BACOLOD,TACULING,45010382,PARTYLIST,164 AP PARTYLIST,2,0.37 %
REGION VI,NEGROS OCCIDENTAL,CITY OF BACOLOD,TACULING,45010382,PARTYLIST,165 AKAP PINOY,0,0.00 %
REGION VI,NEGROS OCCIDENTAL,CITY OF BACOLOD,TACULING,45010382,PARTYLIST,166 BUHAY,0,0.00 %
REGION VI,NEGROS OCCIDENTAL,CITY OF BACOLOD,TACULING,45010382,PARTYLIST,167 ARISE,0,0.00 %
REGION VI,NEGROS OCCIDENTAL,CITY OF BACOLOD,TACULING,45010382,PARTYLIST,168 IWI,0,0.00 %
REGION VI,NEGROS OCCIDENTAL,CITY OF BACOLOD,TACULING,45010382,PARTYLIST,169 ANG TINIG NG SENIORS,1,0.18 %
REGION VI,NEGROS OCCIDENTAL,CITY OF BACOLOD,TACULING,45010382,PARTYLIST,170 LBP,0,0.00 %
REGION VI,NEGROS OCCIDENTAL,CITY OF BACOLOD,TACULING,45010382,PARTYLIST,171 IPEACE EPANAW,2,0.37 %
REGION VI,NEGROS OCCIDENTAL,CITY OF BACOLOD,TACULING,45010382,PARTYLIST,172 APAT-DAPAT,0,0.00 %
REGION VI,NEGROS OCCIDENTAL,CITY OF BACOLOD,TACULING,45010382,PARTYLIST,173 UMA ILONGGO,9,1.68 %
REGION VI,NEGROS OCCIDENTAL,CITY OF BACOLOD,TACULING,45010382,PARTYLIST,174 AYUDA,1,0.18 %
REGION VI,NEGROS OCCIDENTAL,CITY OF BACOLOD,TACULING,45010382,PARTYLIST,175 SAMBAYANAN,0,0.00 %
REGION VI,NEGROS OCCIDENTAL,CITY OF BACOLOD,TACULING,45010382,PARTYLIST,176 AKO BREEDER,3,0.56 %
REGION VI,NEGROS OCCIDENTAL,CITY OF BACOLOD,TACULING,45010382,PARTYLIST,177 FPJ,3,0.56 %
REGION VI,NEGROS OCCIDENTAL,CITY OF BACOLOD,TACULING,45010382,PARTYLIST,178 LIBRO,0,0.00 %
REGION VI,NEGROS OCCIDENTAL,CITY OF BACOLOD,TACULING,45010382,REP,Candidate,Votes,Percentage
REGION VI,NEGROS OCCIDENTAL,CITY OF BACOLOD,TACULING,45010382,REP,"ATAYDE, DAN (IND)",185,27.52 %
REGION VI,NEGROS OCCIDENTAL,CITY OF BACOLOD,TACULING,45010382,REP,"DAVID, WILLY (IND)",1,0.14 %
REGION VI,NEGROS OCCIDENTAL,CITY OF BACOLOD,TACULING,45010382,REP,"GASATAYA, GREG (NPC)",480,71.42 %
REGION VI,NEGROS OCCIDENTAL,CITY OF BACOLOD,TACULING,45010382,REP,"GUSTILO, ROMY (IND)",3,0.44 %
REGION VI,NEGROS OCCIDENTAL,CITY OF BACOLOD,TACULING,45010382,REP,"SAN MIGUEL, NONONG (PDDS)",3,0.44 %
REGION VI,NEGROS OCCIDENTAL,CITY OF BACOLOD,TACULING,45010382,MAYOR,Candidate,Votes,Percentage
REGION VI,NEGROS OCCIDENTAL,CITY OF BACOLOD,TACULING,45010382,MAYOR,"BENITEZ, ALBEE (PDPLBN)",457,65.94 %
REGION VI,NEGROS OCCIDENTAL,CITY OF BACOLOD,TACULING,45010382,MAYOR,"LEONARDIA, BING (NP)",236,34.05 %
REGION VI,NEGROS OCCIDENTAL,CITY OF BACOLOD,TACULING,45010382,VICE_MAYOR,Candidate,Votes,Percentage
REGION VI,NEGROS OCCIDENTAL,CITY OF BACOLOD,TACULING,45010382,VICE_MAYOR,"DISTRITO, CAESAR (PDPLBN)",290,43.28 %
REGION VI,NEGROS OCCIDENTAL,CITY OF BACOLOD,TACULING,45010382,VICE_MAYOR,"FAMILIARAN, EL CID (NP)",288,42.98 %
REGION VI,NEGROS OCCIDENTAL,CITY OF BACOLOD,TACULING,45010382,VICE_MAYOR,"GAMBOA, WILSON JR. (IND)",92,13.73 %
REGION VI,NEGROS OCCIDENTAL,CITY OF BACOLOD,TACULING,45010382,SP,Candidate,Votes,Percentage
REGION VI,NEGROS OCCIDENTAL,CITY OF BACOLOD,TACULING,45010382,SP,"ANG, EM (NP)",293,4.24 %
REGION VI,NEGROS OCCIDENTAL,CITY OF BACOLOD,TACULING,45010382,SP,"ARROYO, ALAN (IND)",62,0.89 %
REGION VI,NEGROS OCCIDENTAL,CITY OF BACOLOD,TACULING,45010382,SP,"AUJERO, JORGE THE WISE (IND)",15,0.21 %
REGION VI,NEGROS OCCIDENTAL,CITY OF BACOLOD,TACULING,45010382,SP,"BAIS, HOMER (PDPLBN)",262,3.79 %
REGION VI,NEGROS OCCIDENTAL,CITY OF BACOLOD,TACULING,45010382,SP,"BARIBAR, ARCHIE (PROMDI)",223,3.22 %
REGION VI,NEGROS OCCIDENTAL,CITY OF BACOLOD,TACULING,45010382,SP,"BELARIO, 007 (IND)",16,0.23 %
REGION VI,NEGROS OCCIDENTAL,CITY OF BACOLOD,TACULING,45010382,SP,"BELORIA, TOTO CESAR (IND)",97,1.40 %
REGION VI,NEGROS OCCIDENTAL,CITY OF BACOLOD,TACULING,45010382,SP,"CONTRERAS, LR (PRP)",26,0.37 %
REGION VI,NEGROS OCCIDENTAL,CITY OF BACOLOD,TACULING,45010382,SP,"DIAZ, JONATHAN JR. (NP)",115,1.66 %
REGION VI,NEGROS OCCIDENTAL,CITY OF BACOLOD,TACULING,45010382,SP,"DISTRITO, SIMPLE (PDPLBN)",333,4.81 %
REGION VI,NEGROS OCCIDENTAL,CITY OF BACOLOD,TACULING,45010382,SP,"ESPINO, AL (NPC)",302,4.37 %
REGION VI,NEGROS OCCIDENTAL,CITY OF BACOLOD,TACULING,45010382,SP,"FLOR, CELIA (IND)",292,4.22 %
REGION VI,NEGROS OCCIDENTAL,CITY OF BACOLOD,TACULING,45010382,SP,"GICO, VIC (IND)",22,0.31 %
REGION VI,NEGROS OCCIDENTAL,CITY OF BACOLOD,TACULING,45010382,SP,"GONZALEZ, VLADI (PDPLBN)",340,4.92 %
REGION VI,NEGROS OCCIDENTAL,CITY OF BACOLOD,TACULING,45010382,SP,"GUILLEM, ED (NP)",166,2.40 %
REGION VI,NEGROS OCCIDENTAL,CITY OF BACOLOD,TACULING,45010382,SP,"HERMOSURA, BONG (IND)",30,0.43 %
REGION VI,NEGROS OCCIDENTAL,CITY OF BACOLOD,TACULING,45010382,SP,"JAUOD, JIFFY (IND)",21,0.30 %
REGION VI,NEGROS OCCIDENTAL,CITY OF BACOLOD,TACULING,45010382,SP,"LACSON, PATRICK (PDPLBN)",260,3.76 %
REGION VI,NEGROS OCCIDENTAL,CITY OF BACOLOD,TACULING,45010382,SP,"LOPEZ, CARL (NP)",231,3.34 %
REGION VI,NEGROS OCCIDENTAL,CITY OF BACOLOD,TACULING,45010382,SP,"MAYO, MARK STEVEN (NPC)",87,1.25 %
REGION VI,NEGROS OCCIDENTAL,CITY OF BACOLOD,TACULING,45010382,SP,"MONTALVO, CASH (NP)",197,2.85 %
REGION VI,NEGROS OCCIDENTAL,CITY OF BACOLOD,TACULING,45010382,SP,"NACIONALES, FERMIN (IND)",20,0.28 %
REGION VI,NEGROS OCCIDENTAL,CITY OF BACOLOD,TACULING,45010382,SP,"NOVERO, RENECITO (NP)",251,3.63 %
REGION VI,NEGROS OCCIDENTAL,CITY OF BACOLOD,TACULING,45010382,SP,"OROLA, BART (PDPLBN)",289,4.18 %
REGION VI,NEGROS OCCIDENTAL,CITY OF BACOLOD,TACULING,45010382,SP,"PADIOS, EDUARDO (PPM)",58,0.83 %
REGION VI,NEGROS OCCIDENTAL,CITY OF BACOLOD,TACULING,45010382,SP,"PUENTEVELLA, KALAW (PROMDI)",313,4.52 %
REGION VI,NEGROS OCCIDENTAL,CITY OF BACOLOD,TACULING,45010382,SP,"RAMOS, DINDO (NP)",213,3.08 %
REGION VI,NEGROS OCCIDENTAL,CITY OF BACOLOD,TACULING,45010382,SP,"ROJAS, CINDY (NP)",298,4.31 %
REGION VI,NEGROS OCCIDENTAL,CITY OF BACOLOD,TACULING,45010382,SP,"SALANGA, ISRAEL (NP)",300,4.34 %
REGION VI,NEGROS OCCIDENTAL,CITY OF BACOLOD,TACULING,45010382,SP,"SAYSON, THADDY (PDPLBN)",342,4.94 %
REGION VI,NEGROS OCCIDENTAL,CITY OF BACOLOD,TACULING,45010382,SP,"SOLIDUM, MARLON (NPC)",186,2.69 %
REGION VI,NEGROS OCCIDENTAL,CITY OF BACOLOD,TACULING,45010382,SP,"SORONGON, CHRIS (NP)",185,2.67 %
REGION VI,NEGROS OCCIDENTAL,CITY OF BACOLOD,TACULING,45010382,SP,"SY, PAO (NPC)",278,4.02 %
REGION VI,NEGROS OCCIDENTAL,CITY OF BACOLOD,TACULING,45010382,SP,"TAN, CANO GWAPO (AKSYON)",172,2.48 %
REGION VI,NEGROS OCCIDENTAL,CITY OF BACOLOD,TACULING,45010382,SP,"VERDEFLOR, SONYA (UNEGA)",234,3.38 %
REGION VI,NEGROS OCCIDENTAL,CITY OF BACOLOD,TACULING,45010382,SP,"VILLAFUERTE, RICO (IND)",60,0.86 %
REGION VI,NEGROS OCCIDENTAL,CITY OF BACOLOD,TACULING,45010382,SP,"VILLAROSA, JASON (LAKAS)",279,4.03 %
REGION VI,NEGROS OCCIDENTAL,CITY OF BACOLOD,TACULING,45010382,SP,"WEBER, CHRISTIAN (IND)",42,0.60 %
region,province,city,barangay,precinct,position,candidate,votes,percentage
REGION VI,NEGROS OCCIDENTAL,CITY OF BACOLOD,TACULING,45010383,PRESIDENT,Candidate,Votes,Percentage
REGION VI,NEGROS OCCIDENTAL,CITY OF BACOLOD,TACULING,45010383,PRESIDENT,"ABELLA, ERNIE (IND)",3,0.45 %
REGION VI,NEGROS OCCIDENTAL,CITY OF BACOLOD,TACULING,45010383,PRESIDENT,"DE GUZMAN, LEODY (PLM)",1,0.15 %
REGION VI,NEGROS OCCIDENTAL,CITY OF BACOLOD,TACULING,45010383,PRESIDENT,"DOMAGOSO, ISKO MORENO (AKSYON)",27,4.09 %
REGION VI,NEGROS OCCIDENTAL,CITY OF BACOLOD,TACULING,45010383,PRESIDENT,"GONZALES, NORBERTO (PDSP)",3,0.45 %
REGION VI,NEGROS OCCIDENTAL,CITY OF BACOLOD,TACULING,45010383,PRESIDENT,"LACSON, PING (PDR)",6,0.91 %
REGION VI,NEGROS OCCIDENTAL,CITY OF BACOLOD,TACULING,45010383,PRESIDENT,"MANGONDATO, FAISAL (KTPNAN)",0,0.00 %
REGION VI,NEGROS OCCIDENTAL,CITY OF BACOLOD,TACULING,45010383,PRESIDENT,"MARCOS, BONGBONG (PFP)",288,43.70 %
REGION VI,NEGROS OCCIDENTAL,CITY OF BACOLOD,TACULING,45010383,PRESIDENT,"MONTEMAYOR, JOSE JR. (DPP)",1,0.15 %
REGION VI,NEGROS OCCIDENTAL,CITY OF BACOLOD,TACULING,45010383,PRESIDENT,"PACQUIAO, MANNY PACMAN(PROMDI)",77,11.68 %
REGION VI,NEGROS OCCIDENTAL,CITY OF BACOLOD,TACULING,45010383,PRESIDENT,"ROBREDO, LENI (IND)",253,38.39 %
REGION VI,NEGROS OCCIDENTAL,CITY OF BACOLOD,TACULING,45010383,VICE_PRESIDENT,Candidate,Votes,Percentage
REGION VI,NEGROS OCCIDENTAL,CITY OF BACOLOD,TACULING,45010383,VICE_PRESIDENT,"ATIENZA, LITO (PROMDI)",9,1.38 %
REGION VI,NEGROS OCCIDENTAL,CITY OF BACOLOD,TACULING,45010383,VICE_PRESIDENT,"BELLO, WALDEN (PLM)",1,0.15 %
REGION VI,NEGROS OCCIDENTAL,CITY OF BACOLOD,TACULING,45010383,VICE_PRESIDENT,"DAVID, RIZALITO (DPP)",1,0.15 %
REGION VI,NEGROS OCCIDENTAL,CITY OF BACOLOD,TACULING,45010383,VICE_PRESIDENT,"DUTERTE, SARA (LAKAS)",293,45.00 %
REGION VI,NEGROS OCCIDENTAL,CITY OF BACOLOD,TACULING,45010383,VICE_PRESIDENT,"LOPEZ, MANNY SD (WPP)",3,0.46 %
REGION VI,NEGROS OCCIDENTAL,CITY OF BACOLOD,TACULING,45010383,VICE_PRESIDENT,"ONG, DOC WILLIE (AKSYON)",29,4.45 %
REGION VI,NEGROS OCCIDENTAL,CITY OF BACOLOD,TACULING,45010383,VICE_PRESIDENT,"PANGILINAN, KIKO (LP)",182,27.95 %
REGION VI,NEGROS OCCIDENTAL,CITY OF BACOLOD,TACULING,45010383,VICE_PRESIDENT,"SERAPIO, CARLOS (KTPNAN)",3,0.46 %
REGION VI,NEGROS OCCIDENTAL,CITY OF BACOLOD,TACULING,45010383,VICE_PRESIDENT,"SOTTO, VICENTE TITO (NPC)",130,19.96 %
REGION VI,NEGROS OCCIDENTAL,CITY OF BACOLOD,TACULING,45010383,SENATOR,Candidate,Votes,Percentage
REGION VI,NEGROS OCCIDENTAL,CITY OF BACOLOD,TACULING,45010383,SENATOR,"AFUANG, ABNER (IND)",14,0.23 %
REGION VI,NEGROS OCCIDENTAL,CITY OF BACOLOD,TACULING,45010383,SENATOR,"ALBANI, IBRAHIM (WPP)",6,0.09 %
REGION VI,NEGROS OCCIDENTAL,CITY OF BACOLOD,TACULING,45010383,SENATOR,"ARRANZA, MANG JESS (IND)",12,0.19 %
REGION VI,NEGROS OCCIDENTAL,CITY OF BACOLOD,TACULING,45010383,SENATOR,"BAGUILAT, TEDDY (LP)",61,1.00 %
REGION VI,NEGROS OCCIDENTAL,CITY OF BACOLOD,TACULING,45010383,SENATOR,"BAILEN, AGNES (IND)",13,0.21 %
REGION VI,NEGROS OCCIDENTAL,CITY OF BACOLOD,TACULING,45010383,SENATOR,"BALITA, CARL (AKSYON)",41,0.67 %
REGION VI,NEGROS OCCIDENTAL,CITY OF BACOLOD,TACULING,45010383,SENATOR,"BARBO, LUTZ (PDPLBN)",9,0.14 %
REGION VI,NEGROS OCCIDENTAL,CITY OF BACOLOD,TACULING,45010383,SENATOR,"BAUTISTA, HERBERT BISTEK (NPC)",160,2.63 %
REGION VI,NEGROS OCCIDENTAL,CITY OF BACOLOD,TACULING,45010383,SENATOR,"BELGICA, GRECO (PDDS)",25,0.41 %
REGION VI,NEGROS OCCIDENTAL,CITY OF BACOLOD,TACULING,45010383,SENATOR,"BELLO, SILVESTRE JR. (PDPLBN)",21,0.34 %
REGION VI,NEGROS OCCIDENTAL,CITY OF BACOLOD,TACULING,45010383,SENATOR,"BINAY, JOJO (UNA)",154,2.53 %
REGION VI,NEGROS OCCIDENTAL,CITY OF BACOLOD,TACULING,45010383,SENATOR,"CABONEGRO, ROY (PLM)",13,0.21 %
REGION VI,NEGROS OCCIDENTAL,CITY OF BACOLOD,TACULING,45010383,SENATOR,"CASTRICIONES, BRO JOHN(PDPLBN)",11,0.18 %
REGION VI,NEGROS OCCIDENTAL,CITY OF BACOLOD,TACULING,45010383,SENATOR,"CAYETANO, ALAN PETER (IND)",254,4.18 %
REGION VI,NEGROS OCCIDENTAL,CITY OF BACOLOD,TACULING,45010383,SENATOR,"CHAVEZ, MELCHOR (WPP)",21,0.34 %
REGION VI,NEGROS OCCIDENTAL,CITY OF BACOLOD,TACULING,45010383,SENATOR,"COLMENARES, NERI (MKBYN)",160,2.63 %
REGION VI,NEGROS OCCIDENTAL,CITY OF BACOLOD,TACULING,45010383,SENATOR,"D'ANGELO, DAVID (PLM)",7,0.11 %
REGION VI,NEGROS OCCIDENTAL,CITY OF BACOLOD,TACULING,45010383,SENATOR,"DE LIMA, LEILA (LP)",150,2.47 %
REGION VI,NEGROS OCCIDENTAL,CITY OF BACOLOD,TACULING,45010383,SENATOR,"DEL ROSARIO, MONSOUR (PDR)",66,1.08 %
REGION VI,NEGROS OCCIDENTAL,CITY OF BACOLOD,TACULING,45010383,SENATOR,"DIAZ, DING (PPP)",10,0.16 %
REGION VI,NEGROS OCCIDENTAL,CITY OF BACOLOD,TACULING,45010383,SENATOR,"DIOKNO, CHEL (KANP)",186,3.06 %
REGION VI,NEGROS OCCIDENTAL,CITY OF BACOLOD,TACULING,45010383,SENATOR,"EJERCITO, JV ESTRADA (NPC)",200,3.29 %
REGION VI,NEGROS OCCIDENTAL,CITY OF BACOLOD,TACULING,45010383,SENATOR,"ELEAZAR, GEN. GUILLERMO (PDR)",149,2.45 %
REGION VI,NEGROS OCCIDENTAL,CITY OF BACOLOD,TACULING,45010383,SENATOR,"EREÑO, BRO. ERNIE (PM)",15,0.24 %
REGION VI,NEGROS OCCIDENTAL,CITY OF BACOLOD,TACULING,45010383,SENATOR,"ESCUDERO, CHIZ (NPC)",305,5.02 %
REGION VI,NEGROS OCCIDENTAL,CITY OF BACOLOD,TACULING,45010383,SENATOR,"ESPIRITU, LUKE (PLM)",68,1.12 %
REGION VI,NEGROS OCCIDENTAL,CITY OF BACOLOD,TACULING,45010383,SENATOR,"ESTRADA, JINGGOY (PMP)",170,2.80 %
REGION VI,NEGROS OCCIDENTAL,CITY OF BACOLOD,TACULING,45010383,SENATOR,"FALCONE, BAL FALCON (DPP)",7,0.11 %
REGION VI,NEGROS OCCIDENTAL,CITY OF BACOLOD,TACULING,45010383,SENATOR,"GADON, LARRY (KBL)",123,2.02 %
REGION VI,NEGROS OCCIDENTAL,CITY OF BACOLOD,TACULING,45010383,SENATOR,"GATCHALIAN, WIN (NPC)",258,4.25 %
REGION VI,NEGROS OCCIDENTAL,CITY OF BACOLOD,TACULING,45010383,SENATOR,"GORDON, WOW DICK (BVNP)",182,3.00 %
REGION VI,NEGROS OCCIDENTAL,CITY OF BACOLOD,TACULING,45010383,SENATOR,"GUTOC, SAMIRA (AKSYON)",16,0.26 %
REGION VI,NEGROS OCCIDENTAL,CITY OF BACOLOD,TACULING,45010383,SENATOR,"HONASAN, GRINGO (IND)",138,2.27 %
REGION VI,NEGROS OCCIDENTAL,CITY OF BACOLOD,TACULING,45010383,SENATOR,"HONTIVEROS, RISA (AKBAYAN)",303,4.99 %
REGION VI,NEGROS OCCIDENTAL,CITY OF BACOLOD,TACULING,45010383,SENATOR,"JAVELLANA, RJ (IND)",14,0.23 %
REGION VI,NEGROS OCCIDENTAL,CITY OF BACOLOD,TACULING,45010383,SENATOR,"KIRAM, NUR-MAHAL (IND)",7,0.11 %
REGION VI,NEGROS OCCIDENTAL,CITY OF BACOLOD,TACULING,45010383,SENATOR,"LABOG, ELMER (MKBYN)",20,0.32 %
REGION VI,NEGROS OCCIDENTAL,CITY OF BACOLOD,TACULING,45010383,SENATOR,"LACSON, KUYA ALEX (KP)",88,1.45 %
REGION VI,NEGROS OCCIDENTAL,CITY OF BACOLOD,TACULING,45010383,SENATOR,"LANGIT, REY (PDPLBN)",14,0.23 %
REGION VI,NEGROS OCCIDENTAL,CITY OF BACOLOD,TACULING,45010383,SENATOR,"LEGARDA, LOREN (NPC)",337,5.55 %
REGION VI,NEGROS OCCIDENTAL,CITY OF BACOLOD,TACULING,45010383,SENATOR,"LIM, ARIEL (IND)",15,0.24 %
REGION VI,NEGROS OCCIDENTAL,CITY OF BACOLOD,TACULING,45010383,SENATOR,"MALLILLIN, EMILY (PPM)",10,0.16 %
REGION VI,NEGROS OCCIDENTAL,CITY OF BACOLOD,TACULING,45010383,SENATOR,"MARCOLETA, RODANTE (PDPLBN)",30,0.49 %
REGION VI,NEGROS OCCIDENTAL,CITY OF BACOLOD,TACULING,45010383,SENATOR,"MARCOS, FRANCIS LEO (IND)",55,0.90 %
REGION VI,NEGROS OCCIDENTAL,CITY OF BACOLOD,TACULING,45010383,SENATOR,"MATULA, SONNY (IND)",49,0.80 %
REGION VI,NEGROS OCCIDENTAL,CITY OF BACOLOD,TACULING,45010383,SENATOR,"MINDALANO-ADAM,MARIETA(KTPNAN)",10,0.16 %
REGION VI,NEGROS OCCIDENTAL,CITY OF BACOLOD,TACULING,45010383,SENATOR,"OLARTE, ATTY/DR. LEO (BIGKIS)",13,0.21 %
REGION VI,NEGROS OCCIDENTAL,CITY OF BACOLOD,TACULING,45010383,SENATOR,"PADILLA, DRA. MINGUITA (PDR)",47,0.77 %
REGION VI,NEGROS OCCIDENTAL,CITY OF BACOLOD,TACULING,45010383,SENATOR,"PADILLA, ROBIN (PDPLBN)",256,4.22 %
REGION VI,NEGROS OCCIDENTAL,CITY OF BACOLOD,TACULING,45010383,SENATOR,"PANELO, SAL PANALO (PDPLBN)",74,1.22 %
REGION VI,NEGROS OCCIDENTAL,CITY OF BACOLOD,TACULING,45010383,SENATOR,"PIMENTEL, ASTRA (PDPLBN)",51,0.84 %
REGION VI,NEGROS OCCIDENTAL,CITY OF BACOLOD,TACULING,45010383,SENATOR,"PIÑOL, MANNY (NPC)",31,0.51 %
REGION VI,NEGROS OCCIDENTAL,CITY OF BACOLOD,TACULING,45010383,SENATOR,"RICABLANCA, WILLIE JR. (PM)",7,0.11 %
REGION VI,NEGROS OCCIDENTAL,CITY OF BACOLOD,TACULING,45010383,SENATOR,"ROQUE, HARRY SPOX (PRP)",98,1.61 %
REGION VI,NEGROS OCCIDENTAL,CITY OF BACOLOD,TACULING,45010383,SENATOR,"SAHIDULLA, LADY ANNE (PDDS)",8,0.13 %
REGION VI,NEGROS OCCIDENTAL,CITY OF BACOLOD,TACULING,45010383,SENATOR,"SISON, JOPET (AKSYON)",33,0.54 %
REGION VI,NEGROS OCCIDENTAL,CITY OF BACOLOD,TACULING,45010383,SENATOR,"TEODORO, GIBO (PRP)",203,3.34 %
REGION VI,NEGROS OCCIDENTAL,CITY OF BACOLOD,TACULING,45010383,SENATOR,"TRILLANES, ANTONIO IV (LP)",179,2.95 %
REGION VI,NEGROS OCCIDENTAL,CITY OF BACOLOD,TACULING,45010383,SENATOR,"TULFO, IDOL RAFFY (IND)",305,5.02 %
REGION VI,NEGROS OCCIDENTAL,CITY OF BACOLOD,TACULING,45010383,SENATOR,"VALEROS, REY (IND)",7,0.11 %
REGION VI,NEGROS OCCIDENTAL,CITY OF BACOLOD,TACULING,45010383,SENATOR,"VILLANUEVA,JOEL TESDAMAN (IND)",226,3.72 %
REGION VI,NEGROS OCCIDENTAL,CITY OF BACOLOD,TACULING,45010383,SENATOR,"VILLAR, MARK (NP)",212,3.49 %
REGION VI,NEGROS OCCIDENTAL,CITY OF BACOLOD,TACULING,45010383,SENATOR,"ZUBIAGA, CARMEN (IND)",20,0.32 %
REGION VI,NEGROS OCCIDENTAL,CITY OF BACOLOD,TACULING,45010383,SENATOR,"ZUBIRI, MIGZ (IND)",318,5.24 %
REGION VI,NEGROS OCCIDENTAL,CITY OF BACOLOD,TACULING,45010383,PARTYLIST,Candidate,Votes,Percentage
REGION VI,NEGROS OCCIDENTAL,CITY OF BACOLOD,TACULING,45010383,PARTYLIST,01 KAMALAYAN,2,0.40 %
REGION VI,NEGROS OCCIDENTAL,CITY OF BACOLOD,TACULING,45010383,PARTYLIST,02 KM NGAYON NA,1,0.20 %
REGION VI,NEGROS OCCIDENTAL,CITY OF BACOLOD,TACULING,45010383,PARTYLIST,03 PSIS,0,0.00 %
REGION VI,NEGROS OCCIDENTAL,CITY OF BACOLOD,TACULING,45010383,PARTYLIST,04 AGAP,3,0.61 %
REGION VI,NEGROS OCCIDENTAL,CITY OF BACOLOD,TACULING,45010383,PARTYLIST,05 KABAYAN,3,0.61 %
REGION VI,NEGROS OCCIDENTAL,CITY OF BACOLOD,TACULING,45010383,PARTYLIST,06 HOME OWNER,3,0.61 %
REGION VI,NEGROS OCCIDENTAL,CITY OF BACOLOD,TACULING,45010383,PARTYLIST,07 KAPUSO-PM,0,0.00 %
REGION VI,NEGROS OCCIDENTAL,CITY OF BACOLOD,TACULING,45010383,PARTYLIST,08 PDP CARES,0,0.00 %
REGION VI,NEGROS OCCIDENTAL,CITY OF BACOLOD,TACULING,45010383,PARTYLIST,09 MARVELOUS TAYO,0,0.00 %
REGION VI,NEGROS OCCIDENTAL,CITY OF BACOLOD,TACULING,45010383,PARTYLIST,10 AKO OFW,1,0.20 %
REGION VI,NEGROS OCCIDENTAL,CITY OF BACOLOD,TACULING,45010383,PARTYLIST,11 UNITED SENIOR CITIZEN,3,0.61 %
REGION VI,NEGROS OCCIDENTAL,CITY OF BACOLOD,TACULING,45010383,PARTYLIST,12 WOW PILIPINAS,0,0.00 %
REGION VI,NEGROS OCCIDENTAL,CITY OF BACOLOD,TACULING,45010383,PARTYLIST,13 ALTERNATIBA,0,0.00 %
REGION VI,NEGROS OCCIDENTAL,CITY OF BACOLOD,TACULING,45010383,PARTYLIST,14 1-RIDER PARTYLIST,9,1.83 %
REGION VI,NEGROS OCCIDENTAL,CITY OF BACOLOD,TACULING,45010383,PARTYLIST,15 1-CARE,0,0.00 %
REGION VI,NEGROS OCCIDENTAL,CITY OF BACOLOD,TACULING,45010383,PARTYLIST,16 ABP,3,0.61 %
REGION VI,NEGROS OCCIDENTAL,CITY OF BACOLOD,TACULING,45010383,PARTYLIST,17 AKO MUSIKERO,0,0.00 %
REGION VI,NEGROS OCCIDENTAL,CITY OF BACOLOD,TACULING,45010383,PARTYLIST,18 AKO BICOL,0,0.00 %
REGION VI,NEGROS OCCIDENTAL,CITY OF BACOLOD,TACULING,45010383,PARTYLIST,19 PRAI,1,0.20 %
REGION VI,NEGROS OCCIDENTAL,CITY OF BACOLOD,TACULING,45010383,PARTYLIST,20 4PS,4,0.81 %
REGION VI,NEGROS OCCIDENTAL,CITY OF BACOLOD,TACULING,45010383,PARTYLIST,21 MAAGAP,1,0.20 %
REGION VI,NEGROS OCCIDENTAL,CITY OF BACOLOD,TACULING,45010383,PARTYLIST,22 ABANTE PILIPINAS,1,0.20 %
REGION VI,NEGROS OCCIDENTAL,CITY OF BACOLOD,TACULING,45010383,PARTYLIST,23 AKTIBONG KAAGAPAY,0,0.00 %
REGION VI,NEGROS OCCIDENTAL,CITY OF BACOLOD,TACULING,45010383,PARTYLIST,24 ALSA BISAYA,0,0.00 %
REGION VI,NEGROS OCCIDENTAL,CITY OF BACOLOD,TACULING,45010383,PARTYLIST,25 PROBINSYANO AKO,2,0.40 %
REGION VI,NEGROS OCCIDENTAL,CITY OF BACOLOD,TACULING,45010383,PARTYLIST,26 YACAP,2,0.40 %
REGION VI,NEGROS OCCIDENTAL,CITY OF BACOLOD,TACULING,45010383,PARTYLIST,27 MAGDALO,2,0.40 %
REGION VI,NEGROS OCCIDENTAL,CITY OF BACOLOD,TACULING,45010383,PARTYLIST,28 ACT-CIS,24,4.89 %
REGION VI,NEGROS OCCIDENTAL,CITY OF BACOLOD,TACULING,45010383,PARTYLIST,29 HUGPONG FEDERAL,0,0.00 %
REGION VI,NEGROS OCCIDENTAL,CITY OF BACOLOD,TACULING,45010383,PARTYLIST,30 TGP,0,0.00 %
REGION VI,NEGROS OCCIDENTAL,CITY OF BACOLOD,TACULING,45010383,PARTYLIST,31 ONE COOP,0,0.00 %
REGION VI,NEGROS OCCIDENTAL,CITY OF BACOLOD,TACULING,45010383,PARTYLIST,32 BARKADAHAN,0,0.00 %
REGION VI,NEGROS OCCIDENTAL,CITY OF BACOLOD,TACULING,45010383,PARTYLIST,33 DUMPER PTDA,0,0.00 %
REGION VI,NEGROS OCCIDENTAL,CITY OF BACOLOD,TACULING,45010383,PARTYLIST,34 MALABUNG,0,0.00 %
REGION VI,NEGROS OCCIDENTAL,CITY OF BACOLOD,TACULING,45010383,PARTYLIST,35 BH (BAGONG HENERASYON),3,0.61 %
REGION VI,NEGROS OCCIDENTAL,CITY OF BACOLOD,TACULING,45010383,PARTYLIST,36 AKMA-PTM,0,0.00 %
REGION VI,NEGROS OCCIDENTAL,CITY OF BACOLOD,TACULING,45010383,PARTYLIST,37 IPATUPAD,1,0.20 %
REGION VI,NEGROS OCCIDENTAL,CITY OF BACOLOD,TACULING,45010383,PARTYLIST,38 PINUNO,0,0.00 %
REGION VI,NEGROS OCCIDENTAL,CITY OF BACOLOD,TACULING,45010383,PARTYLIST,39 LPGMA,0,0.00 %
REGION VI,NEGROS OCCIDENTAL,CITY OF BACOLOD,TACULING,45010383,PARTYLIST,40 CLICK PARTY,0,0.00 %
REGION VI,NEGROS OCCIDENTAL,CITY OF BACOLOD,TACULING,45010383,PARTYLIST,41 TODA,0,0.00 %
REGION VI,NEGROS OCCIDENTAL,CITY OF BACOLOD,TACULING,45010383,PARTYLIST,42 BHW,4,0.81 %
REGION VI,NEGROS OCCIDENTAL,CITY OF BACOLOD,TACULING,45010383,PARTYLIST,43 MALASAKIT@BAYANIHAN,74,15.10 %
REGION VI,NEGROS OCCIDENTAL,CITY OF BACOLOD,TACULING,45010383,PARTYLIST,44 ABS,0,0.00 %
REGION VI,NEGROS OCCIDENTAL,CITY OF BACOLOD,TACULING,45010383,PARTYLIST,45 PASAHERO PARTYLIST,0,0.00 %
REGION VI,NEGROS OCCIDENTAL,CITY OF BACOLOD,TACULING,45010383,PARTYLIST,46 ANGAT,5,1.02 %
REGION VI,NEGROS OCCIDENTAL,CITY OF BACOLOD,TACULING,45010383,PARTYLIST,47 SOLID-CHANGE,1,0.20 %
REGION VI,NEGROS OCCIDENTAL,CITY OF BACOLOD,TACULING,45010383,PARTYLIST,48 BICOL SARO,0,0.00 %
REGION VI,NEGROS OCCIDENTAL,CITY OF BACOLOD,TACULING,45010383,PARTYLIST,49 OFW,4,0.81 %
REGION VI,NEGROS OCCIDENTAL,CITY OF BACOLOD,TACULING,45010383,PARTYLIST,50 ANG PROBINSIYANO,5,1.02 %
REGION VI,NEGROS OCCIDENTAL,CITY OF BACOLOD,TACULING,45010383,PARTYLIST,51 ANAKALUSUGAN,0,0.00 %
REGION VI,NEGROS OCCIDENTAL,CITY OF BACOLOD,TACULING,45010383,PARTYLIST,52 PBA,0,0.00 %
REGION VI,NEGROS OCCIDENTAL,CITY OF BACOLOD,TACULING,45010383,PARTYLIST,53 PEACE,17,3.46 %
REGION VI,NEGROS OCCIDENTAL,CITY OF BACOLOD,TACULING,45010383,PARTYLIST,54 P3PWD,16,3.26 %
REGION VI,NEGROS OCCIDENTAL,CITY OF BACOLOD,TACULING,45010383,PARTYLIST,55 S.M.I.L.E,2,0.40 %
REGION VI,NEGROS OCCIDENTAL,CITY OF BACOLOD,TACULING,45010383,PARTYLIST,56 AAMBIS-OWA,0,0.00 %
REGION VI,NEGROS OCCIDENTAL,CITY OF BACOLOD,TACULING,45010383,PARTYLIST,57 BUTIL,0,0.00 %
REGION VI,NEGROS OCCIDENTAL,CITY OF BACOLOD,TACULING,45010383,PARTYLIST,58 LUNAS,1,0.20 %
REGION VI,NEGROS OCCIDENTAL,CITY OF BACOLOD,TACULING,45010383,PARTYLIST,59 ANG KOMADRONA,0,0.00 %
REGION VI,NEGROS OCCIDENTAL,CITY OF BACOLOD,TACULING,45010383,PARTYLIST,60 KABAKA,0,0.00 %
REGION VI,NEGROS OCCIDENTAL,CITY OF BACOLOD,TACULING,45010383,PARTYLIST,61 SAGIP,2,0.40 %
REGION VI,NEGROS OCCIDENTAL,CITY OF BACOLOD,TACULING,45010383,PARTYLIST,62 ANG KABUHAYAN,1,0.20 %
REGION VI,NEGROS OCCIDENTAL,CITY OF BACOLOD,TACULING,45010383,PARTYLIST,63 AKO I.P.,1,0.20 %
REGION VI,NEGROS OCCIDENTAL,CITY OF BACOLOD,TACULING,45010383,PARTYLIST,64 PHILRECA,0,0.00 %
REGION VI,NEGROS OCCIDENTAL,CITY OF BACOLOD,TACULING,45010383,PARTYLIST,65 BABAE AKO,1,0.20 %
REGION VI,NEGROS OCCIDENTAL,CITY OF BACOLOD,TACULING,45010383,PARTYLIST,66 KB,0,0.00 %
REGION VI,NEGROS OCCIDENTAL,CITY OF BACOLOD,TACULING,45010383,PARTYLIST,67 GABRIELA,6,1.22 %
REGION VI,NEGROS OCCIDENTAL,CITY OF BACOLOD,TACULING,45010383,PARTYLIST,68 KALINGA,3,0.61 %
REGION VI,NEGROS OCCIDENTAL,CITY OF BACOLOD,TACULING,45010383,PARTYLIST,69 STL,0,0.00 %
REGION VI,NEGROS OCCIDENTAL,CITY OF BACOLOD,TACULING,45010383,PARTYLIST,70 RECOBODA,0,0.00 %
REGION VI,NEGROS OCCIDENTAL,CITY OF BACOLOD,TACULING,45010383,PARTYLIST,71 ANGAT PINOY,1,0.20 %
REGION VI,NEGROS OCCIDENTAL,CITY OF BACOLOD,TACULING,45010383,PARTYLIST,72 ANAC-IP,0,0.00 %
REGION VI,NEGROS OCCIDENTAL,CITY OF BACOLOD,TACULING,45010383,PARTYLIST,73 DIWA,0,0.00 %
REGION VI,NEGROS OCCIDENTAL,CITY OF BACOLOD,TACULING,45010383,PARTYLIST,74 ASENSO PINOY,0,0.00 %
REGION VI,NEGROS OCCIDENTAL,CITY OF BACOLOD,TACULING,45010383,PARTYLIST,75 PPP,0,0.00 %
REGION VI,NEGROS OCCIDENTAL,CITY OF BACOLOD,TACULING,45010383,PARTYLIST,76 PAMILYA MUNA,0,0.00 %
REGION VI,NEGROS OCCIDENTAL,CITY OF BACOLOD,TACULING,45010383,PARTYLIST,77 AYUDA SANDUGO,0,0.00 %
REGION VI,NEGROS OCCIDENTAL,CITY OF BACOLOD,TACULING,45010383,PARTYLIST,78 BUKLOD FILIPINO,0,0.00 %
REGION VI,NEGROS OCCIDENTAL,CITY OF BACOLOD,TACULING,45010383,PARTYLIST,79 BTS,0,0.00 %
REGION VI,NEGROS OCCIDENTAL,CITY OF BACOLOD,TACULING,45010383,PARTYLIST,80 MOCHA,0,0.00 %
REGION VI,NEGROS OCCIDENTAL,CITY OF BACOLOD,TACULING,45010383,PARTYLIST,81 ACT TEACHERS,4,0.81 %
REGION VI,NEGROS OCCIDENTAL,CITY OF BACOLOD,TACULING,45010383,PARTYLIST,82 ALONA,0,0.00 %
REGION VI,NEGROS OCCIDENTAL,CITY OF BACOLOD,TACULING,45010383,PARTYLIST,83 KABALIKAT,0,0.00 %
REGION VI,NEGROS OCCIDENTAL,CITY OF BACOLOD,TACULING,45010383,PARTYLIST,84 ALIF,0,0.00 %
REGION VI,NEGROS OCCIDENTAL,CITY OF BACOLOD,TACULING,45010383,PARTYLIST,85 1-UTAP BICOL,0,0.00 %
REGION VI,NEGROS OCCIDENTAL,CITY OF BACOLOD,TACULING,45010383,PARTYLIST,86 TINGOG,0,0.00 %
REGION VI,NEGROS OCCIDENTAL,CITY OF BACOLOD,TACULING,45010383,PARTYLIST,87 H.E.L.P. PILIPINAS,1,0.20 %
REGION VI,NEGROS OCCIDENTAL,CITY OF BACOLOD,TACULING,45010383,PARTYLIST,88 TUCP,0,0.00 %
REGION VI,NEGROS OCCIDENTAL,CITY OF BACOLOD,TACULING,45010383,PARTYLIST,89 PTA,0,0.00 %
REGION VI,NEGROS OCCIDENTAL,CITY OF BACOLOD,TACULING,45010383,PARTYLIST,90 AGIMAT,0,0.00 %
REGION VI,NEGROS OCCIDENTAL,CITY OF BACOLOD,TACULING,45010383,PARTYLIST,91 KONTRA BROWNOUT,1,0.20 %
REGION VI,NEGROS OCCIDENTAL,CITY OF BACOLOD,TACULING,45010383,PARTYLIST,92 TULUNGAN TAYO,0,0.00 %
REGION VI,NEGROS OCCIDENTAL,CITY OF BACOLOD,TACULING,45010383,PARTYLIST,93 DUTERTE YOUTH,3,0.61 %
REGION VI,NEGROS OCCIDENTAL,CITY OF BACOLOD,TACULING,45010383,PARTYLIST,94 ABEKA,0,0.00 %
REGION VI,NEGROS OCCIDENTAL,CITY OF BACOLOD,TACULING,45010383,PARTYLIST,95 KABATAAN,2,0.40 %
REGION VI,NEGROS OCCIDENTAL,CITY OF BACOLOD,TACULING,45010383,PARTYLIST,97 ACTS-OFW,3,0.61 %
REGION VI,NEGROS OCCIDENTAL,CITY OF BACOLOD,TACULING,45010383,PARTYLIST,98 RAM,1,0.20 %
REGION VI,NEGROS OCCIDENTAL,CITY OF BACOLOD,TACULING,45010383,PARTYLIST,99 USWAG ILONGGO,21,4.28 %
REGION VI,NEGROS OCCIDENTAL,CITY OF BACOLOD,TACULING,45010383,PARTYLIST,100 AKO BISAYA,0,0.00 %
REGION VI,NEGROS OCCIDENTAL,CITY OF BACOLOD,TACULING,45010383,PARTYLIST,101 KAPAMILYA,0,0.00 %
REGION VI,NEGROS OCCIDENTAL,CITY OF BACOLOD,TACULING,45010383,PARTYLIST,102 PUSONG PINOY,1,0.20 %
REGION VI,NEGROS OCCIDENTAL,CITY OF BACOLOD,TACULING,45010383,PARTYLIST,103 CWS,0,0.00 %
REGION VI,NEGROS OCCIDENTAL,CITY OF BACOLOD,TACULING,45010383,PARTYLIST,104 SILBI,0,0.00 %
REGION VI,NEGROS OCCIDENTAL,CITY OF BACOLOD,TACULING,45010383,PARTYLIST,105 CIBAC,1,0.20 %
REGION VI,NEGROS OCCIDENTAL,CITY OF BACOLOD,TACULING,45010383,PARTYLIST,106 SUBANEN,0,0.00 %
REGION VI,NEGROS OCCIDENTAL,CITY OF BACOLOD,TACULING,45010383,PARTYLIST,107 AKKK,0,0.00 %
REGION VI,NEGROS OCCIDENTAL,CITY OF BACOLOD,TACULING,45010383,PARTYLIST,108 BG PARTY-LIST,1,0.20 %
REGION VI,NEGROS OCCIDENTAL,CITY OF BACOLOD,TACULING,45010383,PARTYLIST,109 PAMILYANG MAGSASAKA,2,0.40 %
REGION VI,NEGROS OCCIDENTAL,CITY OF BACOLOD,TACULING,45010383,PARTYLIST,110 COOP NATCCO,2,0.40 %
REGION VI,NEGROS OCCIDENTAL,CITY OF BACOLOD,TACULING,45010383,PARTYLIST,111 FRONTLINERS ANG BIDA,0,0.00 %
REGION VI,NEGROS OCCIDENTAL,CITY OF BACOLOD,TACULING,45010383,PARTYLIST,112 KASAMA,0,0.00 %
REGION VI,NEGROS OCCIDENTAL,CITY OF BACOLOD,TACULING,45010383,PARTYLIST,113 AKO BISDAK,1,0.20 %
REGION VI,NEGROS OCCIDENTAL,CITY OF BACOLOD,TACULING,45010383,PARTYLIST,114 GP PARTY,0,0.00 %
REGION VI,NEGROS OCCIDENTAL,CITY OF BACOLOD,TACULING,45010383,PARTYLIST,115 BAHAY,1,0.20 %
REGION VI,NEGROS OCCIDENTAL,CITY OF BACOLOD,TACULING,45010383,PARTYLIST,116 MAGSASAKA,0,0.00 %
REGION VI,NEGROS OCCIDENTAL,CITY OF BACOLOD,TACULING,45010383,PARTYLIST,117 MARINO,3,0.61 %
REGION VI,NEGROS OCCIDENTAL,CITY OF BACOLOD,TACULING,45010383,PARTYLIST,118 UNITED FRONTLINERS,0,0.00 %
REGION VI,NEGROS OCCIDENTAL,CITY OF BACOLOD,TACULING,45010383,PARTYLIST,119 L.O.G.R.O. KUSINERO,0,0.00 %
REGION VI,NEGROS OCCIDENTAL,CITY OF BACOLOD,TACULING,45010383,PARTYLIST,120 BPO,1,0.20 %
REGION VI,NEGROS OCCIDENTAL,CITY OF BACOLOD,TACULING,45010383,PARTYLIST,121 ABANG LINGKOD,168,34.28 %
REGION VI,NEGROS OCCIDENTAL,CITY OF BACOLOD,TACULING,45010383,PARTYLIST,122 KUSUG TAUSUG,1,0.20 %
REGION VI,NEGROS OCCIDENTAL,CITY OF BACOLOD,TACULING,45010383,PARTYLIST,123 PLM,0,0.00 %
REGION VI,NEGROS OCCIDENTAL,CITY OF BACOLOD,TACULING,45010383,PARTYLIST,124 OK PARTYLIST,1,0.20 %
REGION VI,NEGROS OCCIDENTAL,CITY OF BACOLOD,TACULING,45010383,PARTYLIST,125 A TEACHER,1,0.20 %
REGION VI,NEGROS OCCIDENTAL,CITY OF BACOLOD,TACULING,45010383,PARTYLIST,126 PASADA-CC,0,0.00 %
REGION VI,NEGROS OCCIDENTAL,CITY OF BACOLOD,TACULING,45010383,PARTYLIST,127 OFW FAMILY,0,0.00 %
REGION VI,NEGROS OCCIDENTAL,CITY OF BACOLOD,TACULING,45010383,PARTYLIST,128 ANGKLA,4,0.81 %
REGION VI,NEGROS OCCIDENTAL,CITY OF BACOLOD,TACULING,45010383,PARTYLIST,129 COCOMAN,0,0.00 %
REGION VI,NEGROS OCCIDENTAL,CITY OF BACOLOD,TACULING,45010383,PARTYLIST,130 ACT AS ONE,3,0.61 %
REGION VI,NEGROS OCCIDENTAL,CITY OF BACOLOD,TACULING,45010383,PARTYLIST,131 AKO ILOCANO AKO,6,1.22 %
REGION VI,NEGROS OCCIDENTAL,CITY OF BACOLOD,TACULING,45010383,PARTYLIST,132 TRABAHO,1,0.20 %
REGION VI,NEGROS OCCIDENTAL,CITY OF BACOLOD,TACULING,45010383,PARTYLIST,133 PATROL,0,0.00 %
REGION VI,NEGROS OCCIDENTAL,CITY OF BACOLOD,TACULING,45010383,PARTYLIST,134 AKO PADAYON,0,0.00 %
REGION VI,NEGROS OCCIDENTAL,CITY OF BACOLOD,TACULING,45010383,PARTYLIST,135 ABONO,0,0.00 %
REGION VI,NEGROS OCCIDENTAL,CITY OF BACOLOD,TACULING,45010383,PARTYLIST,136 MANILA TEACHERS,0,0.00 %
REGION VI,NEGROS OCCIDENTAL,CITY OF BACOLOD,TACULING,45010383,PARTYLIST,137 KOOP-KAMPI,2,0.40 %
REGION VI,NEGROS OCCIDENTAL,CITY OF BACOLOD,TACULING,45010383,PARTYLIST,138 MAYPAGASA,0,0.00 %
REGION VI,NEGROS OCCIDENTAL,CITY OF BACOLOD,TACULING,45010383,PARTYLIST,139 PVAID,0,0.00 %
REGION VI,NEGROS OCCIDENTAL,CITY OF BACOLOD,TACULING,45010383,PARTYLIST,140 TUTOK TO WIN,11,2.24 %
REGION VI,NEGROS OCCIDENTAL,CITY OF BACOLOD,TACULING,45010383,PARTYLIST,141 BAYAN MUNA,2,0.40 %
REGION VI,NEGROS OCCIDENTAL,CITY OF BACOLOD,TACULING,45010383,PARTYLIST,142 API,0,0.00 %
REGION VI,NEGROS OCCIDENTAL,CITY OF BACOLOD,TACULING,45010383,PARTYLIST,143 ARTE,0,0.00 %
REGION VI,NEGROS OCCIDENTAL,CITY OF BACOLOD,TACULING,45010383,PARTYLIST,144 ASAP,0,0.00 %
REGION VI,NEGROS OCCIDENTAL,CITY OF BACOLOD,TACULING,45010383,PARTYLIST,145 BUNYOG,0,0.00 %
REGION VI,NEGROS OCCIDENTAL,CITY OF BACOLOD,TACULING,45010383,PARTYLIST,146 AKBAYAN,0,0.00 %
REGION VI,NEGROS OCCIDENTAL,CITY OF BACOLOD,TACULING,45010383,PARTYLIST,147 DAMAYAN,0,0.00 %
REGION VI,NEGROS OCCIDENTAL,CITY OF BACOLOD,TACULING,45010383,PARTYLIST,148 WIFI,2,0.40 %
REGION VI,NEGROS OCCIDENTAL,CITY OF BACOLOD,TACULING,45010383,PARTYLIST,149 CANCER PARTY LIST,0,0.00 %
REGION VI,NEGROS OCCIDENTAL,CITY OF BACOLOD,TACULING,45010383,PARTYLIST,150 1-ANG EDUKASYON,0,0.00 %
REGION VI,NEGROS OCCIDENTAL,CITY OF BACOLOD,TACULING,45010383,PARTYLIST,151 UFCC,0,0.00 %
REGION VI,NEGROS OCCIDENTAL,CITY OF BACOLOD,TACULING,45010383,PARTYLIST,152 AGRI,1,0.20 %
REGION VI,NEGROS OCCIDENTAL,CITY OF BACOLOD,TACULING,45010383,PARTYLIST,153 MAHARLIKA,3,0.61 %
REGION VI,NEGROS OCCIDENTAL,CITY OF BACOLOD,TACULING,45010383,PARTYLIST,154 ANAKPAWIS,0,0.00 %
REGION VI,NEGROS OCCIDENTAL,CITY OF BACOLOD,TACULING,45010383,PARTYLIST,155 1TAHANAN,0,0.00 %
REGION VI,NEGROS OCCIDENTAL,CITY OF BACOLOD,TACULING,45010383,PARTYLIST,156 TURISMO,0,0.00 %
REGION VI,NEGROS OCCIDENTAL,CITY OF BACOLOD,TACULING,45010383,PARTYLIST,157 APEC,0,0.00 %
REGION VI,NEGROS OCCIDENTAL,CITY OF BACOLOD,TACULING,45010383,PARTYLIST,158 SENIOR CITIZENS PARTYLIST,6,1.22 %
REGION VI,NEGROS OCCIDENTAL,CITY OF BACOLOD,TACULING,45010383,PARTYLIST,159 AASENSO,1,0.20 %
REGION VI,NEGROS OCCIDENTAL,CITY OF BACOLOD,TACULING,45010383,PARTYLIST,160 AMIN,0,0.00 %
REGION VI,NEGROS OCCIDENTAL,CITY OF BACOLOD,TACULING,45010383,PARTYLIST,161 1-PACMAN,3,0.61 %
REGION VI,NEGROS OCCIDENTAL,CITY OF BACOLOD,TACULING,45010383,PARTYLIST,162 ABB-NFCPI,0,0.00 %
REGION VI,NEGROS OCCIDENTAL,CITY OF BACOLOD,TACULING,45010383,PARTYLIST,163 AN WARAY,0,0.00 %
REGION VI,NEGROS OCCIDENTAL,CITY OF BACOLOD,TACULING,45010383,PARTYLIST,164 AP PARTYLIST,2,0.40 %
REGION VI,NEGROS OCCIDENTAL,CITY OF BACOLOD,TACULING,45010383,PARTYLIST,165 AKAP PINOY,0,0.00 %
REGION VI,NEGROS OCCIDENTAL,CITY OF BACOLOD,TACULING,45010383,PARTYLIST,166 BUHAY,0,0.00 %
REGION VI,NEGROS OCCIDENTAL,CITY OF BACOLOD,TACULING,45010383,PARTYLIST,167 ARISE,0,0.00 %
REGION VI,NEGROS OCCIDENTAL,CITY OF BACOLOD,TACULING,45010383,PARTYLIST,168 IWI,0,0.00 %
REGION VI,NEGROS OCCIDENTAL,CITY OF BACOLOD,TACULING,45010383,PARTYLIST,169 ANG TINIG NG SENIORS,2,0.40 %
REGION VI,NEGROS OCCIDENTAL,CITY OF BACOLOD,TACULING,45010383,PARTYLIST,170 LBP,0,0.00 %
REGION VI,NEGROS OCCIDENTAL,CITY OF BACOLOD,TACULING,45010383,PARTYLIST,171 IPEACE EPANAW,0,0.00 %
REGION VI,NEGROS OCCIDENTAL,CITY OF BACOLOD,TACULING,45010383,PARTYLIST,172 APAT-DAPAT,0,0.00 %
REGION VI,NEGROS OCCIDENTAL,CITY OF BACOLOD,TACULING,45010383,PARTYLIST,173 UMA ILONGGO,5,1.02 %
REGION VI,NEGROS OCCIDENTAL,CITY OF BACOLOD,TACULING,45010383,PARTYLIST,174 AYUDA,1,0.20 %
REGION VI,NEGROS OCCIDENTAL,CITY OF BACOLOD,TACULING,45010383,PARTYLIST,175 SAMBAYANAN,1,0.20 %
REGION VI,NEGROS OCCIDENTAL,CITY OF BACOLOD,TACULING,45010383,PARTYLIST,176 AKO BREEDER,1,0.20 %
REGION VI,NEGROS OCCIDENTAL,CITY OF BACOLOD,TACULING,45010383,PARTYLIST,177 FPJ,0,0.00 %
REGION VI,NEGROS OCCIDENTAL,CITY OF BACOLOD,TACULING,45010383,PARTYLIST,178 LIBRO,0,0.00 %
REGION VI,NEGROS OCCIDENTAL,CITY OF BACOLOD,TACULING,45010383,REP,Candidate,Votes,Percentage
REGION VI,NEGROS OCCIDENTAL,CITY OF BACOLOD,TACULING,45010383,REP,"ATAYDE, DAN (IND)",197,31.02 %
REGION VI,NEGROS OCCIDENTAL,CITY OF BACOLOD,TACULING,45010383,REP,"DAVID, WILLY (IND)",0,0.00 %
REGION VI,NEGROS OCCIDENTAL,CITY OF BACOLOD,TACULING,45010383,REP,"GASATAYA, GREG (NPC)",433,68.18 %
REGION VI,NEGROS OCCIDENTAL,CITY OF BACOLOD,TACULING,45010383,REP,"GUSTILO, ROMY (IND)",2,0.31 %
REGION VI,NEGROS OCCIDENTAL,CITY OF BACOLOD,TACULING,45010383,REP,"SAN MIGUEL, NONONG (PDDS)",3,0.47 %
REGION VI,NEGROS OCCIDENTAL,CITY OF BACOLOD,TACULING,45010383,MAYOR,Candidate,Votes,Percentage
REGION VI,NEGROS OCCIDENTAL,CITY OF BACOLOD,TACULING,45010383,MAYOR,"BENITEZ, ALBEE (PDPLBN)",391,59.69 %
REGION VI,NEGROS OCCIDENTAL,CITY OF BACOLOD,TACULING,45010383,MAYOR,"LEONARDIA, BING (NP)",264,40.30 %
REGION VI,NEGROS OCCIDENTAL,CITY OF BACOLOD,TACULING,45010383,VICE_MAYOR,Candidate,Votes,Percentage
REGION VI,NEGROS OCCIDENTAL,CITY OF BACOLOD,TACULING,45010383,VICE_MAYOR,"DISTRITO, CAESAR (PDPLBN)",243,39.06 %
REGION VI,NEGROS OCCIDENTAL,CITY OF BACOLOD,TACULING,45010383,VICE_MAYOR,"FAMILIARAN, EL CID (NP)",273,43.89 %
REGION VI,NEGROS OCCIDENTAL,CITY OF BACOLOD,TACULING,45010383,VICE_MAYOR,"GAMBOA, WILSON JR. (IND)",106,17.04 %
REGION VI,NEGROS OCCIDENTAL,CITY OF BACOLOD,TACULING,45010383,SP,Candidate,Votes,Percentage
REGION VI,NEGROS OCCIDENTAL,CITY OF BACOLOD,TACULING,45010383,SP,"ANG, EM (NP)",293,4.57 %
REGION VI,NEGROS OCCIDENTAL,CITY OF BACOLOD,TACULING,45010383,SP,"ARROYO, ALAN (IND)",34,0.53 %
REGION VI,NEGROS OCCIDENTAL,CITY OF BACOLOD,TACULING,45010383,SP,"AUJERO, JORGE THE WISE (IND)",19,0.29 %
REGION VI,NEGROS OCCIDENTAL,CITY OF BACOLOD,TACULING,45010383,SP,"BAIS, HOMER (PDPLBN)",256,3.99 %
REGION VI,NEGROS OCCIDENTAL,CITY OF BACOLOD,TACULING,45010383,SP,"BARIBAR, ARCHIE (PROMDI)",243,3.79 %
REGION VI,NEGROS OCCIDENTAL,CITY OF BACOLOD,TACULING,45010383,SP,"BELARIO, 007 (IND)",20,0.31 %
REGION VI,NEGROS OCCIDENTAL,CITY OF BACOLOD,TACULING,45010383,SP,"BELORIA, TOTO CESAR (IND)",70,1.09 %
REGION VI,NEGROS OCCIDENTAL,CITY OF BACOLOD,TACULING,45010383,SP,"CONTRERAS, LR (PRP)",24,0.37 %
REGION VI,NEGROS OCCIDENTAL,CITY OF BACOLOD,TACULING,45010383,SP,"DIAZ, JONATHAN JR. (NP)",118,1.84 %
REGION VI,NEGROS OCCIDENTAL,CITY OF BACOLOD,TACULING,45010383,SP,"DISTRITO, SIMPLE (PDPLBN)",267,4.17 %
REGION VI,NEGROS OCCIDENTAL,CITY OF BACOLOD,TACULING,45010383,SP,"ESPINO, AL (NPC)",277,4.32 %
REGION VI,NEGROS OCCIDENTAL,CITY OF BACOLOD,TACULING,45010383,SP,"FLOR, CELIA (IND)",270,4.21 %
REGION VI,NEGROS OCCIDENTAL,CITY OF BACOLOD,TACULING,45010383,SP,"GICO, VIC (IND)",17,0.26 %
REGION VI,NEGROS OCCIDENTAL,CITY OF BACOLOD,TACULING,45010383,SP,"GONZALEZ, VLADI (PDPLBN)",326,5.09 %
REGION VI,NEGROS OCCIDENTAL,CITY OF BACOLOD,TACULING,45010383,SP,"GUILLEM, ED (NP)",160,2.49 %
REGION VI,NEGROS OCCIDENTAL,CITY OF BACOLOD,TACULING,45010383,SP,"HERMOSURA, BONG (IND)",25,0.39 %
REGION VI,NEGROS OCCIDENTAL,CITY OF BACOLOD,TACULING,45010383,SP,"JAUOD, JIFFY (IND)",20,0.31 %
REGION VI,NEGROS OCCIDENTAL,CITY OF BACOLOD,TACULING,45010383,SP,"LACSON, PATRICK (PDPLBN)",224,3.49 %
REGION VI,NEGROS OCCIDENTAL,CITY OF BACOLOD,TACULING,45010383,SP,"LOPEZ, CARL (NP)",199,3.10 %
REGION VI,NEGROS OCCIDENTAL,CITY OF BACOLOD,TACULING,45010383,SP,"MAYO, MARK STEVEN (NPC)",85,1.32 %
REGION VI,NEGROS OCCIDENTAL,CITY OF BACOLOD,TACULING,45010383,SP,"MONTALVO, CASH (NP)",156,2.43 %
REGION VI,NEGROS OCCIDENTAL,CITY OF BACOLOD,TACULING,45010383,SP,"NACIONALES, FERMIN (IND)",17,0.26 %
REGION VI,NEGROS OCCIDENTAL,CITY OF BACOLOD,TACULING,45010383,SP,"NOVERO, RENECITO (NP)",270,4.21 %
REGION VI,NEGROS OCCIDENTAL,CITY OF BACOLOD,TACULING,45010383,SP,"OROLA, BART (PDPLBN)",235,3.67 %
REGION VI,NEGROS OCCIDENTAL,CITY OF BACOLOD,TACULING,45010383,SP,"PADIOS, EDUARDO (PPM)",47,0.73 %
REGION VI,NEGROS OCCIDENTAL,CITY OF BACOLOD,TACULING,45010383,SP,"PUENTEVELLA, KALAW (PROMDI)",281,4.38 %
REGION VI,NEGROS OCCIDENTAL,CITY OF BACOLOD,TACULING,45010383,SP,"RAMOS, DINDO (NP)",218,3.40 %
REGION VI,NEGROS OCCIDENTAL,CITY OF BACOLOD,TACULING,45010383,SP,"ROJAS, CINDY (NP)",301,4.70 %
REGION VI,NEGROS OCCIDENTAL,CITY OF BACOLOD,TACULING,45010383,SP,"SALANGA, ISRAEL (NP)",299,4.67 %
REGION VI,NEGROS OCCIDENTAL,CITY OF BACOLOD,TACULING,45010383,SP,"SAYSON, THADDY (PDPLBN)",311,4.85 %
REGION VI,NEGROS OCCIDENTAL,CITY OF BACOLOD,TACULING,45010383,SP,"SOLIDUM, MARLON (NPC)",192,2.99 %
REGION VI,NEGROS OCCIDENTAL,CITY OF BACOLOD,TACULING,45010383,SP,"SORONGON, CHRIS (NP)",189,2.95 %
REGION VI,NEGROS OCCIDENTAL,CITY OF BACOLOD,TACULING,45010383,SP,"SY, PAO (NPC)",235,3.67 %
REGION VI,NEGROS OCCIDENTAL,CITY OF BACOLOD,TACULING,45010383,SP,"TAN, CANO GWAPO (AKSYON)",153,2.39 %
REGION VI,NEGROS OCCIDENTAL,CITY OF BACOLOD,TACULING,45010383,SP,"VERDEFLOR, SONYA (UNEGA)",228,3.56 %
REGION VI,NEGROS OCCIDENTAL,CITY OF BACOLOD,TACULING,45010383,SP,"VILLAFUERTE, RICO (IND)",54,0.84 %
REGION VI,NEGROS OCCIDENTAL,CITY OF BACOLOD,TACULING,45010383,SP,"VILLAROSA, JASON (LAKAS)",243,3.79 %
REGION VI,NEGROS OCCIDENTAL,CITY OF BACOLOD,TACULING,45010383,SP,"WEBER, CHRISTIAN (IND)",25,0.39 %
region,province,city,barangay,precinct,position,candidate,votes,percentage
REGION VI,NEGROS OCCIDENTAL,CITY OF BACOLOD,TACULING,45010384,PRESIDENT,Candidate,Votes,Percentage
REGION VI,NEGROS OCCIDENTAL,CITY OF BACOLOD,TACULING,45010384,PRESIDENT,"ABELLA, ERNIE (IND)",1,0.14 %
REGION VI,NEGROS OCCIDENTAL,CITY OF BACOLOD,TACULING,45010384,PRESIDENT,"DE GUZMAN, LEODY (PLM)",0,0.00 %
REGION VI,NEGROS OCCIDENTAL,CITY OF BACOLOD,TACULING,45010384,PRESIDENT,"DOMAGOSO, ISKO MORENO (AKSYON)",24,3.58 %
REGION VI,NEGROS OCCIDENTAL,CITY OF BACOLOD,TACULING,45010384,PRESIDENT,"GONZALES, NORBERTO (PDSP)",0,0.00 %
REGION VI,NEGROS OCCIDENTAL,CITY OF BACOLOD,TACULING,45010384,PRESIDENT,"LACSON, PING (PDR)",8,1.19 %
REGION VI,NEGROS OCCIDENTAL,CITY OF BACOLOD,TACULING,45010384,PRESIDENT,"MANGONDATO, FAISAL (KTPNAN)",1,0.14 %
REGION VI,NEGROS OCCIDENTAL,CITY OF BACOLOD,TACULING,45010384,PRESIDENT,"MARCOS, BONGBONG (PFP)",257,38.35 %
REGION VI,NEGROS OCCIDENTAL,CITY OF BACOLOD,TACULING,45010384,PRESIDENT,"MONTEMAYOR, JOSE JR. (DPP)",0,0.00 %
REGION VI,NEGROS OCCIDENTAL,CITY OF BACOLOD,TACULING,45010384,PRESIDENT,"PACQUIAO, MANNY PACMAN(PROMDI)",70,10.44 %
REGION VI,NEGROS OCCIDENTAL,CITY OF BACOLOD,TACULING,45010384,PRESIDENT,"ROBREDO, LENI (IND)",309,46.11 %
REGION VI,NEGROS OCCIDENTAL,CITY OF BACOLOD,TACULING,45010384,VICE_PRESIDENT,Candidate,Votes,Percentage
REGION VI,NEGROS OCCIDENTAL,CITY OF BACOLOD,TACULING,45010384,VICE_PRESIDENT,"ATIENZA, LITO (PROMDI)",2,0.30 %
REGION VI,NEGROS OCCIDENTAL,CITY OF BACOLOD,TACULING,45010384,VICE_PRESIDENT,"BELLO, WALDEN (PLM)",0,0.00 %
REGION VI,NEGROS OCCIDENTAL,CITY OF BACOLOD,TACULING,45010384,VICE_PRESIDENT,"DAVID, RIZALITO (DPP)",0,0.00 %
REGION VI,NEGROS OCCIDENTAL,CITY OF BACOLOD,TACULING,45010384,VICE_PRESIDENT,"DUTERTE, SARA (LAKAS)",252,38.06 %
REGION VI,NEGROS OCCIDENTAL,CITY OF BACOLOD,TACULING,45010384,VICE_PRESIDENT,"LOPEZ, MANNY SD (WPP)",3,0.45 %
REGION VI,NEGROS OCCIDENTAL,CITY OF BACOLOD,TACULING,45010384,VICE_PRESIDENT,"ONG, DOC WILLIE (AKSYON)",46,6.94 %
REGION VI,NEGROS OCCIDENTAL,CITY OF BACOLOD,TACULING,45010384,VICE_PRESIDENT,"PANGILINAN, KIKO (LP)",212,32.02 %
REGION VI,NEGROS OCCIDENTAL,CITY OF BACOLOD,TACULING,45010384,VICE_PRESIDENT,"SERAPIO, CARLOS (KTPNAN)",1,0.15 %
REGION VI,NEGROS OCCIDENTAL,CITY OF BACOLOD,TACULING,45010384,VICE_PRESIDENT,"SOTTO, VICENTE TITO (NPC)",146,22.05 %
REGION VI,NEGROS OCCIDENTAL,CITY OF BACOLOD,TACULING,45010384,SENATOR,Candidate,Votes,Percentage
REGION VI,NEGROS OCCIDENTAL,CITY OF BACOLOD,TACULING,45010384,SENATOR,"AFUANG, ABNER (IND)",15,0.25 %
REGION VI,NEGROS OCCIDENTAL,CITY OF BACOLOD,TACULING,45010384,SENATOR,"ALBANI, IBRAHIM (WPP)",9,0.15 %
REGION VI,NEGROS OCCIDENTAL,CITY OF BACOLOD,TACULING,45010384,SENATOR,"ARRANZA, MANG JESS (IND)",5,0.08 %
REGION VI,NEGROS OCCIDENTAL,CITY OF BACOLOD,TACULING,45010384,SENATOR,"BAGUILAT, TEDDY (LP)",87,1.45 %
REGION VI,NEGROS OCCIDENTAL,CITY OF BACOLOD,TACULING,45010384,SENATOR,"BAILEN, AGNES (IND)",9,0.15 %
REGION VI,NEGROS OCCIDENTAL,CITY OF BACOLOD,TACULING,45010384,SENATOR,"BALITA, CARL (AKSYON)",37,0.61 %
REGION VI,NEGROS OCCIDENTAL,CITY OF BACOLOD,TACULING,45010384,SENATOR,"BARBO, LUTZ (PDPLBN)",7,0.11 %
REGION VI,NEGROS OCCIDENTAL,CITY OF BACOLOD,TACULING,45010384,SENATOR,"BAUTISTA, HERBERT BISTEK (NPC)",159,2.65 %
REGION VI,NEGROS OCCIDENTAL,CITY OF BACOLOD,TACULING,45010384,SENATOR,"BELGICA, GRECO (PDDS)",11,0.18 %
REGION VI,NEGROS OCCIDENTAL,CITY OF BACOLOD,TACULING,45010384,SENATOR,"BELLO, SILVESTRE JR. (PDPLBN)",13,0.21 %
REGION VI,NEGROS OCCIDENTAL,CITY OF BACOLOD,TACULING,45010384,SENATOR,"BINAY, JOJO (UNA)",145,2.42 %
REGION VI,NEGROS OCCIDENTAL,CITY OF BACOLOD,TACULING,45010384,SENATOR,"CABONEGRO, ROY (PLM)",11,0.18 %
REGION VI,NEGROS OCCIDENTAL,CITY OF BACOLOD,TACULING,45010384,SENATOR,"CASTRICIONES, BRO JOHN(PDPLBN)",8,0.13 %
REGION VI,NEGROS OCCIDENTAL,CITY OF BACOLOD,TACULING,45010384,SENATOR,"CAYETANO, ALAN PETER (IND)",232,3.87 %
REGION VI,NEGROS OCCIDENTAL,CITY OF BACOLOD,TACULING,45010384,SENATOR,"CHAVEZ, MELCHOR (WPP)",16,0.26 %
REGION VI,NEGROS OCCIDENTAL,CITY OF BACOLOD,TACULING,45010384,SENATOR,"COLMENARES, NERI (MKBYN)",184,3.07 %
REGION VI,NEGROS OCCIDENTAL,CITY OF BACOLOD,TACULING,45010384,SENATOR,"D'ANGELO, DAVID (PLM)",10,0.16 %
REGION VI,NEGROS OCCIDENTAL,CITY OF BACOLOD,TACULING,45010384,SENATOR,"DE LIMA, LEILA (LP)",164,2.74 %
REGION VI,NEGROS OCCIDENTAL,CITY OF BACOLOD,TACULING,45010384,SENATOR,"DEL ROSARIO, MONSOUR (PDR)",79,1.31 %
REGION VI,NEGROS OCCIDENTAL,CITY OF BACOLOD,TACULING,45010384,SENATOR,"DIAZ, DING (PPP)",19,0.31 %
REGION VI,NEGROS OCCIDENTAL,CITY OF BACOLOD,TACULING,45010384,SENATOR,"DIOKNO, CHEL (KANP)",184,3.07 %
REGION VI,NEGROS OCCIDENTAL,CITY OF BACOLOD,TACULING,45010384,SENATOR,"EJERCITO, JV ESTRADA (NPC)",181,3.02 %
REGION VI,NEGROS OCCIDENTAL,CITY OF BACOLOD,TACULING,45010384,SENATOR,"ELEAZAR, GEN. GUILLERMO (PDR)",153,2.55 %
REGION VI,NEGROS OCCIDENTAL,CITY OF BACOLOD,TACULING,45010384,SENATOR,"EREÑO, BRO. ERNIE (PM)",15,0.25 %
REGION VI,NEGROS OCCIDENTAL,CITY OF BACOLOD,TACULING,45010384,SENATOR,"ESCUDERO, CHIZ (NPC)",277,4.62 %
REGION VI,NEGROS OCCIDENTAL,CITY OF BACOLOD,TACULING,45010384,SENATOR,"ESPIRITU, LUKE (PLM)",92,1.53 %
REGION VI,NEGROS OCCIDENTAL,CITY OF BACOLOD,TACULING,45010384,SENATOR,"ESTRADA, JINGGOY (PMP)",120,2.00 %
REGION VI,NEGROS OCCIDENTAL,CITY OF BACOLOD,TACULING,45010384,SENATOR,"FALCONE, BAL FALCON (DPP)",12,0.20 %
REGION VI,NEGROS OCCIDENTAL,CITY OF BACOLOD,TACULING,45010384,SENATOR,"GADON, LARRY (KBL)",89,1.48 %
REGION VI,NEGROS OCCIDENTAL,CITY OF BACOLOD,TACULING,45010384,SENATOR,"GATCHALIAN, WIN (NPC)",238,3.97 %
REGION VI,NEGROS OCCIDENTAL,CITY OF BACOLOD,TACULING,45010384,SENATOR,"GORDON, WOW DICK (BVNP)",177,2.95 %
REGION VI,NEGROS OCCIDENTAL,CITY OF BACOLOD,TACULING,45010384,SENATOR,"GUTOC, SAMIRA (AKSYON)",27,0.45 %
REGION VI,NEGROS OCCIDENTAL,CITY OF BACOLOD,TACULING,45010384,SENATOR,"HONASAN, GRINGO (IND)",127,2.12 %
REGION VI,NEGROS OCCIDENTAL,CITY OF BACOLOD,TACULING,45010384,SENATOR,"HONTIVEROS, RISA (AKBAYAN)",329,5.49 %
REGION VI,NEGROS OCCIDENTAL,CITY OF BACOLOD,TACULING,45010384,SENATOR,"JAVELLANA, RJ (IND)",9,0.15 %
REGION VI,NEGROS OCCIDENTAL,CITY OF BACOLOD,TACULING,45010384,SENATOR,"KIRAM, NUR-MAHAL (IND)",9,0.15 %
REGION VI,NEGROS OCCIDENTAL,CITY OF BACOLOD,TACULING,45010384,SENATOR,"LABOG, ELMER (MKBYN)",20,0.33 %
REGION VI,NEGROS OCCIDENTAL,CITY OF BACOLOD,TACULING,45010384,SENATOR,"LACSON, KUYA ALEX (KP)",138,2.30 %
REGION VI,NEGROS OCCIDENTAL,CITY OF BACOLOD,TACULING,45010384,SENATOR,"LANGIT, REY (PDPLBN)",15,0.25 %
REGION VI,NEGROS OCCIDENTAL,CITY OF BACOLOD,TACULING,45010384,SENATOR,"LEGARDA, LOREN (NPC)",305,5.09 %
REGION VI,NEGROS OCCIDENTAL,CITY OF BACOLOD,TACULING,45010384,SENATOR,"LIM, ARIEL (IND)",12,0.20 %
REGION VI,NEGROS OCCIDENTAL,CITY OF BACOLOD,TACULING,45010384,SENATOR,"MALLILLIN, EMILY (PPM)",8,0.13 %
REGION VI,NEGROS OCCIDENTAL,CITY OF BACOLOD,TACULING,45010384,SENATOR,"MARCOLETA, RODANTE (PDPLBN)",41,0.68 %
REGION VI,NEGROS OCCIDENTAL,CITY OF BACOLOD,TACULING,45010384,SENATOR,"MARCOS, FRANCIS LEO (IND)",69,1.15 %
REGION VI,NEGROS OCCIDENTAL,CITY OF BACOLOD,TACULING,45010384,SENATOR,"MATULA, SONNY (IND)",58,0.96 %
REGION VI,NEGROS OCCIDENTAL,CITY OF BACOLOD,TACULING,45010384,SENATOR,"MINDALANO-ADAM,MARIETA(KTPNAN)",4,0.06 %
REGION VI,NEGROS OCCIDENTAL,CITY OF BACOLOD,TACULING,45010384,SENATOR,"OLARTE, ATTY/DR. LEO (BIGKIS)",10,0.16 %
REGION VI,NEGROS OCCIDENTAL,CITY OF BACOLOD,TACULING,45010384,SENATOR,"PADILLA, DRA. MINGUITA (PDR)",40,0.66 %
REGION VI,NEGROS OCCIDENTAL,CITY OF BACOLOD,TACULING,45010384,SENATOR,"PADILLA, ROBIN (PDPLBN)",253,4.22 %
REGION VI,NEGROS OCCIDENTAL,CITY OF BACOLOD,TACULING,45010384,SENATOR,"PANELO, SAL PANALO (PDPLBN)",57,0.95 %
REGION VI,NEGROS OCCIDENTAL,CITY OF BACOLOD,TACULING,45010384,SENATOR,"PIMENTEL, ASTRA (PDPLBN)",58,0.96 %
REGION VI,NEGROS OCCIDENTAL,CITY OF BACOLOD,TACULING,45010384,SENATOR,"PIÑOL, MANNY (NPC)",27,0.45 %
REGION VI,NEGROS OCCIDENTAL,CITY OF BACOLOD,TACULING,45010384,SENATOR,"RICABLANCA, WILLIE JR. (PM)",8,0.13 %
REGION VI,NEGROS OCCIDENTAL,CITY OF BACOLOD,TACULING,45010384,SENATOR,"ROQUE, HARRY SPOX (PRP)",89,1.48 %
REGION VI,NEGROS OCCIDENTAL,CITY OF BACOLOD,TACULING,45010384,SENATOR,"SAHIDULLA, LADY ANNE (PDDS)",5,0.08 %
REGION VI,NEGROS OCCIDENTAL,CITY OF BACOLOD,TACULING,45010384,SENATOR,"SISON, JOPET (AKSYON)",28,0.46 %
REGION VI,NEGROS OCCIDENTAL,CITY OF BACOLOD,TACULING,45010384,SENATOR,"TEODORO, GIBO (PRP)",192,3.20 %
REGION VI,NEGROS OCCIDENTAL,CITY OF BACOLOD,TACULING,45010384,SENATOR,"TRILLANES, ANTONIO IV (LP)",189,3.15 %
REGION VI,NEGROS OCCIDENTAL,CITY OF BACOLOD,TACULING,45010384,SENATOR,"TULFO, IDOL RAFFY (IND)",320,5.34 %
REGION VI,NEGROS OCCIDENTAL,CITY OF BACOLOD,TACULING,45010384,SENATOR,"VALEROS, REY (IND)",6,0.10 %
REGION VI,NEGROS OCCIDENTAL,CITY OF BACOLOD,TACULING,45010384,SENATOR,"VILLANUEVA,JOEL TESDAMAN (IND)",232,3.87 %
REGION VI,NEGROS OCCIDENTAL,CITY OF BACOLOD,TACULING,45010384,SENATOR,"VILLAR, MARK (NP)",199,3.32 %
REGION VI,NEGROS OCCIDENTAL,CITY OF BACOLOD,TACULING,45010384,SENATOR,"ZUBIAGA, CARMEN (IND)",28,0.46 %
REGION VI,NEGROS OCCIDENTAL,CITY OF BACOLOD,TACULING,45010384,SENATOR,"ZUBIRI, MIGZ (IND)",315,5.26 %
REGION VI,NEGROS OCCIDENTAL,CITY OF BACOLOD,TACULING,45010384,PARTYLIST,Candidate,Votes,Percentage
REGION VI,NEGROS OCCIDENTAL,CITY OF BACOLOD,TACULING,45010384,PARTYLIST,01 KAMALAYAN,2,0.44 %
REGION VI,NEGROS OCCIDENTAL,CITY OF BACOLOD,TACULING,45010384,PARTYLIST,02 KM NGAYON NA,0,0.00 %
REGION VI,NEGROS OCCIDENTAL,CITY OF BACOLOD,TACULING,45010384,PARTYLIST,03 PSIS,0,0.00 %
REGION VI,NEGROS OCCIDENTAL,CITY OF BACOLOD,TACULING,45010384,PARTYLIST,04 AGAP,3,0.66 %
REGION VI,NEGROS OCCIDENTAL,CITY OF BACOLOD,TACULING,45010384,PARTYLIST,05 KABAYAN,1,0.22 %
REGION VI,NEGROS OCCIDENTAL,CITY OF BACOLOD,TACULING,45010384,PARTYLIST,06 HOME OWNER,1,0.22 %
REGION VI,NEGROS OCCIDENTAL,CITY OF BACOLOD,TACULING,45010384,PARTYLIST,07 KAPUSO-PM,2,0.44 %
REGION VI,NEGROS OCCIDENTAL,CITY OF BACOLOD,TACULING,45010384,PARTYLIST,08 PDP CARES,0,0.00 %
REGION VI,NEGROS OCCIDENTAL,CITY OF BACOLOD,TACULING,45010384,PARTYLIST,09 MARVELOUS TAYO,0,0.00 %
REGION VI,NEGROS OCCIDENTAL,CITY OF BACOLOD,TACULING,45010384,PARTYLIST,10 AKO OFW,1,0.22 %
REGION VI,NEGROS OCCIDENTAL,CITY OF BACOLOD,TACULING,45010384,PARTYLIST,11 UNITED SENIOR CITIZEN,5,1.11 %
REGION VI,NEGROS OCCIDENTAL,CITY OF BACOLOD,TACULING,45010384,PARTYLIST,12 WOW PILIPINAS,0,0.00 %
REGION VI,NEGROS OCCIDENTAL,CITY OF BACOLOD,TACULING,45010384,PARTYLIST,13 ALTERNATIBA,0,0.00 %
REGION VI,NEGROS OCCIDENTAL,CITY OF BACOLOD,TACULING,45010384,PARTYLIST,14 1-RIDER PARTYLIST,11,2.44 %
REGION VI,NEGROS OCCIDENTAL,CITY OF BACOLOD,TACULING,45010384,PARTYLIST,15 1-CARE,0,0.00 %
REGION VI,NEGROS OCCIDENTAL,CITY OF BACOLOD,TACULING,45010384,PARTYLIST,16 ABP,0,0.00 %
REGION VI,NEGROS OCCIDENTAL,CITY OF BACOLOD,TACULING,45010384,PARTYLIST,17 AKO MUSIKERO,0,0.00 %
REGION VI,NEGROS OCCIDENTAL,CITY OF BACOLOD,TACULING,45010384,PARTYLIST,18 AKO BICOL,0,0.00 %
REGION VI,NEGROS OCCIDENTAL,CITY OF BACOLOD,TACULING,45010384,PARTYLIST,19 PRAI,0,0.00 %
REGION VI,NEGROS OCCIDENTAL,CITY OF BACOLOD,TACULING,45010384,PARTYLIST,20 4PS,3,0.66 %
REGION VI,NEGROS OCCIDENTAL,CITY OF BACOLOD,TACULING,45010384,PARTYLIST,21 MAAGAP,0,0.00 %
REGION VI,NEGROS OCCIDENTAL,CITY OF BACOLOD,TACULING,45010384,PARTYLIST,22 ABANTE PILIPINAS,1,0.22 %
REGION VI,NEGROS OCCIDENTAL,CITY OF BACOLOD,TACULING,45010384,PARTYLIST,23 AKTIBONG KAAGAPAY,0,0.00 %
REGION VI,NEGROS OCCIDENTAL,CITY OF BACOLOD,TACULING,45010384,PARTYLIST,24 ALSA BISAYA,0,0.00 %
REGION VI,NEGROS OCCIDENTAL,CITY OF BACOLOD,TACULING,45010384,PARTYLIST,25 PROBINSYANO AKO,2,0.44 %
REGION VI,NEGROS OCCIDENTAL,CITY OF BACOLOD,TACULING,45010384,PARTYLIST,26 YACAP,1,0.22 %
REGION VI,NEGROS OCCIDENTAL,CITY OF BACOLOD,TACULING,45010384,PARTYLIST,27 MAGDALO,2,0.44 %
REGION VI,NEGROS OCCIDENTAL,CITY OF BACOLOD,TACULING,45010384,PARTYLIST,28 ACT-CIS,26,5.77 %
REGION VI,NEGROS OCCIDENTAL,CITY OF BACOLOD,TACULING,45010384,PARTYLIST,29 HUGPONG FEDERAL,0,0.00 %
REGION VI,NEGROS OCCIDENTAL,CITY OF BACOLOD,TACULING,45010384,PARTYLIST,30 TGP,0,0.00 %
REGION VI,NEGROS OCCIDENTAL,CITY OF BACOLOD,TACULING,45010384,PARTYLIST,31 ONE COOP,1,0.22 %
REGION VI,NEGROS OCCIDENTAL,CITY OF BACOLOD,TACULING,45010384,PARTYLIST,32 BARKADAHAN,0,0.00 %
REGION VI,NEGROS OCCIDENTAL,CITY OF BACOLOD,TACULING,45010384,PARTYLIST,33 DUMPER PTDA,0,0.00 %
REGION VI,NEGROS OCCIDENTAL,CITY OF BACOLOD,TACULING,45010384,PARTYLIST,34 MALABUNG,0,0.00 %
REGION VI,NEGROS OCCIDENTAL,CITY OF BACOLOD,TACULING,45010384,PARTYLIST,35 BH (BAGONG HENERASYON),0,0.00 %
REGION VI,NEGROS OCCIDENTAL,CITY OF BACOLOD,TACULING,45010384,PARTYLIST,36 AKMA-PTM,0,0.00 %
REGION VI,NEGROS OCCIDENTAL,CITY OF BACOLOD,TACULING,45010384,PARTYLIST,37 IPATUPAD,1,0.22 %
REGION VI,NEGROS OCCIDENTAL,CITY OF BACOLOD,TACULING,45010384,PARTYLIST,38 PINUNO,0,0.00 %
REGION VI,NEGROS OCCIDENTAL,CITY OF BACOLOD,TACULING,45010384,PARTYLIST,39 LPGMA,0,0.00 %
REGION VI,NEGROS OCCIDENTAL,CITY OF BACOLOD,TACULING,45010384,PARTYLIST,40 CLICK PARTY,0,0.00 %
REGION VI,NEGROS OCCIDENTAL,CITY OF BACOLOD,TACULING,45010384,PARTYLIST,41 TODA,1,0.22 %
REGION VI,NEGROS OCCIDENTAL,CITY OF BACOLOD,TACULING,45010384,PARTYLIST,42 BHW,1,0.22 %
REGION VI,NEGROS OCCIDENTAL,CITY OF BACOLOD,TACULING,45010384,PARTYLIST,43 MALASAKIT@BAYANIHAN,84,18.66 %
REGION VI,NEGROS OCCIDENTAL,CITY OF BACOLOD,TACULING,45010384,PARTYLIST,44 ABS,0,0.00 %
REGION VI,NEGROS OCCIDENTAL,CITY OF BACOLOD,TACULING,45010384,PARTYLIST,45 PASAHERO PARTYLIST,0,0.00 %
REGION VI,NEGROS OCCIDENTAL,CITY OF BACOLOD,TACULING,45010384,PARTYLIST,46 ANGAT,2,0.44 %
REGION VI,NEGROS OCCIDENTAL,CITY OF BACOLOD,TACULING,45010384,PARTYLIST,47 SOLID-CHANGE,2,0.44 %
REGION VI,NEGROS OCCIDENTAL,CITY OF BACOLOD,TACULING,45010384,PARTYLIST,48 BICOL SARO,1,0.22 %
REGION VI,NEGROS OCCIDENTAL,CITY OF BACOLOD,TACULING,45010384,PARTYLIST,49 OFW,4,0.88 %
REGION VI,NEGROS OCCIDENTAL,CITY OF BACOLOD,TACULING,45010384,PARTYLIST,50 ANG PROBINSIYANO,4,0.88 %
REGION VI,NEGROS OCCIDENTAL,CITY OF BACOLOD,TACULING,45010384,PARTYLIST,51 ANAKALUSUGAN,1,0.22 %
REGION VI,NEGROS OCCIDENTAL,CITY OF BACOLOD,TACULING,45010384,PARTYLIST,52 PBA,0,0.00 %
REGION VI,NEGROS OCCIDENTAL,CITY OF BACOLOD,TACULING,45010384,PARTYLIST,53 PEACE,17,3.77 %
REGION VI,NEGROS OCCIDENTAL,CITY OF BACOLOD,TACULING,45010384,PARTYLIST,54 P3PWD,21,4.66 %
REGION VI,NEGROS OCCIDENTAL,CITY OF BACOLOD,TACULING,45010384,PARTYLIST,55 S.M.I.L.E,1,0.22 %
REGION VI,NEGROS OCCIDENTAL,CITY OF BACOLOD,TACULING,45010384,PARTYLIST,56 AAMBIS-OWA,0,0.00 %
REGION VI,NEGROS OCCIDENTAL,CITY OF BACOLOD,TACULING,45010384,PARTYLIST,57 BUTIL,0,0.00 %
REGION VI,NEGROS OCCIDENTAL,CITY OF BACOLOD,TACULING,45010384,PARTYLIST,58 LUNAS,1,0.22 %
REGION VI,NEGROS OCCIDENTAL,CITY OF BACOLOD,TACULING,45010384,PARTYLIST,59 ANG KOMADRONA,0,0.00 %
REGION VI,NEGROS OCCIDENTAL,CITY OF BACOLOD,TACULING,45010384,PARTYLIST,60 KABAKA,1,0.22 %
REGION VI,NEGROS OCCIDENTAL,CITY OF BACOLOD,TACULING,45010384,PARTYLIST,61 SAGIP,0,0.00 %
REGION VI,NEGROS OCCIDENTAL,CITY OF BACOLOD,TACULING,45010384,PARTYLIST,62 ANG KABUHAYAN,0,0.00 %
REGION VI,NEGROS OCCIDENTAL,CITY OF BACOLOD,TACULING,45010384,PARTYLIST,63 AKO I.P.,0,0.00 %
REGION VI,NEGROS OCCIDENTAL,CITY OF BACOLOD,TACULING,45010384,PARTYLIST,64 PHILRECA,0,0.00 %
REGION VI,NEGROS OCCIDENTAL,CITY OF BACOLOD,TACULING,45010384,PARTYLIST,65 BABAE AKO,0,0.00 %
REGION VI,NEGROS OCCIDENTAL,CITY OF BACOLOD,TACULING,45010384,PARTYLIST,66 KB,0,0.00 %
REGION VI,NEGROS OCCIDENTAL,CITY OF BACOLOD,TACULING,45010384,PARTYLIST,67 GABRIELA,3,0.66 %
REGION VI,NEGROS OCCIDENTAL,CITY OF BACOLOD,TACULING,45010384,PARTYLIST,68 KALINGA,3,0.66 %
REGION VI,NEGROS OCCIDENTAL,CITY OF BACOLOD,TACULING,45010384,PARTYLIST,69 STL,0,0.00 %
REGION VI,NEGROS OCCIDENTAL,CITY OF BACOLOD,TACULING,45010384,PARTYLIST,70 RECOBODA,0,0.00 %
REGION VI,NEGROS OCCIDENTAL,CITY OF BACOLOD,TACULING,45010384,PARTYLIST,71 ANGAT PINOY,1,0.22 %
REGION VI,NEGROS OCCIDENTAL,CITY OF BACOLOD,TACULING,45010384,PARTYLIST,72 ANAC-IP,0,0.00 %
REGION VI,NEGROS OCCIDENTAL,CITY OF BACOLOD,TACULING,45010384,PARTYLIST,73 DIWA,0,0.00 %
REGION VI,NEGROS OCCIDENTAL,CITY OF BACOLOD,TACULING,45010384,PARTYLIST,74 ASENSO PINOY,1,0.22 %
REGION VI,NEGROS OCCIDENTAL,CITY OF BACOLOD,TACULING,45010384,PARTYLIST,75 PPP,0,0.00 %
REGION VI,NEGROS OCCIDENTAL,CITY OF BACOLOD,TACULING,45010384,PARTYLIST,76 PAMILYA MUNA,1,0.22 %
REGION VI,NEGROS OCCIDENTAL,CITY OF BACOLOD,TACULING,45010384,PARTYLIST,77 AYUDA SANDUGO,0,0.00 %
REGION VI,NEGROS OCCIDENTAL,CITY OF BACOLOD,TACULING,45010384,PARTYLIST,78 BUKLOD FILIPINO,0,0.00 %
REGION VI,NEGROS OCCIDENTAL,CITY OF BACOLOD,TACULING,45010384,PARTYLIST,79 BTS,0,0.00 %
REGION VI,NEGROS OCCIDENTAL,CITY OF BACOLOD,TACULING,45010384,PARTYLIST,80 MOCHA,0,0.00 %
REGION VI,NEGROS OCCIDENTAL,CITY OF BACOLOD,TACULING,45010384,PARTYLIST,81 ACT TEACHERS,4,0.88 %
REGION VI,NEGROS OCCIDENTAL,CITY OF BACOLOD,TACULING,45010384,PARTYLIST,82 ALONA,0,0.00 %
REGION VI,NEGROS OCCIDENTAL,CITY OF BACOLOD,TACULING,45010384,PARTYLIST,83 KABALIKAT,0,0.00 %
REGION VI,NEGROS OCCIDENTAL,CITY OF BACOLOD,TACULING,45010384,PARTYLIST,84 ALIF,0,0.00 %
REGION VI,NEGROS OCCIDENTAL,CITY OF BACOLOD,TACULING,45010384,PARTYLIST,85 1-UTAP BICOL,0,0.00 %
REGION VI,NEGROS OCCIDENTAL,CITY OF BACOLOD,TACULING,45010384,PARTYLIST,86 TINGOG,0,0.00 %
REGION VI,NEGROS OCCIDENTAL,CITY OF BACOLOD,TACULING,45010384,PARTYLIST,87 H.E.L.P. PILIPINAS,1,0.22 %
REGION VI,NEGROS OCCIDENTAL,CITY OF BACOLOD,TACULING,45010384,PARTYLIST,88 TUCP,0,0.00 %
REGION VI,NEGROS OCCIDENTAL,CITY OF BACOLOD,TACULING,45010384,PARTYLIST,89 PTA,0,0.00 %
REGION VI,NEGROS OCCIDENTAL,CITY OF BACOLOD,TACULING,45010384,PARTYLIST,90 AGIMAT,0,0.00 %
REGION VI,NEGROS OCCIDENTAL,CITY OF BACOLOD,TACULING,45010384,PARTYLIST,91 KONTRA BROWNOUT,1,0.22 %
REGION VI,NEGROS OCCIDENTAL,CITY OF BACOLOD,TACULING,45010384,PARTYLIST,92 TULUNGAN TAYO,0,0.00 %
REGION VI,NEGROS OCCIDENTAL,CITY OF BACOLOD,TACULING,45010384,PARTYLIST,93 DUTERTE YOUTH,3,0.66 %
REGION VI,NEGROS OCCIDENTAL,CITY OF BACOLOD,TACULING,45010384,PARTYLIST,94 ABEKA,0,0.00 %
REGION VI,NEGROS OCCIDENTAL,CITY OF BACOLOD,TACULING,45010384,PARTYLIST,95 KABATAAN,3,0.66 %
REGION VI,NEGROS OCCIDENTAL,CITY OF BACOLOD,TACULING,45010384,PARTYLIST,97 ACTS-OFW,2,0.44 %
REGION VI,NEGROS OCCIDENTAL,CITY OF BACOLOD,TACULING,45010384,PARTYLIST,98 RAM,2,0.44 %
REGION VI,NEGROS OCCIDENTAL,CITY OF BACOLOD,TACULING,45010384,PARTYLIST,99 USWAG ILONGGO,13,2.88 %
REGION VI,NEGROS OCCIDENTAL,CITY OF BACOLOD,TACULING,45010384,PARTYLIST,100 AKO BISAYA,0,0.00 %
REGION VI,NEGROS OCCIDENTAL,CITY OF BACOLOD,TACULING,45010384,PARTYLIST,101 KAPAMILYA,1,0.22 %
REGION VI,NEGROS OCCIDENTAL,CITY OF BACOLOD,TACULING,45010384,PARTYLIST,102 PUSONG PINOY,0,0.00 %
REGION VI,NEGROS OCCIDENTAL,CITY OF BACOLOD,TACULING,45010384,PARTYLIST,103 CWS,0,0.00 %
REGION VI,NEGROS OCCIDENTAL,CITY OF BACOLOD,TACULING,45010384,PARTYLIST,104 SILBI,0,0.00 %
REGION VI,NEGROS OCCIDENTAL,CITY OF BACOLOD,TACULING,45010384,PARTYLIST,105 CIBAC,4,0.88 %
REGION VI,NEGROS OCCIDENTAL,CITY OF BACOLOD,TACULING,45010384,PARTYLIST,106 SUBANEN,0,0.00 %
REGION VI,NEGROS OCCIDENTAL,CITY OF BACOLOD,TACULING,45010384,PARTYLIST,107 AKKK,0,0.00 %
REGION VI,NEGROS OCCIDENTAL,CITY OF BACOLOD,TACULING,45010384,PARTYLIST,108 BG PARTY-LIST,0,0.00 %
REGION VI,NEGROS OCCIDENTAL,CITY OF BACOLOD,TACULING,45010384,PARTYLIST,109 PAMILYANG MAGSASAKA,2,0.44 %
REGION VI,NEGROS OCCIDENTAL,CITY OF BACOLOD,TACULING,45010384,PARTYLIST,110 COOP NATCCO,1,0.22 %
REGION VI,NEGROS OCCIDENTAL,CITY OF BACOLOD,TACULING,45010384,PARTYLIST,111 FRONTLINERS ANG BIDA,1,0.22 %
REGION VI,NEGROS OCCIDENTAL,CITY OF BACOLOD,TACULING,45010384,PARTYLIST,112 KASAMA,0,0.00 %
REGION VI,NEGROS OCCIDENTAL,CITY OF BACOLOD,TACULING,45010384,PARTYLIST,113 AKO BISDAK,0,0.00 %
REGION VI,NEGROS OCCIDENTAL,CITY OF BACOLOD,TACULING,45010384,PARTYLIST,114 GP PARTY,0,0.00 %
REGION VI,NEGROS OCCIDENTAL,CITY OF BACOLOD,TACULING,45010384,PARTYLIST,115 BAHAY,1,0.22 %
REGION VI,NEGROS OCCIDENTAL,CITY OF BACOLOD,TACULING,45010384,PARTYLIST,116 MAGSASAKA,2,0.44 %
REGION VI,NEGROS OCCIDENTAL,CITY OF BACOLOD,TACULING,45010384,PARTYLIST,117 MARINO,3,0.66 %
REGION VI,NEGROS OCCIDENTAL,CITY OF BACOLOD,TACULING,45010384,PARTYLIST,118 UNITED FRONTLINERS,1,0.22 %
REGION VI,NEGROS OCCIDENTAL,CITY OF BACOLOD,TACULING,45010384,PARTYLIST,119 L.O.G.R.O. KUSINERO,0,0.00 %
REGION VI,NEGROS OCCIDENTAL,CITY OF BACOLOD,TACULING,45010384,PARTYLIST,120 BPO,0,0.00 %
REGION VI,NEGROS OCCIDENTAL,CITY OF BACOLOD,TACULING,45010384,PARTYLIST,121 ABANG LINGKOD,121,26.88 %
REGION VI,NEGROS OCCIDENTAL,CITY OF BACOLOD,TACULING,45010384,PARTYLIST,122 KUSUG TAUSUG,1,0.22 %
REGION VI,NEGROS OCCIDENTAL,CITY OF BACOLOD,TACULING,45010384,PARTYLIST,123 PLM,1,0.22 %
REGION VI,NEGROS OCCIDENTAL,CITY OF BACOLOD,TACULING,45010384,PARTYLIST,124 OK PARTYLIST,0,0.00 %
REGION VI,NEGROS OCCIDENTAL,CITY OF BACOLOD,TACULING,45010384,PARTYLIST,125 A TEACHER,0,0.00 %
REGION VI,NEGROS OCCIDENTAL,CITY OF BACOLOD,TACULING,45010384,PARTYLIST,126 PASADA-CC,0,0.00 %
REGION VI,NEGROS OCCIDENTAL,CITY OF BACOLOD,TACULING,45010384,PARTYLIST,127 OFW FAMILY,1,0.22 %
REGION VI,NEGROS OCCIDENTAL,CITY OF BACOLOD,TACULING,45010384,PARTYLIST,128 ANGKLA,7,1.55 %
REGION VI,NEGROS OCCIDENTAL,CITY OF BACOLOD,TACULING,45010384,PARTYLIST,129 COCOMAN,0,0.00 %
REGION VI,NEGROS OCCIDENTAL,CITY OF BACOLOD,TACULING,45010384,PARTYLIST,130 ACT AS ONE,2,0.44 %
REGION VI,NEGROS OCCIDENTAL,CITY OF BACOLOD,TACULING,45010384,PARTYLIST,131 AKO ILOCANO AKO,8,1.77 %
REGION VI,NEGROS OCCIDENTAL,CITY OF BACOLOD,TACULING,45010384,PARTYLIST,132 TRABAHO,0,0.00 %
REGION VI,NEGROS OCCIDENTAL,CITY OF BACOLOD,TACULING,45010384,PARTYLIST,133 PATROL,1,0.22 %
REGION VI,NEGROS OCCIDENTAL,CITY OF BACOLOD,TACULING,45010384,PARTYLIST,134 AKO PADAYON,0,0.00 %
REGION VI,NEGROS OCCIDENTAL,CITY OF BACOLOD,TACULING,45010384,PARTYLIST,135 ABONO,0,0.00 %
REGION VI,NEGROS OCCIDENTAL,CITY OF BACOLOD,TACULING,45010384,PARTYLIST,136 MANILA TEACHERS,1,0.22 %
REGION VI,NEGROS OCCIDENTAL,CITY OF BACOLOD,TACULING,45010384,PARTYLIST,137 KOOP-KAMPI,0,0.00 %
REGION VI,NEGROS OCCIDENTAL,CITY OF BACOLOD,TACULING,45010384,PARTYLIST,138 MAYPAGASA,1,0.22 %
REGION VI,NEGROS OCCIDENTAL,CITY OF BACOLOD,TACULING,45010384,PARTYLIST,139 PVAID,0,0.00 %
REGION VI,NEGROS OCCIDENTAL,CITY OF BACOLOD,TACULING,45010384,PARTYLIST,140 TUTOK TO WIN,5,1.11 %
REGION VI,NEGROS OCCIDENTAL,CITY OF BACOLOD,TACULING,45010384,PARTYLIST,141 BAYAN MUNA,5,1.11 %
REGION VI,NEGROS OCCIDENTAL,CITY OF BACOLOD,TACULING,45010384,PARTYLIST,142 API,0,0.00 %
REGION VI,NEGROS OCCIDENTAL,CITY OF BACOLOD,TACULING,45010384,PARTYLIST,143 ARTE,1,0.22 %
REGION VI,NEGROS OCCIDENTAL,CITY OF BACOLOD,TACULING,45010384,PARTYLIST,144 ASAP,0,0.00 %
REGION VI,NEGROS OCCIDENTAL,CITY OF BACOLOD,TACULING,45010384,PARTYLIST,145 BUNYOG,3,0.66 %
REGION VI,NEGROS OCCIDENTAL,CITY OF BACOLOD,TACULING,45010384,PARTYLIST,146 AKBAYAN,4,0.88 %
REGION VI,NEGROS OCCIDENTAL,CITY OF BACOLOD,TACULING,45010384,PARTYLIST,147 DAMAYAN,1,0.22 %
REGION VI,NEGROS OCCIDENTAL,CITY OF BACOLOD,TACULING,45010384,PARTYLIST,148 WIFI,0,0.00 %
REGION VI,NEGROS OCCIDENTAL,CITY OF BACOLOD,TACULING,45010384,PARTYLIST,149 CANCER PARTY LIST,2,0.44 %
REGION VI,NEGROS OCCIDENTAL,CITY OF BACOLOD,TACULING,45010384,PARTYLIST,150 1-ANG EDUKASYON,3,0.66 %
REGION VI,NEGROS OCCIDENTAL,CITY OF BACOLOD,TACULING,45010384,PARTYLIST,151 UFCC,0,0.00 %
REGION VI,NEGROS OCCIDENTAL,CITY OF BACOLOD,TACULING,45010384,PARTYLIST,152 AGRI,0,0.00 %
REGION VI,NEGROS OCCIDENTAL,CITY OF BACOLOD,TACULING,45010384,PARTYLIST,153 MAHARLIKA,0,0.00 %
REGION VI,NEGROS OCCIDENTAL,CITY OF BACOLOD,TACULING,45010384,PARTYLIST,154 ANAKPAWIS,1,0.22 %
REGION VI,NEGROS OCCIDENTAL,CITY OF BACOLOD,TACULING,45010384,PARTYLIST,155 1TAHANAN,0,0.00 %
REGION VI,NEGROS OCCIDENTAL,CITY OF BACOLOD,TACULING,45010384,PARTYLIST,156 TURISMO,0,0.00 %
REGION VI,NEGROS OCCIDENTAL,CITY OF BACOLOD,TACULING,45010384,PARTYLIST,157 APEC,1,0.22 %
REGION VI,NEGROS OCCIDENTAL,CITY OF BACOLOD,TACULING,45010384,PARTYLIST,158 SENIOR CITIZENS PARTYLIST,8,1.77 %
REGION VI,NEGROS OCCIDENTAL,CITY OF BACOLOD,TACULING,45010384,PARTYLIST,159 AASENSO,0,0.00 %
REGION VI,NEGROS OCCIDENTAL,CITY OF BACOLOD,TACULING,45010384,PARTYLIST,160 AMIN,0,0.00 %
REGION VI,NEGROS OCCIDENTAL,CITY OF BACOLOD,TACULING,45010384,PARTYLIST,161 1-PACMAN,2,0.44 %
REGION VI,NEGROS OCCIDENTAL,CITY OF BACOLOD,TACULING,45010384,PARTYLIST,162 ABB-NFCPI,0,0.00 %
REGION VI,NEGROS OCCIDENTAL,CITY OF BACOLOD,TACULING,45010384,PARTYLIST,163 AN WARAY,0,0.00 %
REGION VI,NEGROS OCCIDENTAL,CITY OF BACOLOD,TACULING,45010384,PARTYLIST,164 AP PARTYLIST,1,0.22 %
REGION VI,NEGROS OCCIDENTAL,CITY OF BACOLOD,TACULING,45010384,PARTYLIST,165 AKAP PINOY,1,0.22 %
REGION VI,NEGROS OCCIDENTAL,CITY OF BACOLOD,TACULING,45010384,PARTYLIST,166 BUHAY,0,0.00 %
REGION VI,NEGROS OCCIDENTAL,CITY OF BACOLOD,TACULING,45010384,PARTYLIST,167 ARISE,0,0.00 %
REGION VI,NEGROS OCCIDENTAL,CITY OF BACOLOD,TACULING,45010384,PARTYLIST,168 IWI,0,0.00 %
REGION VI,NEGROS OCCIDENTAL,CITY OF BACOLOD,TACULING,45010384,PARTYLIST,169 ANG TINIG NG SENIORS,2,0.44 %
REGION VI,NEGROS OCCIDENTAL,CITY OF BACOLOD,TACULING,45010384,PARTYLIST,170 LBP,0,0.00 %
REGION VI,NEGROS OCCIDENTAL,CITY OF BACOLOD,TACULING,45010384,PARTYLIST,171 IPEACE EPANAW,0,0.00 %
REGION VI,NEGROS OCCIDENTAL,CITY OF BACOLOD,TACULING,45010384,PARTYLIST,172 APAT-DAPAT,0,0.00 %
REGION VI,NEGROS OCCIDENTAL,CITY OF BACOLOD,TACULING,45010384,PARTYLIST,173 UMA ILONGGO,5,1.11 %
REGION VI,NEGROS OCCIDENTAL,CITY OF BACOLOD,TACULING,45010384,PARTYLIST,174 AYUDA,0,0.00 %
REGION VI,NEGROS OCCIDENTAL,CITY OF BACOLOD,TACULING,45010384,PARTYLIST,175 SAMBAYANAN,1,0.22 %
REGION VI,NEGROS OCCIDENTAL,CITY OF BACOLOD,TACULING,45010384,PARTYLIST,176 AKO BREEDER,1,0.22 %
REGION VI,NEGROS OCCIDENTAL,CITY OF BACOLOD,TACULING,45010384,PARTYLIST,177 FPJ,1,0.22 %
REGION VI,NEGROS OCCIDENTAL,CITY OF BACOLOD,TACULING,45010384,PARTYLIST,178 LIBRO,0,0.00 %
REGION VI,NEGROS OCCIDENTAL,CITY OF BACOLOD,TACULING,45010384,REP,Candidate,Votes,Percentage
REGION VI,NEGROS OCCIDENTAL,CITY OF BACOLOD,TACULING,45010384,REP,"ATAYDE, DAN (IND)",252,39.00 %
REGION VI,NEGROS OCCIDENTAL,CITY OF BACOLOD,TACULING,45010384,REP,"DAVID, WILLY (IND)",1,0.15 %
REGION VI,NEGROS OCCIDENTAL,CITY OF BACOLOD,TACULING,45010384,REP,"GASATAYA, GREG (NPC)",393,60.83 %
REGION VI,NEGROS OCCIDENTAL,CITY OF BACOLOD,TACULING,45010384,REP,"GUSTILO, ROMY (IND)",0,0.00 %
REGION VI,NEGROS OCCIDENTAL,CITY OF BACOLOD,TACULING,45010384,REP,"SAN MIGUEL, NONONG (PDDS)",0,0.00 %
REGION VI,NEGROS OCCIDENTAL,CITY OF BACOLOD,TACULING,45010384,MAYOR,Candidate,Votes,Percentage
REGION VI,NEGROS OCCIDENTAL,CITY OF BACOLOD,TACULING,45010384,MAYOR,"BENITEZ, ALBEE (PDPLBN)",343,51.42 %
REGION VI,NEGROS OCCIDENTAL,CITY OF BACOLOD,TACULING,45010384,MAYOR,"LEONARDIA, BING (NP)",324,48.57 %
REGION VI,NEGROS OCCIDENTAL,CITY OF BACOLOD,TACULING,45010384,VICE_MAYOR,Candidate,Votes,Percentage
REGION VI,NEGROS OCCIDENTAL,CITY OF BACOLOD,TACULING,45010384,VICE_MAYOR,"DISTRITO, CAESAR (PDPLBN)",221,34.47 %
REGION VI,NEGROS OCCIDENTAL,CITY OF BACOLOD,TACULING,45010384,VICE_MAYOR,"FAMILIARAN, EL CID (NP)",326,50.85 %
REGION VI,NEGROS OCCIDENTAL,CITY OF BACOLOD,TACULING,45010384,VICE_MAYOR,"GAMBOA, WILSON JR. (IND)",94,14.66 %
REGION VI,NEGROS OCCIDENTAL,CITY OF BACOLOD,TACULING,45010384,SP,Candidate,Votes,Percentage
REGION VI,NEGROS OCCIDENTAL,CITY OF BACOLOD,TACULING,45010384,SP,"ANG, EM (NP)",293,4.48 %
REGION VI,NEGROS OCCIDENTAL,CITY OF BACOLOD,TACULING,45010384,SP,"ARROYO, ALAN (IND)",35,0.53 %
REGION VI,NEGROS OCCIDENTAL,CITY OF BACOLOD,TACULING,45010384,SP,"AUJERO, JORGE THE WISE (IND)",11,0.16 %
REGION VI,NEGROS OCCIDENTAL,CITY OF BACOLOD,TACULING,45010384,SP,"BAIS, HOMER (PDPLBN)",206,3.15 %
REGION VI,NEGROS OCCIDENTAL,CITY OF BACOLOD,TACULING,45010384,SP,"BARIBAR, ARCHIE (PROMDI)",262,4.01 %
REGION VI,NEGROS OCCIDENTAL,CITY OF BACOLOD,TACULING,45010384,SP,"BELARIO, 007 (IND)",19,0.29 %
REGION VI,NEGROS OCCIDENTAL,CITY OF BACOLOD,TACULING,45010384,SP,"BELORIA, TOTO CESAR (IND)",65,0.99 %
REGION VI,NEGROS OCCIDENTAL,CITY OF BACOLOD,TACULING,45010384,SP,"CONTRERAS, LR (PRP)",17,0.26 %
REGION VI,NEGROS OCCIDENTAL,CITY OF BACOLOD,TACULING,45010384,SP,"DIAZ, JONATHAN JR. (NP)",150,2.29 %
REGION VI,NEGROS OCCIDENTAL,CITY OF BACOLOD,TACULING,45010384,SP,"DISTRITO, SIMPLE (PDPLBN)",232,3.55 %
REGION VI,NEGROS OCCIDENTAL,CITY OF BACOLOD,TACULING,45010384,SP,"ESPINO, AL (NPC)",271,4.14 %
REGION VI,NEGROS OCCIDENTAL,CITY OF BACOLOD,TACULING,45010384,SP,"FLOR, CELIA (IND)",268,4.10 %
REGION VI,NEGROS OCCIDENTAL,CITY OF BACOLOD,TACULING,45010384,SP,"GICO, VIC (IND)",18,0.27 %
REGION VI,NEGROS OCCIDENTAL,CITY OF BACOLOD,TACULING,45010384,SP,"GONZALEZ, VLADI (PDPLBN)",257,3.93 %
REGION VI,NEGROS OCCIDENTAL,CITY OF BACOLOD,TACULING,45010384,SP,"GUILLEM, ED (NP)",208,3.18 %
REGION VI,NEGROS OCCIDENTAL,CITY OF BACOLOD,TACULING,45010384,SP,"HERMOSURA, BONG (IND)",33,0.50 %
REGION VI,NEGROS OCCIDENTAL,CITY OF BACOLOD,TACULING,45010384,SP,"JAUOD, JIFFY (IND)",18,0.27 %
REGION VI,NEGROS OCCIDENTAL,CITY OF BACOLOD,TACULING,45010384,SP,"LACSON, PATRICK (PDPLBN)",225,3.44 %
REGION VI,NEGROS OCCIDENTAL,CITY OF BACOLOD,TACULING,45010384,SP,"LOPEZ, CARL (NP)",195,2.98 %
REGION VI,NEGROS OCCIDENTAL,CITY OF BACOLOD,TACULING,45010384,SP,"MAYO, MARK STEVEN (NPC)",75,1.14 %
REGION VI,NEGROS OCCIDENTAL,CITY OF BACOLOD,TACULING,45010384,SP,"MONTALVO, CASH (NP)",208,3.18 %
REGION VI,NEGROS OCCIDENTAL,CITY OF BACOLOD,TACULING,45010384,SP,"NACIONALES, FERMIN (IND)",19,0.29 %
REGION VI,NEGROS OCCIDENTAL,CITY OF BACOLOD,TACULING,45010384,SP,"NOVERO, RENECITO (NP)",309,4.72 %
REGION VI,NEGROS OCCIDENTAL,CITY OF BACOLOD,TACULING,45010384,SP,"OROLA, BART (PDPLBN)",249,3.81 %
REGION VI,NEGROS OCCIDENTAL,CITY OF BACOLOD,TACULING,45010384,SP,"PADIOS, EDUARDO (PPM)",47,0.71 %
REGION VI,NEGROS OCCIDENTAL,CITY OF BACOLOD,TACULING,45010384,SP,"PUENTEVELLA, KALAW (PROMDI)",265,4.05 %
REGION VI,NEGROS OCCIDENTAL,CITY OF BACOLOD,TACULING,45010384,SP,"RAMOS, DINDO (NP)",251,3.84 %
REGION VI,NEGROS OCCIDENTAL,CITY OF BACOLOD,TACULING,45010384,SP,"ROJAS, CINDY (NP)",319,4.88 %
REGION VI,NEGROS OCCIDENTAL,CITY OF BACOLOD,TACULING,45010384,SP,"SALANGA, ISRAEL (NP)",334,5.11 %
REGION VI,NEGROS OCCIDENTAL,CITY OF BACOLOD,TACULING,45010384,SP,"SAYSON, THADDY (PDPLBN)",294,4.50 %
REGION VI,NEGROS OCCIDENTAL,CITY OF BACOLOD,TACULING,45010384,SP,"SOLIDUM, MARLON (NPC)",222,3.39 %
REGION VI,NEGROS OCCIDENTAL,CITY OF BACOLOD,TACULING,45010384,SP,"SORONGON, CHRIS (NP)",227,3.47 %
REGION VI,NEGROS OCCIDENTAL,CITY OF BACOLOD,TACULING,45010384,SP,"SY, PAO (NPC)",220,3.36 %
REGION VI,NEGROS OCCIDENTAL,CITY OF BACOLOD,TACULING,45010384,SP,"TAN, CANO GWAPO (AKSYON)",134,2.05 %
REGION VI,NEGROS OCCIDENTAL,CITY OF BACOLOD,TACULING,45010384,SP,"VERDEFLOR, SONYA (UNEGA)",245,3.75 %
REGION VI,NEGROS OCCIDENTAL,CITY OF BACOLOD,TACULING,45010384,SP,"VILLAFUERTE, RICO (IND)",52,0.79 %
REGION VI,NEGROS OCCIDENTAL,CITY OF BACOLOD,TACULING,45010384,SP,"VILLAROSA, JASON (LAKAS)",257,3.93 %
REGION VI,NEGROS OCCIDENTAL,CITY OF BACOLOD,TACULING,45010384,SP,"WEBER, CHRISTIAN (IND)",23,0.35 %
region,province,city,barangay,precinct,position,candidate,votes,percentage
REGION VI,NEGROS OCCIDENTAL,CITY OF BACOLOD,TACULING,45010385,PRESIDENT,Candidate,Votes,Percentage
REGION VI,NEGROS OCCIDENTAL,CITY OF BACOLOD,TACULING,45010385,PRESIDENT,"ABELLA, ERNIE (IND)",0,0.00 %
REGION VI,NEGROS OCCIDENTAL,CITY OF BACOLOD,TACULING,45010385,PRESIDENT,"DE GUZMAN, LEODY (PLM)",4,0.59 %
REGION VI,NEGROS OCCIDENTAL,CITY OF BACOLOD,TACULING,45010385,PRESIDENT,"DOMAGOSO, ISKO MORENO (AKSYON)",56,8.30 %
REGION VI,NEGROS OCCIDENTAL,CITY OF BACOLOD,TACULING,45010385,PRESIDENT,"GONZALES, NORBERTO (PDSP)",4,0.59 %
REGION VI,NEGROS OCCIDENTAL,CITY OF BACOLOD,TACULING,45010385,PRESIDENT,"LACSON, PING (PDR)",16,2.37 %
REGION VI,NEGROS OCCIDENTAL,CITY OF BACOLOD,TACULING,45010385,PRESIDENT,"MANGONDATO, FAISAL (KTPNAN)",0,0.00 %
REGION VI,NEGROS OCCIDENTAL,CITY OF BACOLOD,TACULING,45010385,PRESIDENT,"MARCOS, BONGBONG (PFP)",276,40.94 %
REGION VI,NEGROS OCCIDENTAL,CITY OF BACOLOD,TACULING,45010385,PRESIDENT,"MONTEMAYOR, JOSE JR. (DPP)",1,0.14 %
REGION VI,NEGROS OCCIDENTAL,CITY OF BACOLOD,TACULING,45010385,PRESIDENT,"PACQUIAO, MANNY PACMAN(PROMDI)",45,6.67 %
REGION VI,NEGROS OCCIDENTAL,CITY OF BACOLOD,TACULING,45010385,PRESIDENT,"ROBREDO, LENI (IND)",272,40.35 %
REGION VI,NEGROS OCCIDENTAL,CITY OF BACOLOD,TACULING,45010385,VICE_PRESIDENT,Candidate,Votes,Percentage
REGION VI,NEGROS OCCIDENTAL,CITY OF BACOLOD,TACULING,45010385,VICE_PRESIDENT,"ATIENZA, LITO (PROMDI)",8,1.21 %
REGION VI,NEGROS OCCIDENTAL,CITY OF BACOLOD,TACULING,45010385,VICE_PRESIDENT,"BELLO, WALDEN (PLM)",4,0.60 %
REGION VI,NEGROS OCCIDENTAL,CITY OF BACOLOD,TACULING,45010385,VICE_PRESIDENT,"DAVID, RIZALITO (DPP)",0,0.00 %
REGION VI,NEGROS OCCIDENTAL,CITY OF BACOLOD,TACULING,45010385,VICE_PRESIDENT,"DUTERTE, SARA (LAKAS)",291,44.09 %
REGION VI,NEGROS OCCIDENTAL,CITY OF BACOLOD,TACULING,45010385,VICE_PRESIDENT,"LOPEZ, MANNY SD (WPP)",1,0.15 %
REGION VI,NEGROS OCCIDENTAL,CITY OF BACOLOD,TACULING,45010385,VICE_PRESIDENT,"ONG, DOC WILLIE (AKSYON)",34,5.15 %
REGION VI,NEGROS OCCIDENTAL,CITY OF BACOLOD,TACULING,45010385,VICE_PRESIDENT,"PANGILINAN, KIKO (LP)",190,28.78 %
REGION VI,NEGROS OCCIDENTAL,CITY OF BACOLOD,TACULING,45010385,VICE_PRESIDENT,"SERAPIO, CARLOS (KTPNAN)",1,0.15 %
REGION VI,NEGROS OCCIDENTAL,CITY OF BACOLOD,TACULING,45010385,VICE_PRESIDENT,"SOTTO, VICENTE TITO (NPC)",131,19.84 %
REGION VI,NEGROS OCCIDENTAL,CITY OF BACOLOD,TACULING,45010385,SENATOR,Candidate,Votes,Percentage
REGION VI,NEGROS OCCIDENTAL,CITY OF BACOLOD,TACULING,45010385,SENATOR,"AFUANG, ABNER (IND)",16,0.26 %
REGION VI,NEGROS OCCIDENTAL,CITY OF BACOLOD,TACULING,45010385,SENATOR,"ALBANI, IBRAHIM (WPP)",16,0.26 %
REGION VI,NEGROS OCCIDENTAL,CITY OF BACOLOD,TACULING,45010385,SENATOR,"ARRANZA, MANG JESS (IND)",9,0.14 %
REGION VI,NEGROS OCCIDENTAL,CITY OF BACOLOD,TACULING,45010385,SENATOR,"BAGUILAT, TEDDY (LP)",91,1.49 %
REGION VI,NEGROS OCCIDENTAL,CITY OF BACOLOD,TACULING,45010385,SENATOR,"BAILEN, AGNES (IND)",8,0.13 %
REGION VI,NEGROS OCCIDENTAL,CITY OF BACOLOD,TACULING,45010385,SENATOR,"BALITA, CARL (AKSYON)",44,0.72 %
REGION VI,NEGROS OCCIDENTAL,CITY OF BACOLOD,TACULING,45010385,SENATOR,"BARBO, LUTZ (PDPLBN)",13,0.21 %
REGION VI,NEGROS OCCIDENTAL,CITY OF BACOLOD,TACULING,45010385,SENATOR,"BAUTISTA, HERBERT BISTEK (NPC)",158,2.59 %
REGION VI,NEGROS OCCIDENTAL,CITY OF BACOLOD,TACULING,45010385,SENATOR,"BELGICA, GRECO (PDDS)",19,0.31 %
REGION VI,NEGROS OCCIDENTAL,CITY OF BACOLOD,TACULING,45010385,SENATOR,"BELLO, SILVESTRE JR. (PDPLBN)",24,0.39 %
REGION VI,NEGROS OCCIDENTAL,CITY OF BACOLOD,TACULING,45010385,SENATOR,"BINAY, JOJO (UNA)",137,2.24 %
REGION VI,NEGROS OCCIDENTAL,CITY OF BACOLOD,TACULING,45010385,SENATOR,"CABONEGRO, ROY (PLM)",19,0.31 %
REGION VI,NEGROS OCCIDENTAL,CITY OF BACOLOD,TACULING,45010385,SENATOR,"CASTRICIONES, BRO JOHN(PDPLBN)",12,0.19 %
REGION VI,NEGROS OCCIDENTAL,CITY OF BACOLOD,TACULING,45010385,SENATOR,"CAYETANO, ALAN PETER (IND)",248,4.06 %
REGION VI,NEGROS OCCIDENTAL,CITY OF BACOLOD,TACULING,45010385,SENATOR,"CHAVEZ, MELCHOR (WPP)",18,0.29 %
REGION VI,NEGROS OCCIDENTAL,CITY OF BACOLOD,TACULING,45010385,SENATOR,"COLMENARES, NERI (MKBYN)",211,3.45 %
REGION VI,NEGROS OCCIDENTAL,CITY OF BACOLOD,TACULING,45010385,SENATOR,"D'ANGELO, DAVID (PLM)",14,0.22 %
REGION VI,NEGROS OCCIDENTAL,CITY OF BACOLOD,TACULING,45010385,SENATOR,"DE LIMA, LEILA (LP)",173,2.83 %
REGION VI,NEGROS OCCIDENTAL,CITY OF BACOLOD,TACULING,45010385,SENATOR,"DEL ROSARIO, MONSOUR (PDR)",72,1.18 %
REGION VI,NEGROS OCCIDENTAL,CITY OF BACOLOD,TACULING,45010385,SENATOR,"DIAZ, DING (PPP)",10,0.16 %
REGION VI,NEGROS OCCIDENTAL,CITY OF BACOLOD,TACULING,45010385,SENATOR,"DIOKNO, CHEL (KANP)",221,3.62 %
REGION VI,NEGROS OCCIDENTAL,CITY OF BACOLOD,TACULING,45010385,SENATOR,"EJERCITO, JV ESTRADA (NPC)",159,2.60 %
REGION VI,NEGROS OCCIDENTAL,CITY OF BACOLOD,TACULING,45010385,SENATOR,"ELEAZAR, GEN. GUILLERMO (PDR)",152,2.49 %
REGION VI,NEGROS OCCIDENTAL,CITY OF BACOLOD,TACULING,45010385,SENATOR,"EREÑO, BRO. ERNIE (PM)",8,0.13 %
REGION VI,NEGROS OCCIDENTAL,CITY OF BACOLOD,TACULING,45010385,SENATOR,"ESCUDERO, CHIZ (NPC)",292,4.78 %
REGION VI,NEGROS OCCIDENTAL,CITY OF BACOLOD,TACULING,45010385,SENATOR,"ESPIRITU, LUKE (PLM)",113,1.85 %
REGION VI,NEGROS OCCIDENTAL,CITY OF BACOLOD,TACULING,45010385,SENATOR,"ESTRADA, JINGGOY (PMP)",108,1.77 %
REGION VI,NEGROS OCCIDENTAL,CITY OF BACOLOD,TACULING,45010385,SENATOR,"FALCONE, BAL FALCON (DPP)",7,0.11 %
REGION VI,NEGROS OCCIDENTAL,CITY OF BACOLOD,TACULING,45010385,SENATOR,"GADON, LARRY (KBL)",104,1.70 %
REGION VI,NEGROS OCCIDENTAL,CITY OF BACOLOD,TACULING,45010385,SENATOR,"GATCHALIAN, WIN (NPC)",224,3.67 %
REGION VI,NEGROS OCCIDENTAL,CITY OF BACOLOD,TACULING,45010385,SENATOR,"GORDON, WOW DICK (BVNP)",186,3.04 %
REGION VI,NEGROS OCCIDENTAL,CITY OF BACOLOD,TACULING,45010385,SENATOR,"GUTOC, SAMIRA (AKSYON)",27,0.44 %
REGION VI,NEGROS OCCIDENTAL,CITY OF BACOLOD,TACULING,45010385,SENATOR,"HONASAN, GRINGO (IND)",118,1.93 %
REGION VI,NEGROS OCCIDENTAL,CITY OF BACOLOD,TACULING,45010385,SENATOR,"HONTIVEROS, RISA (AKBAYAN)",298,4.88 %
REGION VI,NEGROS OCCIDENTAL,CITY OF BACOLOD,TACULING,45010385,SENATOR,"JAVELLANA, RJ (IND)",17,0.27 %
REGION VI,NEGROS OCCIDENTAL,CITY OF BACOLOD,TACULING,45010385,SENATOR,"KIRAM, NUR-MAHAL (IND)",14,0.22 %
REGION VI,NEGROS OCCIDENTAL,CITY OF BACOLOD,TACULING,45010385,SENATOR,"LABOG, ELMER (MKBYN)",27,0.44 %
REGION VI,NEGROS OCCIDENTAL,CITY OF BACOLOD,TACULING,45010385,SENATOR,"LACSON, KUYA ALEX (KP)",160,2.62 %
REGION VI,NEGROS OCCIDENTAL,CITY OF BACOLOD,TACULING,45010385,SENATOR,"LANGIT, REY (PDPLBN)",19,0.31 %
REGION VI,NEGROS OCCIDENTAL,CITY OF BACOLOD,TACULING,45010385,SENATOR,"LEGARDA, LOREN (NPC)",302,4.95 %
REGION VI,NEGROS OCCIDENTAL,CITY OF BACOLOD,TACULING,45010385,SENATOR,"LIM, ARIEL (IND)",4,0.06 %
REGION VI,NEGROS OCCIDENTAL,CITY OF BACOLOD,TACULING,45010385,SENATOR,"MALLILLIN, EMILY (PPM)",6,0.09 %
REGION VI,NEGROS OCCIDENTAL,CITY OF BACOLOD,TACULING,45010385,SENATOR,"MARCOLETA, RODANTE (PDPLBN)",34,0.55 %
REGION VI,NEGROS OCCIDENTAL,CITY OF BACOLOD,TACULING,45010385,SENATOR,"MARCOS, FRANCIS LEO (IND)",51,0.83 %
REGION VI,NEGROS OCCIDENTAL,CITY OF BACOLOD,TACULING,45010385,SENATOR,"MATULA, SONNY (IND)",82,1.34 %
REGION VI,NEGROS OCCIDENTAL,CITY OF BACOLOD,TACULING,45010385,SENATOR,"MINDALANO-ADAM,MARIETA(KTPNAN)",4,0.06 %
REGION VI,NEGROS OCCIDENTAL,CITY OF BACOLOD,TACULING,45010385,SENATOR,"OLARTE, ATTY/DR. LEO (BIGKIS)",14,0.22 %
REGION VI,NEGROS OCCIDENTAL,CITY OF BACOLOD,TACULING,45010385,SENATOR,"PADILLA, DRA. MINGUITA (PDR)",59,0.96 %
REGION VI,NEGROS OCCIDENTAL,CITY OF BACOLOD,TACULING,45010385,SENATOR,"PADILLA, ROBIN (PDPLBN)",228,3.73 %
REGION VI,NEGROS OCCIDENTAL,CITY OF BACOLOD,TACULING,45010385,SENATOR,"PANELO, SAL PANALO (PDPLBN)",60,0.98 %
REGION VI,NEGROS OCCIDENTAL,CITY OF BACOLOD,TACULING,45010385,SENATOR,"PIMENTEL, ASTRA (PDPLBN)",51,0.83 %
REGION VI,NEGROS OCCIDENTAL,CITY OF BACOLOD,TACULING,45010385,SENATOR,"PIÑOL, MANNY (NPC)",31,0.50 %
REGION VI,NEGROS OCCIDENTAL,CITY OF BACOLOD,TACULING,45010385,SENATOR,"RICABLANCA, WILLIE JR. (PM)",6,0.09 %
REGION VI,NEGROS OCCIDENTAL,CITY OF BACOLOD,TACULING,45010385,SENATOR,"ROQUE, HARRY SPOX (PRP)",99,1.62 %
REGION VI,NEGROS OCCIDENTAL,CITY OF BACOLOD,TACULING,45010385,SENATOR,"SAHIDULLA, LADY ANNE (PDDS)",6,0.09 %
REGION VI,NEGROS OCCIDENTAL,CITY OF BACOLOD,TACULING,45010385,SENATOR,"SISON, JOPET (AKSYON)",25,0.40 %
REGION VI,NEGROS OCCIDENTAL,CITY OF BACOLOD,TACULING,45010385,SENATOR,"TEODORO, GIBO (PRP)",219,3.59 %
REGION VI,NEGROS OCCIDENTAL,CITY OF BACOLOD,TACULING,45010385,SENATOR,"TRILLANES, ANTONIO IV (LP)",192,3.14 %
REGION VI,NEGROS OCCIDENTAL,CITY OF BACOLOD,TACULING,45010385,SENATOR,"TULFO, IDOL RAFFY (IND)",327,5.36 %
REGION VI,NEGROS OCCIDENTAL,CITY OF BACOLOD,TACULING,45010385,SENATOR,"VALEROS, REY (IND)",5,0.08 %
REGION VI,NEGROS OCCIDENTAL,CITY OF BACOLOD,TACULING,45010385,SENATOR,"VILLANUEVA,JOEL TESDAMAN (IND)",218,3.57 %
REGION VI,NEGROS OCCIDENTAL,CITY OF BACOLOD,TACULING,45010385,SENATOR,"VILLAR, MARK (NP)",187,3.06 %
REGION VI,NEGROS OCCIDENTAL,CITY OF BACOLOD,TACULING,45010385,SENATOR,"ZUBIAGA, CARMEN (IND)",29,0.47 %
REGION VI,NEGROS OCCIDENTAL,CITY OF BACOLOD,TACULING,45010385,SENATOR,"ZUBIRI, MIGZ (IND)",294,4.82 %
REGION VI,NEGROS OCCIDENTAL,CITY OF BACOLOD,TACULING,45010385,PARTYLIST,Candidate,Votes,Percentage
REGION VI,NEGROS OCCIDENTAL,CITY OF BACOLOD,TACULING,45010385,PARTYLIST,01 KAMALAYAN,0,0.00 %
REGION VI,NEGROS OCCIDENTAL,CITY OF BACOLOD,TACULING,45010385,PARTYLIST,02 KM NGAYON NA,0,0.00 %
REGION VI,NEGROS OCCIDENTAL,CITY OF BACOLOD,TACULING,45010385,PARTYLIST,03 PSIS,3,0.58 %
REGION VI,NEGROS OCCIDENTAL,CITY OF BACOLOD,TACULING,45010385,PARTYLIST,04 AGAP,1,0.19 %
REGION VI,NEGROS OCCIDENTAL,CITY OF BACOLOD,TACULING,45010385,PARTYLIST,05 KABAYAN,5,0.97 %
REGION VI,NEGROS OCCIDENTAL,CITY OF BACOLOD,TACULING,45010385,PARTYLIST,06 HOME OWNER,1,0.19 %
REGION VI,NEGROS OCCIDENTAL,CITY OF BACOLOD,TACULING,45010385,PARTYLIST,07 KAPUSO-PM,1,0.19 %
REGION VI,NEGROS OCCIDENTAL,CITY OF BACOLOD,TACULING,45010385,PARTYLIST,08 PDP CARES,0,0.00 %
REGION VI,NEGROS OCCIDENTAL,CITY OF BACOLOD,TACULING,45010385,PARTYLIST,09 MARVELOUS TAYO,0,0.00 %
REGION VI,NEGROS OCCIDENTAL,CITY OF BACOLOD,TACULING,45010385,PARTYLIST,10 AKO OFW,1,0.19 %
REGION VI,NEGROS OCCIDENTAL,CITY OF BACOLOD,TACULING,45010385,PARTYLIST,11 UNITED SENIOR CITIZEN,9,1.74 %
REGION VI,NEGROS OCCIDENTAL,CITY OF BACOLOD,TACULING,45010385,PARTYLIST,12 WOW PILIPINAS,0,0.00 %
REGION VI,NEGROS OCCIDENTAL,CITY OF BACOLOD,TACULING,45010385,PARTYLIST,13 ALTERNATIBA,1,0.19 %
REGION VI,NEGROS OCCIDENTAL,CITY OF BACOLOD,TACULING,45010385,PARTYLIST,14 1-RIDER PARTYLIST,9,1.74 %
REGION VI,NEGROS OCCIDENTAL,CITY OF BACOLOD,TACULING,45010385,PARTYLIST,15 1-CARE,0,0.00 %
REGION VI,NEGROS OCCIDENTAL,CITY OF BACOLOD,TACULING,45010385,PARTYLIST,16 ABP,0,0.00 %
REGION VI,NEGROS OCCIDENTAL,CITY OF BACOLOD,TACULING,45010385,PARTYLIST,17 AKO MUSIKERO,0,0.00 %
REGION VI,NEGROS OCCIDENTAL,CITY OF BACOLOD,TACULING,45010385,PARTYLIST,18 AKO BICOL,1,0.19 %
REGION VI,NEGROS OCCIDENTAL,CITY OF BACOLOD,TACULING,45010385,PARTYLIST,19 PRAI,0,0.00 %
REGION VI,NEGROS OCCIDENTAL,CITY OF BACOLOD,TACULING,45010385,PARTYLIST,20 4PS,1,0.19 %
REGION VI,NEGROS OCCIDENTAL,CITY OF BACOLOD,TACULING,45010385,PARTYLIST,21 MAAGAP,0,0.00 %
REGION VI,NEGROS OCCIDENTAL,CITY OF BACOLOD,TACULING,45010385,PARTYLIST,22 ABANTE PILIPINAS,2,0.38 %
REGION VI,NEGROS OCCIDENTAL,CITY OF BACOLOD,TACULING,45010385,PARTYLIST,23 AKTIBONG KAAGAPAY,0,0.00 %
REGION VI,NEGROS OCCIDENTAL,CITY OF BACOLOD,TACULING,45010385,PARTYLIST,24 ALSA BISAYA,0,0.00 %
REGION VI,NEGROS OCCIDENTAL,CITY OF BACOLOD,TACULING,45010385,PARTYLIST,25 PROBINSYANO AKO,3,0.58 %
REGION VI,NEGROS OCCIDENTAL,CITY OF BACOLOD,TACULING,45010385,PARTYLIST,26 YACAP,2,0.38 %
REGION VI,NEGROS OCCIDENTAL,CITY OF BACOLOD,TACULING,45010385,PARTYLIST,27 MAGDALO,1,0.19 %
REGION VI,NEGROS OCCIDENTAL,CITY OF BACOLOD,TACULING,45010385,PARTYLIST,28 ACT-CIS,14,2.71 %
REGION VI,NEGROS OCCIDENTAL,CITY OF BACOLOD,TACULING,45010385,PARTYLIST,29 HUGPONG FEDERAL,1,0.19 %
REGION VI,NEGROS OCCIDENTAL,CITY OF BACOLOD,TACULING,45010385,PARTYLIST,30 TGP,0,0.00 %
REGION VI,NEGROS OCCIDENTAL,CITY OF BACOLOD,TACULING,45010385,PARTYLIST,31 ONE COOP,0,0.00 %
REGION VI,NEGROS OCCIDENTAL,CITY OF BACOLOD,TACULING,45010385,PARTYLIST,32 BARKADAHAN,0,0.00 %
REGION VI,NEGROS OCCIDENTAL,CITY OF BACOLOD,TACULING,45010385,PARTYLIST,33 DUMPER PTDA,1,0.19 %
REGION VI,NEGROS OCCIDENTAL,CITY OF BACOLOD,TACULING,45010385,PARTYLIST,34 MALABUNG,1,0.19 %
REGION VI,NEGROS OCCIDENTAL,CITY OF BACOLOD,TACULING,45010385,PARTYLIST,35 BH (BAGONG HENERASYON),0,0.00 %
REGION VI,NEGROS OCCIDENTAL,CITY OF BACOLOD,TACULING,45010385,PARTYLIST,36 AKMA-PTM,0,0.00 %
REGION VI,NEGROS OCCIDENTAL,CITY OF BACOLOD,TACULING,45010385,PARTYLIST,37 IPATUPAD,3,0.58 %
REGION VI,NEGROS OCCIDENTAL,CITY OF BACOLOD,TACULING,45010385,PARTYLIST,38 PINUNO,0,0.00 %
REGION VI,NEGROS OCCIDENTAL,CITY OF BACOLOD,TACULING,45010385,PARTYLIST,39 LPGMA,0,0.00 %
REGION VI,NEGROS OCCIDENTAL,CITY OF BACOLOD,TACULING,45010385,PARTYLIST,40 CLICK PARTY,0,0.00 %
REGION VI,NEGROS OCCIDENTAL,CITY OF BACOLOD,TACULING,45010385,PARTYLIST,41 TODA,0,0.00 %
REGION VI,NEGROS OCCIDENTAL,CITY OF BACOLOD,TACULING,45010385,PARTYLIST,42 BHW,0,0.00 %
REGION VI,NEGROS OCCIDENTAL,CITY OF BACOLOD,TACULING,45010385,PARTYLIST,43 MALASAKIT@BAYANIHAN,94,18.25 %
REGION VI,NEGROS OCCIDENTAL,CITY OF BACOLOD,TACULING,45010385,PARTYLIST,44 ABS,0,0.00 %
REGION VI,NEGROS OCCIDENTAL,CITY OF BACOLOD,TACULING,45010385,PARTYLIST,45 PASAHERO PARTYLIST,0,0.00 %
REGION VI,NEGROS OCCIDENTAL,CITY OF BACOLOD,TACULING,45010385,PARTYLIST,46 ANGAT,1,0.19 %
REGION VI,NEGROS OCCIDENTAL,CITY OF BACOLOD,TACULING,45010385,PARTYLIST,47 SOLID-CHANGE,0,0.00 %
REGION VI,NEGROS OCCIDENTAL,CITY OF BACOLOD,TACULING,45010385,PARTYLIST,48 BICOL SARO,1,0.19 %
REGION VI,NEGROS OCCIDENTAL,CITY OF BACOLOD,TACULING,45010385,PARTYLIST,49 OFW,3,0.58 %
REGION VI,NEGROS OCCIDENTAL,CITY OF BACOLOD,TACULING,45010385,PARTYLIST,50 ANG PROBINSIYANO,4,0.77 %
REGION VI,NEGROS OCCIDENTAL,CITY OF BACOLOD,TACULING,45010385,PARTYLIST,51 ANAKALUSUGAN,0,0.00 %
REGION VI,NEGROS OCCIDENTAL,CITY OF BACOLOD,TACULING,45010385,PARTYLIST,52 PBA,1,0.19 %
REGION VI,NEGROS OCCIDENTAL,CITY OF BACOLOD,TACULING,45010385,PARTYLIST,53 PEACE,19,3.68 %
REGION VI,NEGROS OCCIDENTAL,CITY OF BACOLOD,TACULING,45010385,PARTYLIST,54 P3PWD,22,4.27 %
REGION VI,NEGROS OCCIDENTAL,CITY OF BACOLOD,TACULING,45010385,PARTYLIST,55 S.M.I.L.E,1,0.19 %
REGION VI,NEGROS OCCIDENTAL,CITY OF BACOLOD,TACULING,45010385,PARTYLIST,56 AAMBIS-OWA,0,0.00 %
REGION VI,NEGROS OCCIDENTAL,CITY OF BACOLOD,TACULING,45010385,PARTYLIST,57 BUTIL,0,0.00 %
REGION VI,NEGROS OCCIDENTAL,CITY OF BACOLOD,TACULING,45010385,PARTYLIST,58 LUNAS,0,0.00 %
REGION VI,NEGROS OCCIDENTAL,CITY OF BACOLOD,TACULING,45010385,PARTYLIST,59 ANG KOMADRONA,0,0.00 %
REGION VI,NEGROS OCCIDENTAL,CITY OF BACOLOD,TACULING,45010385,PARTYLIST,60 KABAKA,0,0.00 %
REGION VI,NEGROS OCCIDENTAL,CITY OF BACOLOD,TACULING,45010385,PARTYLIST,61 SAGIP,1,0.19 %
REGION VI,NEGROS OCCIDENTAL,CITY OF BACOLOD,TACULING,45010385,PARTYLIST,62 ANG KABUHAYAN,1,0.19 %
REGION VI,NEGROS OCCIDENTAL,CITY OF BACOLOD,TACULING,45010385,PARTYLIST,63 AKO I.P.,0,0.00 %
REGION VI,NEGROS OCCIDENTAL,CITY OF BACOLOD,TACULING,45010385,PARTYLIST,64 PHILRECA,0,0.00 %
REGION VI,NEGROS OCCIDENTAL,CITY OF BACOLOD,TACULING,45010385,PARTYLIST,65 BABAE AKO,0,0.00 %
REGION VI,NEGROS OCCIDENTAL,CITY OF BACOLOD,TACULING,45010385,PARTYLIST,66 KB,0,0.00 %
REGION VI,NEGROS OCCIDENTAL,CITY OF BACOLOD,TACULING,45010385,PARTYLIST,67 GABRIELA,5,0.97 %
REGION VI,NEGROS OCCIDENTAL,CITY OF BACOLOD,TACULING,45010385,PARTYLIST,68 KALINGA,1,0.19 %
REGION VI,NEGROS OCCIDENTAL,CITY OF BACOLOD,TACULING,45010385,PARTYLIST,69 STL,0,0.00 %
REGION VI,NEGROS OCCIDENTAL,CITY OF BACOLOD,TACULING,45010385,PARTYLIST,70 RECOBODA,0,0.00 %
REGION VI,NEGROS OCCIDENTAL,CITY OF BACOLOD,TACULING,45010385,PARTYLIST,71 ANGAT PINOY,1,0.19 %
REGION VI,NEGROS OCCIDENTAL,CITY OF BACOLOD,TACULING,45010385,PARTYLIST,72 ANAC-IP,0,0.00 %
REGION VI,NEGROS OCCIDENTAL,CITY OF BACOLOD,TACULING,45010385,PARTYLIST,73 DIWA,0,0.00 %
REGION VI,NEGROS OCCIDENTAL,CITY OF BACOLOD,TACULING,45010385,PARTYLIST,74 ASENSO PINOY,4,0.77 %
REGION VI,NEGROS OCCIDENTAL,CITY OF BACOLOD,TACULING,45010385,PARTYLIST,75 PPP,0,0.00 %
REGION VI,NEGROS OCCIDENTAL,CITY OF BACOLOD,TACULING,45010385,PARTYLIST,76 PAMILYA MUNA,0,0.00 %
REGION VI,NEGROS OCCIDENTAL,CITY OF BACOLOD,TACULING,45010385,PARTYLIST,77 AYUDA SANDUGO,0,0.00 %
REGION VI,NEGROS OCCIDENTAL,CITY OF BACOLOD,TACULING,45010385,PARTYLIST,78 BUKLOD FILIPINO,0,0.00 %
REGION VI,NEGROS OCCIDENTAL,CITY OF BACOLOD,TACULING,45010385,PARTYLIST,79 BTS,0,0.00 %
REGION VI,NEGROS OCCIDENTAL,CITY OF BACOLOD,TACULING,45010385,PARTYLIST,80 MOCHA,0,0.00 %
REGION VI,NEGROS OCCIDENTAL,CITY OF BACOLOD,TACULING,45010385,PARTYLIST,81 ACT TEACHERS,3,0.58 %
REGION VI,NEGROS OCCIDENTAL,CITY OF BACOLOD,TACULING,45010385,PARTYLIST,82 ALONA,0,0.00 %
REGION VI,NEGROS OCCIDENTAL,CITY OF BACOLOD,TACULING,45010385,PARTYLIST,83 KABALIKAT,0,0.00 %
REGION VI,NEGROS OCCIDENTAL,CITY OF BACOLOD,TACULING,45010385,PARTYLIST,84 ALIF,0,0.00 %
REGION VI,NEGROS OCCIDENTAL,CITY OF BACOLOD,TACULING,45010385,PARTYLIST,85 1-UTAP BICOL,0,0.00 %
REGION VI,NEGROS OCCIDENTAL,CITY OF BACOLOD,TACULING,45010385,PARTYLIST,86 TINGOG,5,0.97 %
REGION VI,NEGROS OCCIDENTAL,CITY OF BACOLOD,TACULING,45010385,PARTYLIST,87 H.E.L.P. PILIPINAS,0,0.00 %
REGION VI,NEGROS OCCIDENTAL,CITY OF BACOLOD,TACULING,45010385,PARTYLIST,88 TUCP,0,0.00 %
REGION VI,NEGROS OCCIDENTAL,CITY OF BACOLOD,TACULING,45010385,PARTYLIST,89 PTA,0,0.00 %
REGION VI,NEGROS OCCIDENTAL,CITY OF BACOLOD,TACULING,45010385,PARTYLIST,90 AGIMAT,1,0.19 %
REGION VI,NEGROS OCCIDENTAL,CITY OF BACOLOD,TACULING,45010385,PARTYLIST,91 KONTRA BROWNOUT,1,0.19 %
REGION VI,NEGROS OCCIDENTAL,CITY OF BACOLOD,TACULING,45010385,PARTYLIST,92 TULUNGAN TAYO,0,0.00 %
REGION VI,NEGROS OCCIDENTAL,CITY OF BACOLOD,TACULING,45010385,PARTYLIST,93 DUTERTE YOUTH,7,1.35 %
REGION VI,NEGROS OCCIDENTAL,CITY OF BACOLOD,TACULING,45010385,PARTYLIST,94 ABEKA,0,0.00 %
REGION VI,NEGROS OCCIDENTAL,CITY OF BACOLOD,TACULING,45010385,PARTYLIST,95 KABATAAN,7,1.35 %
REGION VI,NEGROS OCCIDENTAL,CITY OF BACOLOD,TACULING,45010385,PARTYLIST,97 ACTS-OFW,0,0.00 %
REGION VI,NEGROS OCCIDENTAL,CITY OF BACOLOD,TACULING,45010385,PARTYLIST,98 RAM,5,0.97 %
REGION VI,NEGROS OCCIDENTAL,CITY OF BACOLOD,TACULING,45010385,PARTYLIST,99 USWAG ILONGGO,20,3.88 %
REGION VI,NEGROS OCCIDENTAL,CITY OF BACOLOD,TACULING,45010385,PARTYLIST,100 AKO BISAYA,3,0.58 %
REGION VI,NEGROS OCCIDENTAL,CITY OF BACOLOD,TACULING,45010385,PARTYLIST,101 KAPAMILYA,0,0.00 %
REGION VI,NEGROS OCCIDENTAL,CITY OF BACOLOD,TACULING,45010385,PARTYLIST,102 PUSONG PINOY,0,0.00 %
REGION VI,NEGROS OCCIDENTAL,CITY OF BACOLOD,TACULING,45010385,PARTYLIST,103 CWS,0,0.00 %
REGION VI,NEGROS OCCIDENTAL,CITY OF BACOLOD,TACULING,45010385,PARTYLIST,104 SILBI,0,0.00 %
REGION VI,NEGROS OCCIDENTAL,CITY OF BACOLOD,TACULING,45010385,PARTYLIST,105 CIBAC,2,0.38 %
REGION VI,NEGROS OCCIDENTAL,CITY OF BACOLOD,TACULING,45010385,PARTYLIST,106 SUBANEN,0,0.00 %
REGION VI,NEGROS OCCIDENTAL,CITY OF BACOLOD,TACULING,45010385,PARTYLIST,107 AKKK,0,0.00 %
REGION VI,NEGROS OCCIDENTAL,CITY OF BACOLOD,TACULING,45010385,PARTYLIST,108 BG PARTY-LIST,0,0.00 %
REGION VI,NEGROS OCCIDENTAL,CITY OF BACOLOD,TACULING,45010385,PARTYLIST,109 PAMILYANG MAGSASAKA,0,0.00 %
REGION VI,NEGROS OCCIDENTAL,CITY OF BACOLOD,TACULING,45010385,PARTYLIST,110 COOP NATCCO,8,1.55 %
REGION VI,NEGROS OCCIDENTAL,CITY OF BACOLOD,TACULING,45010385,PARTYLIST,111 FRONTLINERS ANG BIDA,3,0.58 %
REGION VI,NEGROS OCCIDENTAL,CITY OF BACOLOD,TACULING,45010385,PARTYLIST,112 KASAMA,0,0.00 %
REGION VI,NEGROS OCCIDENTAL,CITY OF BACOLOD,TACULING,45010385,PARTYLIST,113 AKO BISDAK,1,0.19 %
REGION VI,NEGROS OCCIDENTAL,CITY OF BACOLOD,TACULING,45010385,PARTYLIST,114 GP PARTY,0,0.00 %
REGION VI,NEGROS OCCIDENTAL,CITY OF BACOLOD,TACULING,45010385,PARTYLIST,115 BAHAY,0,0.00 %
REGION VI,NEGROS OCCIDENTAL,CITY OF BACOLOD,TACULING,45010385,PARTYLIST,116 MAGSASAKA,5,0.97 %
REGION VI,NEGROS OCCIDENTAL,CITY OF BACOLOD,TACULING,45010385,PARTYLIST,117 MARINO,3,0.58 %
REGION VI,NEGROS OCCIDENTAL,CITY OF BACOLOD,TACULING,45010385,PARTYLIST,118 UNITED FRONTLINERS,0,0.00 %
REGION VI,NEGROS OCCIDENTAL,CITY OF BACOLOD,TACULING,45010385,PARTYLIST,119 L.O.G.R.O. KUSINERO,0,0.00 %
REGION VI,NEGROS OCCIDENTAL,CITY OF BACOLOD,TACULING,45010385,PARTYLIST,120 BPO,1,0.19 %
REGION VI,NEGROS OCCIDENTAL,CITY OF BACOLOD,TACULING,45010385,PARTYLIST,121 ABANG LINGKOD,133,25.82 %
REGION VI,NEGROS OCCIDENTAL,CITY OF BACOLOD,TACULING,45010385,PARTYLIST,122 KUSUG TAUSUG,0,0.00 %
REGION VI,NEGROS OCCIDENTAL,CITY OF BACOLOD,TACULING,45010385,PARTYLIST,123 PLM,3,0.58 %
REGION VI,NEGROS OCCIDENTAL,CITY OF BACOLOD,TACULING,45010385,PARTYLIST,124 OK PARTYLIST,0,0.00 %
REGION VI,NEGROS OCCIDENTAL,CITY OF BACOLOD,TACULING,45010385,PARTYLIST,125 A TEACHER,3,0.58 %
REGION VI,NEGROS OCCIDENTAL,CITY OF BACOLOD,TACULING,45010385,PARTYLIST,126 PASADA-CC,0,0.00 %
REGION VI,NEGROS OCCIDENTAL,CITY OF BACOLOD,TACULING,45010385,PARTYLIST,127 OFW FAMILY,0,0.00 %
REGION VI,NEGROS OCCIDENTAL,CITY OF BACOLOD,TACULING,45010385,PARTYLIST,128 ANGKLA,5,0.97 %
REGION VI,NEGROS OCCIDENTAL,CITY OF BACOLOD,TACULING,45010385,PARTYLIST,129 COCOMAN,0,0.00 %
REGION VI,NEGROS OCCIDENTAL,CITY OF BACOLOD,TACULING,45010385,PARTYLIST,130 ACT AS ONE,3,0.58 %
REGION VI,NEGROS OCCIDENTAL,CITY OF BACOLOD,TACULING,45010385,PARTYLIST,131 AKO ILOCANO AKO,11,2.13 %
REGION VI,NEGROS OCCIDENTAL,CITY OF BACOLOD,TACULING,45010385,PARTYLIST,132 TRABAHO,3,0.58 %
REGION VI,NEGROS OCCIDENTAL,CITY OF BACOLOD,TACULING,45010385,PARTYLIST,133 PATROL,0,0.00 %
REGION VI,NEGROS OCCIDENTAL,CITY OF BACOLOD,TACULING,45010385,PARTYLIST,134 AKO PADAYON,0,0.00 %
REGION VI,NEGROS OCCIDENTAL,CITY OF BACOLOD,TACULING,45010385,PARTYLIST,135 ABONO,0,0.00 %
REGION VI,NEGROS OCCIDENTAL,CITY OF BACOLOD,TACULING,45010385,PARTYLIST,136 MANILA TEACHERS,2,0.38 %
REGION VI,NEGROS OCCIDENTAL,CITY OF BACOLOD,TACULING,45010385,PARTYLIST,137 KOOP-KAMPI,1,0.19 %
REGION VI,NEGROS OCCIDENTAL,CITY OF BACOLOD,TACULING,45010385,PARTYLIST,138 MAYPAGASA,1,0.19 %
REGION VI,NEGROS OCCIDENTAL,CITY OF BACOLOD,TACULING,45010385,PARTYLIST,139 PVAID,0,0.00 %
REGION VI,NEGROS OCCIDENTAL,CITY OF BACOLOD,TACULING,45010385,PARTYLIST,140 TUTOK TO WIN,6,1.16 %
REGION VI,NEGROS OCCIDENTAL,CITY OF BACOLOD,TACULING,45010385,PARTYLIST,141 BAYAN MUNA,3,0.58 %
REGION VI,NEGROS OCCIDENTAL,CITY OF BACOLOD,TACULING,45010385,PARTYLIST,142 API,0,0.00 %
REGION VI,NEGROS OCCIDENTAL,CITY OF BACOLOD,TACULING,45010385,PARTYLIST,143 ARTE,0,0.00 %
REGION VI,NEGROS OCCIDENTAL,CITY OF BACOLOD,TACULING,45010385,PARTYLIST,144 ASAP,1,0.19 %
REGION VI,NEGROS OCCIDENTAL,CITY OF BACOLOD,TACULING,45010385,PARTYLIST,145 BUNYOG,0,0.00 %
REGION VI,NEGROS OCCIDENTAL,CITY OF BACOLOD,TACULING,45010385,PARTYLIST,146 AKBAYAN,1,0.19 %
REGION VI,NEGROS OCCIDENTAL,CITY OF BACOLOD,TACULING,45010385,PARTYLIST,147 DAMAYAN,0,0.00 %
REGION VI,NEGROS OCCIDENTAL,CITY OF BACOLOD,TACULING,45010385,PARTYLIST,148 WIFI,1,0.19 %
REGION VI,NEGROS OCCIDENTAL,CITY OF BACOLOD,TACULING,45010385,PARTYLIST,149 CANCER PARTY LIST,3,0.58 %
REGION VI,NEGROS OCCIDENTAL,CITY OF BACOLOD,TACULING,45010385,PARTYLIST,150 1-ANG EDUKASYON,1,0.19 %
REGION VI,NEGROS OCCIDENTAL,CITY OF BACOLOD,TACULING,45010385,PARTYLIST,151 UFCC,0,0.00 %
REGION VI,NEGROS OCCIDENTAL,CITY OF BACOLOD,TACULING,45010385,PARTYLIST,152 AGRI,1,0.19 %
REGION VI,NEGROS OCCIDENTAL,CITY OF BACOLOD,TACULING,45010385,PARTYLIST,153 MAHARLIKA,2,0.38 %
REGION VI,NEGROS OCCIDENTAL,CITY OF BACOLOD,TACULING,45010385,PARTYLIST,154 ANAKPAWIS,0,0.00 %
REGION VI,NEGROS OCCIDENTAL,CITY OF BACOLOD,TACULING,45010385,PARTYLIST,155 1TAHANAN,0,0.00 %
REGION VI,NEGROS OCCIDENTAL,CITY OF BACOLOD,TACULING,45010385,PARTYLIST,156 TURISMO,0,0.00 %
REGION VI,NEGROS OCCIDENTAL,CITY OF BACOLOD,TACULING,45010385,PARTYLIST,157 APEC,0,0.00 %
REGION VI,NEGROS OCCIDENTAL,CITY OF BACOLOD,TACULING,45010385,PARTYLIST,158 SENIOR CITIZENS PARTYLIST,13,2.52 %
REGION VI,NEGROS OCCIDENTAL,CITY OF BACOLOD,TACULING,45010385,PARTYLIST,159 AASENSO,0,0.00 %
REGION VI,NEGROS OCCIDENTAL,CITY OF BACOLOD,TACULING,45010385,PARTYLIST,160 AMIN,0,0.00 %
REGION VI,NEGROS OCCIDENTAL,CITY OF BACOLOD,TACULING,45010385,PARTYLIST,161 1-PACMAN,2,0.38 %
REGION VI,NEGROS OCCIDENTAL,CITY OF BACOLOD,TACULING,45010385,PARTYLIST,162 ABB-NFCPI,0,0.00 %
REGION VI,NEGROS OCCIDENTAL,CITY OF BACOLOD,TACULING,45010385,PARTYLIST,163 AN WARAY,0,0.00 %
REGION VI,NEGROS OCCIDENTAL,CITY OF BACOLOD,TACULING,45010385,PARTYLIST,164 AP PARTYLIST,2,0.38 %
REGION VI,NEGROS OCCIDENTAL,CITY OF BACOLOD,TACULING,45010385,PARTYLIST,165 AKAP PINOY,1,0.19 %
REGION VI,NEGROS OCCIDENTAL,CITY OF BACOLOD,TACULING,45010385,PARTYLIST,166 BUHAY,0,0.00 %
REGION VI,NEGROS OCCIDENTAL,CITY OF BACOLOD,TACULING,45010385,PARTYLIST,167 ARISE,0,0.00 %
REGION VI,NEGROS OCCIDENTAL,CITY OF BACOLOD,TACULING,45010385,PARTYLIST,168 IWI,0,0.00 %
REGION VI,NEGROS OCCIDENTAL,CITY OF BACOLOD,TACULING,45010385,PARTYLIST,169 ANG TINIG NG SENIORS,0,0.00 %
REGION VI,NEGROS OCCIDENTAL,CITY OF BACOLOD,TACULING,45010385,PARTYLIST,170 LBP,0,0.00 %
REGION VI,NEGROS OCCIDENTAL,CITY OF BACOLOD,TACULING,45010385,PARTYLIST,171 IPEACE EPANAW,0,0.00 %
REGION VI,NEGROS OCCIDENTAL,CITY OF BACOLOD,TACULING,45010385,PARTYLIST,172 APAT-DAPAT,0,0.00 %
REGION VI,NEGROS OCCIDENTAL,CITY OF BACOLOD,TACULING,45010385,PARTYLIST,173 UMA ILONGGO,8,1.55 %
REGION VI,NEGROS OCCIDENTAL,CITY OF BACOLOD,TACULING,45010385,PARTYLIST,174 AYUDA,1,0.19 %
REGION VI,NEGROS OCCIDENTAL,CITY OF BACOLOD,TACULING,45010385,PARTYLIST,175 SAMBAYANAN,0,0.00 %
REGION VI,NEGROS OCCIDENTAL,CITY OF BACOLOD,TACULING,45010385,PARTYLIST,176 AKO BREEDER,9,1.74 %
REGION VI,NEGROS OCCIDENTAL,CITY OF BACOLOD,TACULING,45010385,PARTYLIST,177 FPJ,0,0.00 %
REGION VI,NEGROS OCCIDENTAL,CITY OF BACOLOD,TACULING,45010385,PARTYLIST,178 LIBRO,0,0.00 %
REGION VI,NEGROS OCCIDENTAL,CITY OF BACOLOD,TACULING,45010385,REP,Candidate,Votes,Percentage
REGION VI,NEGROS OCCIDENTAL,CITY OF BACOLOD,TACULING,45010385,REP,"ATAYDE, DAN (IND)",218,34.38 %
REGION VI,NEGROS OCCIDENTAL,CITY OF BACOLOD,TACULING,45010385,REP,"DAVID, WILLY (IND)",2,0.31 %
REGION VI,NEGROS OCCIDENTAL,CITY OF BACOLOD,TACULING,45010385,REP,"GASATAYA, GREG (NPC)",411,64.82 %
REGION VI,NEGROS OCCIDENTAL,CITY OF BACOLOD,TACULING,45010385,REP,"GUSTILO, ROMY (IND)",1,0.15 %
REGION VI,NEGROS OCCIDENTAL,CITY OF BACOLOD,TACULING,45010385,REP,"SAN MIGUEL, NONONG (PDDS)",2,0.31 %
REGION VI,NEGROS OCCIDENTAL,CITY OF BACOLOD,TACULING,45010385,MAYOR,Candidate,Votes,Percentage
REGION VI,NEGROS OCCIDENTAL,CITY OF BACOLOD,TACULING,45010385,MAYOR,"BENITEZ, ALBEE (PDPLBN)",364,53.76 %
REGION VI,NEGROS OCCIDENTAL,CITY OF BACOLOD,TACULING,45010385,MAYOR,"LEONARDIA, BING (NP)",313,46.23 %
REGION VI,NEGROS OCCIDENTAL,CITY OF BACOLOD,TACULING,45010385,VICE_MAYOR,Candidate,Votes,Percentage
REGION VI,NEGROS OCCIDENTAL,CITY OF BACOLOD,TACULING,45010385,VICE_MAYOR,"DISTRITO, CAESAR (PDPLBN)",188,29.37 %
REGION VI,NEGROS OCCIDENTAL,CITY OF BACOLOD,TACULING,45010385,VICE_MAYOR,"FAMILIARAN, EL CID (NP)",311,48.59 %
REGION VI,NEGROS OCCIDENTAL,CITY OF BACOLOD,TACULING,45010385,VICE_MAYOR,"GAMBOA, WILSON JR. (IND)",141,22.03 %
REGION VI,NEGROS OCCIDENTAL,CITY OF BACOLOD,TACULING,45010385,SP,Candidate,Votes,Percentage
REGION VI,NEGROS OCCIDENTAL,CITY OF BACOLOD,TACULING,45010385,SP,"ANG, EM (NP)",301,4.72 %
REGION VI,NEGROS OCCIDENTAL,CITY OF BACOLOD,TACULING,45010385,SP,"ARROYO, ALAN (IND)",34,0.53 %
REGION VI,NEGROS OCCIDENTAL,CITY OF BACOLOD,TACULING,45010385,SP,"AUJERO, JORGE THE WISE (IND)",15,0.23 %
REGION VI,NEGROS OCCIDENTAL,CITY OF BACOLOD,TACULING,45010385,SP,"BAIS, HOMER (PDPLBN)",220,3.45 %
REGION VI,NEGROS OCCIDENTAL,CITY OF BACOLOD,TACULING,45010385,SP,"BARIBAR, ARCHIE (PROMDI)",249,3.90 %
REGION VI,NEGROS OCCIDENTAL,CITY OF BACOLOD,TACULING,45010385,SP,"BELARIO, 007 (IND)",15,0.23 %
REGION VI,NEGROS OCCIDENTAL,CITY OF BACOLOD,TACULING,45010385,SP,"BELORIA, TOTO CESAR (IND)",78,1.22 %
REGION VI,NEGROS OCCIDENTAL,CITY OF BACOLOD,TACULING,45010385,SP,"CONTRERAS, LR (PRP)",28,0.43 %
REGION VI,NEGROS OCCIDENTAL,CITY OF BACOLOD,TACULING,45010385,SP,"DIAZ, JONATHAN JR. (NP)",132,2.07 %
REGION VI,NEGROS OCCIDENTAL,CITY OF BACOLOD,TACULING,45010385,SP,"DISTRITO, SIMPLE (PDPLBN)",218,3.42 %
REGION VI,NEGROS OCCIDENTAL,CITY OF BACOLOD,TACULING,45010385,SP,"ESPINO, AL (NPC)",264,4.14 %
REGION VI,NEGROS OCCIDENTAL,CITY OF BACOLOD,TACULING,45010385,SP,"FLOR, CELIA (IND)",263,4.12 %
REGION VI,NEGROS OCCIDENTAL,CITY OF BACOLOD,TACULING,45010385,SP,"GICO, VIC (IND)",21,0.32 %
REGION VI,NEGROS OCCIDENTAL,CITY OF BACOLOD,TACULING,45010385,SP,"GONZALEZ, VLADI (PDPLBN)",287,4.50 %
REGION VI,NEGROS OCCIDENTAL,CITY OF BACOLOD,TACULING,45010385,SP,"GUILLEM, ED (NP)",169,2.65 %
REGION VI,NEGROS OCCIDENTAL,CITY OF BACOLOD,TACULING,45010385,SP,"HERMOSURA, BONG (IND)",49,0.76 %
REGION VI,NEGROS OCCIDENTAL,CITY OF BACOLOD,TACULING,45010385,SP,"JAUOD, JIFFY (IND)",21,0.32 %
REGION VI,NEGROS OCCIDENTAL,CITY OF BACOLOD,TACULING,45010385,SP,"LACSON, PATRICK (PDPLBN)",238,3.73 %
REGION VI,NEGROS OCCIDENTAL,CITY OF BACOLOD,TACULING,45010385,SP,"LOPEZ, CARL (NP)",232,3.64 %
REGION VI,NEGROS OCCIDENTAL,CITY OF BACOLOD,TACULING,45010385,SP,"MAYO, MARK STEVEN (NPC)",71,1.11 %
REGION VI,NEGROS OCCIDENTAL,CITY OF BACOLOD,TACULING,45010385,SP,"MONTALVO, CASH (NP)",170,2.66 %
REGION VI,NEGROS OCCIDENTAL,CITY OF BACOLOD,TACULING,45010385,SP,"NACIONALES, FERMIN (IND)",13,0.20 %
REGION VI,NEGROS OCCIDENTAL,CITY OF BACOLOD,TACULING,45010385,SP,"NOVERO, RENECITO (NP)",296,4.64 %
REGION VI,NEGROS OCCIDENTAL,CITY OF BACOLOD,TACULING,45010385,SP,"OROLA, BART (PDPLBN)",197,3.09 %
REGION VI,NEGROS OCCIDENTAL,CITY OF BACOLOD,TACULING,45010385,SP,"PADIOS, EDUARDO (PPM)",45,0.70 %
REGION VI,NEGROS OCCIDENTAL,CITY OF BACOLOD,TACULING,45010385,SP,"PUENTEVELLA, KALAW (PROMDI)",248,3.89 %
REGION VI,NEGROS OCCIDENTAL,CITY OF BACOLOD,TACULING,45010385,SP,"RAMOS, DINDO (NP)",236,3.70 %
REGION VI,NEGROS OCCIDENTAL,CITY OF BACOLOD,TACULING,45010385,SP,"ROJAS, CINDY (NP)",299,4.69 %
REGION VI,NEGROS OCCIDENTAL,CITY OF BACOLOD,TACULING,45010385,SP,"SALANGA, ISRAEL (NP)",313,4.91 %
REGION VI,NEGROS OCCIDENTAL,CITY OF BACOLOD,TACULING,45010385,SP,"SAYSON, THADDY (PDPLBN)",315,4.94 %
REGION VI,NEGROS OCCIDENTAL,CITY OF BACOLOD,TACULING,45010385,SP,"SOLIDUM, MARLON (NPC)",187,2.93 %
REGION VI,NEGROS OCCIDENTAL,CITY OF BACOLOD,TACULING,45010385,SP,"SORONGON, CHRIS (NP)",219,3.43 %
REGION VI,NEGROS OCCIDENTAL,CITY OF BACOLOD,TACULING,45010385,SP,"SY, PAO (NPC)",224,3.51 %
REGION VI,NEGROS OCCIDENTAL,CITY OF BACOLOD,TACULING,45010385,SP,"TAN, CANO GWAPO (AKSYON)",137,2.14 %
REGION VI,NEGROS OCCIDENTAL,CITY OF BACOLOD,TACULING,45010385,SP,"VERDEFLOR, SONYA (UNEGA)",225,3.53 %
REGION VI,NEGROS OCCIDENTAL,CITY OF BACOLOD,TACULING,45010385,SP,"VILLAFUERTE, RICO (IND)",51,0.80 %
REGION VI,NEGROS OCCIDENTAL,CITY OF BACOLOD,TACULING,45010385,SP,"VILLAROSA, JASON (LAKAS)",240,3.76 %
REGION VI,NEGROS OCCIDENTAL,CITY OF BACOLOD,TACULING,45010385,SP,"WEBER, CHRISTIAN (IND)",53,0.83 %
region,province,city,barangay,precinct,position,candidate,votes,percentage
REGION VI,NEGROS OCCIDENTAL,CITY OF BACOLOD,TACULING,45010386,PRESIDENT,Candidate,Votes,Percentage
REGION VI,NEGROS OCCIDENTAL,CITY OF BACOLOD,TACULING,45010386,PRESIDENT,"ABELLA, ERNIE (IND)",2,0.36 %
REGION VI,NEGROS OCCIDENTAL,CITY OF BACOLOD,TACULING,45010386,PRESIDENT,"DE GUZMAN, LEODY (PLM)",0,0.00 %
REGION VI,NEGROS OCCIDENTAL,CITY OF BACOLOD,TACULING,45010386,PRESIDENT,"DOMAGOSO, ISKO MORENO (AKSYON)",22,4.02 %
REGION VI,NEGROS OCCIDENTAL,CITY OF BACOLOD,TACULING,45010386,PRESIDENT,"GONZALES, NORBERTO (PDSP)",1,0.18 %
REGION VI,NEGROS OCCIDENTAL,CITY OF BACOLOD,TACULING,45010386,PRESIDENT,"LACSON, PING (PDR)",10,1.83 %
REGION VI,NEGROS OCCIDENTAL,CITY OF BACOLOD,TACULING,45010386,PRESIDENT,"MANGONDATO, FAISAL (KTPNAN)",1,0.18 %
REGION VI,NEGROS OCCIDENTAL,CITY OF BACOLOD,TACULING,45010386,PRESIDENT,"MARCOS, BONGBONG (PFP)",214,39.19 %
REGION VI,NEGROS OCCIDENTAL,CITY OF BACOLOD,TACULING,45010386,PRESIDENT,"MONTEMAYOR, JOSE JR. (DPP)",1,0.18 %
REGION VI,NEGROS OCCIDENTAL,CITY OF BACOLOD,TACULING,45010386,PRESIDENT,"PACQUIAO, MANNY PACMAN(PROMDI)",67,12.27 %
REGION VI,NEGROS OCCIDENTAL,CITY OF BACOLOD,TACULING,45010386,PRESIDENT,"ROBREDO, LENI (IND)",228,41.75 %
REGION VI,NEGROS OCCIDENTAL,CITY OF BACOLOD,TACULING,45010386,VICE_PRESIDENT,Candidate,Votes,Percentage
REGION VI,NEGROS OCCIDENTAL,CITY OF BACOLOD,TACULING,45010386,VICE_PRESIDENT,"ATIENZA, LITO (PROMDI)",5,0.92 %
REGION VI,NEGROS OCCIDENTAL,CITY OF BACOLOD,TACULING,45010386,VICE_PRESIDENT,"BELLO, WALDEN (PLM)",2,0.36 %
REGION VI,NEGROS OCCIDENTAL,CITY OF BACOLOD,TACULING,45010386,VICE_PRESIDENT,"DAVID, RIZALITO (DPP)",0,0.00 %
REGION VI,NEGROS OCCIDENTAL,CITY OF BACOLOD,TACULING,45010386,VICE_PRESIDENT,"DUTERTE, SARA (LAKAS)",221,40.85 %
REGION VI,NEGROS OCCIDENTAL,CITY OF BACOLOD,TACULING,45010386,VICE_PRESIDENT,"LOPEZ, MANNY SD (WPP)",5,0.92 %
REGION VI,NEGROS OCCIDENTAL,CITY OF BACOLOD,TACULING,45010386,VICE_PRESIDENT,"ONG, DOC WILLIE (AKSYON)",21,3.88 %
REGION VI,NEGROS OCCIDENTAL,CITY OF BACOLOD,TACULING,45010386,VICE_PRESIDENT,"PANGILINAN, KIKO (LP)",166,30.68 %
REGION VI,NEGROS OCCIDENTAL,CITY OF BACOLOD,TACULING,45010386,VICE_PRESIDENT,"SERAPIO, CARLOS (KTPNAN)",1,0.18 %
REGION VI,NEGROS OCCIDENTAL,CITY OF BACOLOD,TACULING,45010386,VICE_PRESIDENT,"SOTTO, VICENTE TITO (NPC)",120,22.18 %
REGION VI,NEGROS OCCIDENTAL,CITY OF BACOLOD,TACULING,45010386,SENATOR,Candidate,Votes,Percentage
REGION VI,NEGROS OCCIDENTAL,CITY OF BACOLOD,TACULING,45010386,SENATOR,"AFUANG, ABNER (IND)",13,0.26 %
REGION VI,NEGROS OCCIDENTAL,CITY OF BACOLOD,TACULING,45010386,SENATOR,"ALBANI, IBRAHIM (WPP)",6,0.12 %
REGION VI,NEGROS OCCIDENTAL,CITY OF BACOLOD,TACULING,45010386,SENATOR,"ARRANZA, MANG JESS (IND)",8,0.16 %
REGION VI,NEGROS OCCIDENTAL,CITY OF BACOLOD,TACULING,45010386,SENATOR,"BAGUILAT, TEDDY (LP)",85,1.70 %
REGION VI,NEGROS OCCIDENTAL,CITY OF BACOLOD,TACULING,45010386,SENATOR,"BAILEN, AGNES (IND)",13,0.26 %
REGION VI,NEGROS OCCIDENTAL,CITY OF BACOLOD,TACULING,45010386,SENATOR,"BALITA, CARL (AKSYON)",26,0.52 %
REGION VI,NEGROS OCCIDENTAL,CITY OF BACOLOD,TACULING,45010386,SENATOR,"BARBO, LUTZ (PDPLBN)",4,0.08 %
REGION VI,NEGROS OCCIDENTAL,CITY OF BACOLOD,TACULING,45010386,SENATOR,"BAUTISTA, HERBERT BISTEK (NPC)",136,2.72 %
REGION VI,NEGROS OCCIDENTAL,CITY OF BACOLOD,TACULING,45010386,SENATOR,"BELGICA, GRECO (PDDS)",10,0.20 %
REGION VI,NEGROS OCCIDENTAL,CITY OF BACOLOD,TACULING,45010386,SENATOR,"BELLO, SILVESTRE JR. (PDPLBN)",20,0.40 %
REGION VI,NEGROS OCCIDENTAL,CITY OF BACOLOD,TACULING,45010386,SENATOR,"BINAY, JOJO (UNA)",120,2.40 %
REGION VI,NEGROS OCCIDENTAL,CITY OF BACOLOD,TACULING,45010386,SENATOR,"CABONEGRO, ROY (PLM)",5,0.10 %
REGION VI,NEGROS OCCIDENTAL,CITY OF BACOLOD,TACULING,45010386,SENATOR,"CASTRICIONES, BRO JOHN(PDPLBN)",9,0.18 %
REGION VI,NEGROS OCCIDENTAL,CITY OF BACOLOD,TACULING,45010386,SENATOR,"CAYETANO, ALAN PETER (IND)",186,3.73 %
REGION VI,NEGROS OCCIDENTAL,CITY OF BACOLOD,TACULING,45010386,SENATOR,"CHAVEZ, MELCHOR (WPP)",18,0.36 %
REGION VI,NEGROS OCCIDENTAL,CITY OF BACOLOD,TACULING,45010386,SENATOR,"COLMENARES, NERI (MKBYN)",171,3.43 %
REGION VI,NEGROS OCCIDENTAL,CITY OF BACOLOD,TACULING,45010386,SENATOR,"D'ANGELO, DAVID (PLM)",7,0.14 %
REGION VI,NEGROS OCCIDENTAL,CITY OF BACOLOD,TACULING,45010386,SENATOR,"DE LIMA, LEILA (LP)",145,2.90 %
REGION VI,NEGROS OCCIDENTAL,CITY OF BACOLOD,TACULING,45010386,SENATOR,"DEL ROSARIO, MONSOUR (PDR)",61,1.22 %
REGION VI,NEGROS OCCIDENTAL,CITY OF BACOLOD,TACULING,45010386,SENATOR,"DIAZ, DING (PPP)",26,0.52 %
REGION VI,NEGROS OCCIDENTAL,CITY OF BACOLOD,TACULING,45010386,SENATOR,"DIOKNO, CHEL (KANP)",171,3.43 %
REGION VI,NEGROS OCCIDENTAL,CITY OF BACOLOD,TACULING,45010386,SENATOR,"EJERCITO, JV ESTRADA (NPC)",153,3.06 %
REGION VI,NEGROS OCCIDENTAL,CITY OF BACOLOD,TACULING,45010386,SENATOR,"ELEAZAR, GEN. GUILLERMO (PDR)",127,2.54 %
REGION VI,NEGROS OCCIDENTAL,CITY OF BACOLOD,TACULING,45010386,SENATOR,"EREÑO, BRO. ERNIE (PM)",5,0.10 %
REGION VI,NEGROS OCCIDENTAL,CITY OF BACOLOD,TACULING,45010386,SENATOR,"ESCUDERO, CHIZ (NPC)",210,4.21 %
REGION VI,NEGROS OCCIDENTAL,CITY OF BACOLOD,TACULING,45010386,SENATOR,"ESPIRITU, LUKE (PLM)",84,1.68 %
REGION VI,NEGROS OCCIDENTAL,CITY OF BACOLOD,TACULING,45010386,SENATOR,"ESTRADA, JINGGOY (PMP)",125,2.50 %
REGION VI,NEGROS OCCIDENTAL,CITY OF BACOLOD,TACULING,45010386,SENATOR,"FALCONE, BAL FALCON (DPP)",8,0.16 %
REGION VI,NEGROS OCCIDENTAL,CITY OF BACOLOD,TACULING,45010386,SENATOR,"GADON, LARRY (KBL)",93,1.86 %
REGION VI,NEGROS OCCIDENTAL,CITY OF BACOLOD,TACULING,45010386,SENATOR,"GATCHALIAN, WIN (NPC)",181,3.63 %
REGION VI,NEGROS OCCIDENTAL,CITY OF BACOLOD,TACULING,45010386,SENATOR,"GORDON, WOW DICK (BVNP)",160,3.20 %
REGION VI,NEGROS OCCIDENTAL,CITY OF BACOLOD,TACULING,45010386,SENATOR,"GUTOC, SAMIRA (AKSYON)",23,0.46 %
REGION VI,NEGROS OCCIDENTAL,CITY OF BACOLOD,TACULING,45010386,SENATOR,"HONASAN, GRINGO (IND)",106,2.12 %
REGION VI,NEGROS OCCIDENTAL,CITY OF BACOLOD,TACULING,45010386,SENATOR,"HONTIVEROS, RISA (AKBAYAN)",230,4.61 %
REGION VI,NEGROS OCCIDENTAL,CITY OF BACOLOD,TACULING,45010386,SENATOR,"JAVELLANA, RJ (IND)",19,0.38 %
REGION VI,NEGROS OCCIDENTAL,CITY OF BACOLOD,TACULING,45010386,SENATOR,"KIRAM, NUR-MAHAL (IND)",6,0.12 %
REGION VI,NEGROS OCCIDENTAL,CITY OF BACOLOD,TACULING,45010386,SENATOR,"LABOG, ELMER (MKBYN)",12,0.24 %
REGION VI,NEGROS OCCIDENTAL,CITY OF BACOLOD,TACULING,45010386,SENATOR,"LACSON, KUYA ALEX (KP)",159,3.18 %
REGION VI,NEGROS OCCIDENTAL,CITY OF BACOLOD,TACULING,45010386,SENATOR,"LANGIT, REY (PDPLBN)",19,0.38 %
REGION VI,NEGROS OCCIDENTAL,CITY OF BACOLOD,TACULING,45010386,SENATOR,"LEGARDA, LOREN (NPC)",238,4.77 %
REGION VI,NEGROS OCCIDENTAL,CITY OF BACOLOD,TACULING,45010386,SENATOR,"LIM, ARIEL (IND)",12,0.24 %
REGION VI,NEGROS OCCIDENTAL,CITY OF BACOLOD,TACULING,45010386,SENATOR,"MALLILLIN, EMILY (PPM)",5,0.10 %
REGION VI,NEGROS OCCIDENTAL,CITY OF BACOLOD,TACULING,45010386,SENATOR,"MARCOLETA, RODANTE (PDPLBN)",26,0.52 %
REGION VI,NEGROS OCCIDENTAL,CITY OF BACOLOD,TACULING,45010386,SENATOR,"MARCOS, FRANCIS LEO (IND)",54,1.08 %
REGION VI,NEGROS OCCIDENTAL,CITY OF BACOLOD,TACULING,45010386,SENATOR,"MATULA, SONNY (IND)",72,1.44 %
REGION VI,NEGROS OCCIDENTAL,CITY OF BACOLOD,TACULING,45010386,SENATOR,"MINDALANO-ADAM,MARIETA(KTPNAN)",5,0.10 %
REGION VI,NEGROS OCCIDENTAL,CITY OF BACOLOD,TACULING,45010386,SENATOR,"OLARTE, ATTY/DR. LEO (BIGKIS)",12,0.24 %
REGION VI,NEGROS OCCIDENTAL,CITY OF BACOLOD,TACULING,45010386,SENATOR,"PADILLA, DRA. MINGUITA (PDR)",31,0.62 %
REGION VI,NEGROS OCCIDENTAL,CITY OF BACOLOD,TACULING,45010386,SENATOR,"PADILLA, ROBIN (PDPLBN)",204,4.09 %
REGION VI,NEGROS OCCIDENTAL,CITY OF BACOLOD,TACULING,45010386,SENATOR,"PANELO, SAL PANALO (PDPLBN)",49,0.98 %
REGION VI,NEGROS OCCIDENTAL,CITY OF BACOLOD,TACULING,45010386,SENATOR,"PIMENTEL, ASTRA (PDPLBN)",34,0.68 %
REGION VI,NEGROS OCCIDENTAL,CITY OF BACOLOD,TACULING,45010386,SENATOR,"PIÑOL, MANNY (NPC)",21,0.42 %
REGION VI,NEGROS OCCIDENTAL,CITY OF BACOLOD,TACULING,45010386,SENATOR,"RICABLANCA, WILLIE JR. (PM)",8,0.16 %
REGION VI,NEGROS OCCIDENTAL,CITY OF BACOLOD,TACULING,45010386,SENATOR,"ROQUE, HARRY SPOX (PRP)",78,1.56 %
REGION VI,NEGROS OCCIDENTAL,CITY OF BACOLOD,TACULING,45010386,SENATOR,"SAHIDULLA, LADY ANNE (PDDS)",5,0.10 %
REGION VI,NEGROS OCCIDENTAL,CITY OF BACOLOD,TACULING,45010386,SENATOR,"SISON, JOPET (AKSYON)",20,0.40 %
REGION VI,NEGROS OCCIDENTAL,CITY OF BACOLOD,TACULING,45010386,SENATOR,"TEODORO, GIBO (PRP)",153,3.06 %
REGION VI,NEGROS OCCIDENTAL,CITY OF BACOLOD,TACULING,45010386,SENATOR,"TRILLANES, ANTONIO IV (LP)",155,3.10 %
REGION VI,NEGROS OCCIDENTAL,CITY OF BACOLOD,TACULING,45010386,SENATOR,"TULFO, IDOL RAFFY (IND)",253,5.07 %
REGION VI,NEGROS OCCIDENTAL,CITY OF BACOLOD,TACULING,45010386,SENATOR,"VALEROS, REY (IND)",4,0.08 %
REGION VI,NEGROS OCCIDENTAL,CITY OF BACOLOD,TACULING,45010386,SENATOR,"VILLANUEVA,JOEL TESDAMAN (IND)",165,3.30 %
REGION VI,NEGROS OCCIDENTAL,CITY OF BACOLOD,TACULING,45010386,SENATOR,"VILLAR, MARK (NP)",170,3.41 %
REGION VI,NEGROS OCCIDENTAL,CITY OF BACOLOD,TACULING,45010386,SENATOR,"ZUBIAGA, CARMEN (IND)",15,0.30 %
REGION VI,NEGROS OCCIDENTAL,CITY OF BACOLOD,TACULING,45010386,SENATOR,"ZUBIRI, MIGZ (IND)",236,4.73 %
REGION VI,NEGROS OCCIDENTAL,CITY OF BACOLOD,TACULING,45010386,PARTYLIST,Candidate,Votes,Percentage
REGION VI,NEGROS OCCIDENTAL,CITY OF BACOLOD,TACULING,45010386,PARTYLIST,01 KAMALAYAN,0,0.00 %
REGION VI,NEGROS OCCIDENTAL,CITY OF BACOLOD,TACULING,45010386,PARTYLIST,02 KM NGAYON NA,0,0.00 %
REGION VI,NEGROS OCCIDENTAL,CITY OF BACOLOD,TACULING,45010386,PARTYLIST,03 PSIS,0,0.00 %
REGION VI,NEGROS OCCIDENTAL,CITY OF BACOLOD,TACULING,45010386,PARTYLIST,04 AGAP,3,0.71 %
REGION VI,NEGROS OCCIDENTAL,CITY OF BACOLOD,TACULING,45010386,PARTYLIST,05 KABAYAN,5,1.19 %
REGION VI,NEGROS OCCIDENTAL,CITY OF BACOLOD,TACULING,45010386,PARTYLIST,06 HOME OWNER,0,0.00 %
REGION VI,NEGROS OCCIDENTAL,CITY OF BACOLOD,TACULING,45010386,PARTYLIST,07 KAPUSO-PM,0,0.00 %
REGION VI,NEGROS OCCIDENTAL,CITY OF BACOLOD,TACULING,45010386,PARTYLIST,08 PDP CARES,3,0.71 %
REGION VI,NEGROS OCCIDENTAL,CITY OF BACOLOD,TACULING,45010386,PARTYLIST,09 MARVELOUS TAYO,1,0.23 %
REGION VI,NEGROS OCCIDENTAL,CITY OF BACOLOD,TACULING,45010386,PARTYLIST,10 AKO OFW,3,0.71 %
REGION VI,NEGROS OCCIDENTAL,CITY OF BACOLOD,TACULING,45010386,PARTYLIST,11 UNITED SENIOR CITIZEN,4,0.95 %
REGION VI,NEGROS OCCIDENTAL,CITY OF BACOLOD,TACULING,45010386,PARTYLIST,12 WOW PILIPINAS,0,0.00 %
REGION VI,NEGROS OCCIDENTAL,CITY OF BACOLOD,TACULING,45010386,PARTYLIST,13 ALTERNATIBA,0,0.00 %
REGION VI,NEGROS OCCIDENTAL,CITY OF BACOLOD,TACULING,45010386,PARTYLIST,14 1-RIDER PARTYLIST,6,1.43 %
REGION VI,NEGROS OCCIDENTAL,CITY OF BACOLOD,TACULING,45010386,PARTYLIST,15 1-CARE,1,0.23 %
REGION VI,NEGROS OCCIDENTAL,CITY OF BACOLOD,TACULING,45010386,PARTYLIST,16 ABP,2,0.47 %
REGION VI,NEGROS OCCIDENTAL,CITY OF BACOLOD,TACULING,45010386,PARTYLIST,17 AKO MUSIKERO,1,0.23 %
REGION VI,NEGROS OCCIDENTAL,CITY OF BACOLOD,TACULING,45010386,PARTYLIST,18 AKO BICOL,2,0.47 %
REGION VI,NEGROS OCCIDENTAL,CITY OF BACOLOD,TACULING,45010386,PARTYLIST,19 PRAI,0,0.00 %
REGION VI,NEGROS OCCIDENTAL,CITY OF BACOLOD,TACULING,45010386,PARTYLIST,20 4PS,3,0.71 %
REGION VI,NEGROS OCCIDENTAL,CITY OF BACOLOD,TACULING,45010386,PARTYLIST,21 MAAGAP,0,0.00 %
REGION VI,NEGROS OCCIDENTAL,CITY OF BACOLOD,TACULING,45010386,PARTYLIST,22 ABANTE PILIPINAS,1,0.23 %
REGION VI,NEGROS OCCIDENTAL,CITY OF BACOLOD,TACULING,45010386,PARTYLIST,23 AKTIBONG KAAGAPAY,2,0.47 %
REGION VI,NEGROS OCCIDENTAL,CITY OF BACOLOD,TACULING,45010386,PARTYLIST,24 ALSA BISAYA,1,0.23 %
REGION VI,NEGROS OCCIDENTAL,CITY OF BACOLOD,TACULING,45010386,PARTYLIST,25 PROBINSYANO AKO,1,0.23 %
REGION VI,NEGROS OCCIDENTAL,CITY OF BACOLOD,TACULING,45010386,PARTYLIST,26 YACAP,2,0.47 %
REGION VI,NEGROS OCCIDENTAL,CITY OF BACOLOD,TACULING,45010386,PARTYLIST,27 MAGDALO,5,1.19 %
REGION VI,NEGROS OCCIDENTAL,CITY OF BACOLOD,TACULING,45010386,PARTYLIST,28 ACT-CIS,15,3.58 %
REGION VI,NEGROS OCCIDENTAL,CITY OF BACOLOD,TACULING,45010386,PARTYLIST,29 HUGPONG FEDERAL,1,0.23 %
REGION VI,NEGROS OCCIDENTAL,CITY OF BACOLOD,TACULING,45010386,PARTYLIST,30 TGP,0,0.00 %
REGION VI,NEGROS OCCIDENTAL,CITY OF BACOLOD,TACULING,45010386,PARTYLIST,31 ONE COOP,0,0.00 %
REGION VI,NEGROS OCCIDENTAL,CITY OF BACOLOD,TACULING,45010386,PARTYLIST,32 BARKADAHAN,1,0.23 %
REGION VI,NEGROS OCCIDENTAL,CITY OF BACOLOD,TACULING,45010386,PARTYLIST,33 DUMPER PTDA,1,0.23 %
REGION VI,NEGROS OCCIDENTAL,CITY OF BACOLOD,TACULING,45010386,PARTYLIST,34 MALABUNG,0,0.00 %
REGION VI,NEGROS OCCIDENTAL,CITY OF BACOLOD,TACULING,45010386,PARTYLIST,35 BH (BAGONG HENERASYON),0,0.00 %
REGION VI,NEGROS OCCIDENTAL,CITY OF BACOLOD,TACULING,45010386,PARTYLIST,36 AKMA-PTM,0,0.00 %
REGION VI,NEGROS OCCIDENTAL,CITY OF BACOLOD,TACULING,45010386,PARTYLIST,37 IPATUPAD,0,0.00 %
REGION VI,NEGROS OCCIDENTAL,CITY OF BACOLOD,TACULING,45010386,PARTYLIST,38 PINUNO,1,0.23 %
REGION VI,NEGROS OCCIDENTAL,CITY OF BACOLOD,TACULING,45010386,PARTYLIST,39 LPGMA,0,0.00 %
REGION VI,NEGROS OCCIDENTAL,CITY OF BACOLOD,TACULING,45010386,PARTYLIST,40 CLICK PARTY,0,0.00 %
REGION VI,NEGROS OCCIDENTAL,CITY OF BACOLOD,TACULING,45010386,PARTYLIST,41 TODA,0,0.00 %
REGION VI,NEGROS OCCIDENTAL,CITY OF BACOLOD,TACULING,45010386,PARTYLIST,42 BHW,0,0.00 %
REGION VI,NEGROS OCCIDENTAL,CITY OF BACOLOD,TACULING,45010386,PARTYLIST,43 MALASAKIT@BAYANIHAN,52,12.44 %
REGION VI,NEGROS OCCIDENTAL,CITY OF BACOLOD,TACULING,45010386,PARTYLIST,44 ABS,0,0.00 %
REGION VI,NEGROS OCCIDENTAL,CITY OF BACOLOD,TACULING,45010386,PARTYLIST,45 PASAHERO PARTYLIST,0,0.00 %
REGION VI,NEGROS OCCIDENTAL,CITY OF BACOLOD,TACULING,45010386,PARTYLIST,46 ANGAT,4,0.95 %
REGION VI,NEGROS OCCIDENTAL,CITY OF BACOLOD,TACULING,45010386,PARTYLIST,47 SOLID-CHANGE,1,0.23 %
REGION VI,NEGROS OCCIDENTAL,CITY OF BACOLOD,TACULING,45010386,PARTYLIST,48 BICOL SARO,1,0.23 %
REGION VI,NEGROS OCCIDENTAL,CITY OF BACOLOD,TACULING,45010386,PARTYLIST,49 OFW,0,0.00 %
REGION VI,NEGROS OCCIDENTAL,CITY OF BACOLOD,TACULING,45010386,PARTYLIST,50 ANG PROBINSIYANO,6,1.43 %
REGION VI,NEGROS OCCIDENTAL,CITY OF BACOLOD,TACULING,45010386,PARTYLIST,51 ANAKALUSUGAN,1,0.23 %
REGION VI,NEGROS OCCIDENTAL,CITY OF BACOLOD,TACULING,45010386,PARTYLIST,52 PBA,0,0.00 %
REGION VI,NEGROS OCCIDENTAL,CITY OF BACOLOD,TACULING,45010386,PARTYLIST,53 PEACE,10,2.39 %
REGION VI,NEGROS OCCIDENTAL,CITY OF BACOLOD,TACULING,45010386,PARTYLIST,54 P3PWD,25,5.98 %
REGION VI,NEGROS OCCIDENTAL,CITY OF BACOLOD,TACULING,45010386,PARTYLIST,55 S.M.I.L.E,1,0.23 %
REGION VI,NEGROS OCCIDENTAL,CITY OF BACOLOD,TACULING,45010386,PARTYLIST,56 AAMBIS-OWA,1,0.23 %
REGION VI,NEGROS OCCIDENTAL,CITY OF BACOLOD,TACULING,45010386,PARTYLIST,57 BUTIL,0,0.00 %
REGION VI,NEGROS OCCIDENTAL,CITY OF BACOLOD,TACULING,45010386,PARTYLIST,58 LUNAS,0,0.00 %
REGION VI,NEGROS OCCIDENTAL,CITY OF BACOLOD,TACULING,45010386,PARTYLIST,59 ANG KOMADRONA,0,0.00 %
REGION VI,NEGROS OCCIDENTAL,CITY OF BACOLOD,TACULING,45010386,PARTYLIST,60 KABAKA,0,0.00 %
REGION VI,NEGROS OCCIDENTAL,CITY OF BACOLOD,TACULING,45010386,PARTYLIST,61 SAGIP,1,0.23 %
REGION VI,NEGROS OCCIDENTAL,CITY OF BACOLOD,TACULING,45010386,PARTYLIST,62 ANG KABUHAYAN,0,0.00 %
REGION VI,NEGROS OCCIDENTAL,CITY OF BACOLOD,TACULING,45010386,PARTYLIST,63 AKO I.P.,0,0.00 %
REGION VI,NEGROS OCCIDENTAL,CITY OF BACOLOD,TACULING,45010386,PARTYLIST,64 PHILRECA,0,0.00 %
REGION VI,NEGROS OCCIDENTAL,CITY OF BACOLOD,TACULING,45010386,PARTYLIST,65 BABAE AKO,0,0.00 %
REGION VI,NEGROS OCCIDENTAL,CITY OF BACOLOD,TACULING,45010386,PARTYLIST,66 KB,0,0.00 %
REGION VI,NEGROS OCCIDENTAL,CITY OF BACOLOD,TACULING,45010386,PARTYLIST,67 GABRIELA,1,0.23 %
REGION VI,NEGROS OCCIDENTAL,CITY OF BACOLOD,TACULING,45010386,PARTYLIST,68 KALINGA,1,0.23 %
REGION VI,NEGROS OCCIDENTAL,CITY OF BACOLOD,TACULING,45010386,PARTYLIST,69 STL,0,0.00 %
REGION VI,NEGROS OCCIDENTAL,CITY OF BACOLOD,TACULING,45010386,PARTYLIST,70 RECOBODA,0,0.00 %
REGION VI,NEGROS OCCIDENTAL,CITY OF BACOLOD,TACULING,45010386,PARTYLIST,71 ANGAT PINOY,2,0.47 %
REGION VI,NEGROS OCCIDENTAL,CITY OF BACOLOD,TACULING,45010386,PARTYLIST,72 ANAC-IP,0,0.00 %
REGION VI,NEGROS OCCIDENTAL,CITY OF BACOLOD,TACULING,45010386,PARTYLIST,73 DIWA,1,0.23 %
REGION VI,NEGROS OCCIDENTAL,CITY OF BACOLOD,TACULING,45010386,PARTYLIST,74 ASENSO PINOY,2,0.47 %
REGION VI,NEGROS OCCIDENTAL,CITY OF BACOLOD,TACULING,45010386,PARTYLIST,75 PPP,0,0.00 %
REGION VI,NEGROS OCCIDENTAL,CITY OF BACOLOD,TACULING,45010386,PARTYLIST,76 PAMILYA MUNA,0,0.00 %
REGION VI,NEGROS OCCIDENTAL,CITY OF BACOLOD,TACULING,45010386,PARTYLIST,77 AYUDA SANDUGO,0,0.00 %
REGION VI,NEGROS OCCIDENTAL,CITY OF BACOLOD,TACULING,45010386,PARTYLIST,78 BUKLOD FILIPINO,0,0.00 %
REGION VI,NEGROS OCCIDENTAL,CITY OF BACOLOD,TACULING,45010386,PARTYLIST,79 BTS,0,0.00 %
REGION VI,NEGROS OCCIDENTAL,CITY OF BACOLOD,TACULING,45010386,PARTYLIST,80 MOCHA,1,0.23 %
REGION VI,NEGROS OCCIDENTAL,CITY OF BACOLOD,TACULING,45010386,PARTYLIST,81 ACT TEACHERS,5,1.19 %
REGION VI,NEGROS OCCIDENTAL,CITY OF BACOLOD,TACULING,45010386,PARTYLIST,82 ALONA,0,0.00 %
REGION VI,NEGROS OCCIDENTAL,CITY OF BACOLOD,TACULING,45010386,PARTYLIST,83 KABALIKAT,1,0.23 %
REGION VI,NEGROS OCCIDENTAL,CITY OF BACOLOD,TACULING,45010386,PARTYLIST,84 ALIF,0,0.00 %
REGION VI,NEGROS OCCIDENTAL,CITY OF BACOLOD,TACULING,45010386,PARTYLIST,85 1-UTAP BICOL,0,0.00 %
REGION VI,NEGROS OCCIDENTAL,CITY OF BACOLOD,TACULING,45010386,PARTYLIST,86 TINGOG,0,0.00 %
REGION VI,NEGROS OCCIDENTAL,CITY OF BACOLOD,TACULING,45010386,PARTYLIST,87 H.E.L.P. PILIPINAS,0,0.00 %
REGION VI,NEGROS OCCIDENTAL,CITY OF BACOLOD,TACULING,45010386,PARTYLIST,88 TUCP,2,0.47 %
REGION VI,NEGROS OCCIDENTAL,CITY OF BACOLOD,TACULING,45010386,PARTYLIST,89 PTA,1,0.23 %
REGION VI,NEGROS OCCIDENTAL,CITY OF BACOLOD,TACULING,45010386,PARTYLIST,90 AGIMAT,0,0.00 %
REGION VI,NEGROS OCCIDENTAL,CITY OF BACOLOD,TACULING,45010386,PARTYLIST,91 KONTRA BROWNOUT,0,0.00 %
REGION VI,NEGROS OCCIDENTAL,CITY OF BACOLOD,TACULING,45010386,PARTYLIST,92 TULUNGAN TAYO,1,0.23 %
REGION VI,NEGROS OCCIDENTAL,CITY OF BACOLOD,TACULING,45010386,PARTYLIST,93 DUTERTE YOUTH,7,1.67 %
REGION VI,NEGROS OCCIDENTAL,CITY OF BACOLOD,TACULING,45010386,PARTYLIST,94 ABEKA,0,0.00 %
REGION VI,NEGROS OCCIDENTAL,CITY OF BACOLOD,TACULING,45010386,PARTYLIST,95 KABATAAN,6,1.43 %
REGION VI,NEGROS OCCIDENTAL,CITY OF BACOLOD,TACULING,45010386,PARTYLIST,97 ACTS-OFW,1,0.23 %
REGION VI,NEGROS OCCIDENTAL,CITY OF BACOLOD,TACULING,45010386,PARTYLIST,98 RAM,2,0.47 %
REGION VI,NEGROS OCCIDENTAL,CITY OF BACOLOD,TACULING,45010386,PARTYLIST,99 USWAG ILONGGO,20,4.78 %
REGION VI,NEGROS OCCIDENTAL,CITY OF BACOLOD,TACULING,45010386,PARTYLIST,100 AKO BISAYA,0,0.00 %
REGION VI,NEGROS OCCIDENTAL,CITY OF BACOLOD,TACULING,45010386,PARTYLIST,101 KAPAMILYA,3,0.71 %
REGION VI,NEGROS OCCIDENTAL,CITY OF BACOLOD,TACULING,45010386,PARTYLIST,102 PUSONG PINOY,0,0.00 %
REGION VI,NEGROS OCCIDENTAL,CITY OF BACOLOD,TACULING,45010386,PARTYLIST,103 CWS,0,0.00 %
REGION VI,NEGROS OCCIDENTAL,CITY OF BACOLOD,TACULING,45010386,PARTYLIST,104 SILBI,0,0.00 %
REGION VI,NEGROS OCCIDENTAL,CITY OF BACOLOD,TACULING,45010386,PARTYLIST,105 CIBAC,1,0.23 %
REGION VI,NEGROS OCCIDENTAL,CITY OF BACOLOD,TACULING,45010386,PARTYLIST,106 SUBANEN,0,0.00 %
REGION VI,NEGROS OCCIDENTAL,CITY OF BACOLOD,TACULING,45010386,PARTYLIST,107 AKKK,0,0.00 %
REGION VI,NEGROS OCCIDENTAL,CITY OF BACOLOD,TACULING,45010386,PARTYLIST,108 BG PARTY-LIST,0,0.00 %
REGION VI,NEGROS OCCIDENTAL,CITY OF BACOLOD,TACULING,45010386,PARTYLIST,109 PAMILYANG MAGSASAKA,1,0.23 %
REGION VI,NEGROS OCCIDENTAL,CITY OF BACOLOD,TACULING,45010386,PARTYLIST,110 COOP NATCCO,3,0.71 %
REGION VI,NEGROS OCCIDENTAL,CITY OF BACOLOD,TACULING,45010386,PARTYLIST,111 FRONTLINERS ANG BIDA,2,0.47 %
REGION VI,NEGROS OCCIDENTAL,CITY OF BACOLOD,TACULING,45010386,PARTYLIST,112 KASAMA,0,0.00 %
REGION VI,NEGROS OCCIDENTAL,CITY OF BACOLOD,TACULING,45010386,PARTYLIST,113 AKO BISDAK,0,0.00 %
REGION VI,NEGROS OCCIDENTAL,CITY OF BACOLOD,TACULING,45010386,PARTYLIST,114 GP PARTY,0,0.00 %
REGION VI,NEGROS OCCIDENTAL,CITY OF BACOLOD,TACULING,45010386,PARTYLIST,115 BAHAY,1,0.23 %
REGION VI,NEGROS OCCIDENTAL,CITY OF BACOLOD,TACULING,45010386,PARTYLIST,116 MAGSASAKA,1,0.23 %
REGION VI,NEGROS OCCIDENTAL,CITY OF BACOLOD,TACULING,45010386,PARTYLIST,117 MARINO,2,0.47 %
REGION VI,NEGROS OCCIDENTAL,CITY OF BACOLOD,TACULING,45010386,PARTYLIST,118 UNITED FRONTLINERS,0,0.00 %
REGION VI,NEGROS OCCIDENTAL,CITY OF BACOLOD,TACULING,45010386,PARTYLIST,119 L.O.G.R.O. KUSINERO,1,0.23 %
REGION VI,NEGROS OCCIDENTAL,CITY OF BACOLOD,TACULING,45010386,PARTYLIST,120 BPO,1,0.23 %
REGION VI,NEGROS OCCIDENTAL,CITY OF BACOLOD,TACULING,45010386,PARTYLIST,121 ABANG LINGKOD,118,28.22 %
REGION VI,NEGROS OCCIDENTAL,CITY OF BACOLOD,TACULING,45010386,PARTYLIST,122 KUSUG TAUSUG,0,0.00 %
REGION VI,NEGROS OCCIDENTAL,CITY OF BACOLOD,TACULING,45010386,PARTYLIST,123 PLM,0,0.00 %
REGION VI,NEGROS OCCIDENTAL,CITY OF BACOLOD,TACULING,45010386,PARTYLIST,124 OK PARTYLIST,0,0.00 %
REGION VI,NEGROS OCCIDENTAL,CITY OF BACOLOD,TACULING,45010386,PARTYLIST,125 A TEACHER,4,0.95 %
REGION VI,NEGROS OCCIDENTAL,CITY OF BACOLOD,TACULING,45010386,PARTYLIST,126 PASADA-CC,0,0.00 %
REGION VI,NEGROS OCCIDENTAL,CITY OF BACOLOD,TACULING,45010386,PARTYLIST,127 OFW FAMILY,1,0.23 %
REGION VI,NEGROS OCCIDENTAL,CITY OF BACOLOD,TACULING,45010386,PARTYLIST,128 ANGKLA,3,0.71 %
REGION VI,NEGROS OCCIDENTAL,CITY OF BACOLOD,TACULING,45010386,PARTYLIST,129 COCOMAN,0,0.00 %
REGION VI,NEGROS OCCIDENTAL,CITY OF BACOLOD,TACULING,45010386,PARTYLIST,130 ACT AS ONE,3,0.71 %
REGION VI,NEGROS OCCIDENTAL,CITY OF BACOLOD,TACULING,45010386,PARTYLIST,131 AKO ILOCANO AKO,9,2.15 %
REGION VI,NEGROS OCCIDENTAL,CITY OF BACOLOD,TACULING,45010386,PARTYLIST,132 TRABAHO,1,0.23 %
REGION VI,NEGROS OCCIDENTAL,CITY OF BACOLOD,TACULING,45010386,PARTYLIST,133 PATROL,0,0.00 %
REGION VI,NEGROS OCCIDENTAL,CITY OF BACOLOD,TACULING,45010386,PARTYLIST,134 AKO PADAYON,0,0.00 %
REGION VI,NEGROS OCCIDENTAL,CITY OF BACOLOD,TACULING,45010386,PARTYLIST,135 ABONO,0,0.00 %
REGION VI,NEGROS OCCIDENTAL,CITY OF BACOLOD,TACULING,45010386,PARTYLIST,136 MANILA TEACHERS,0,0.00 %
REGION VI,NEGROS OCCIDENTAL,CITY OF BACOLOD,TACULING,45010386,PARTYLIST,137 KOOP-KAMPI,0,0.00 %
REGION VI,NEGROS OCCIDENTAL,CITY OF BACOLOD,TACULING,45010386,PARTYLIST,138 MAYPAGASA,0,0.00 %
REGION VI,NEGROS OCCIDENTAL,CITY OF BACOLOD,TACULING,45010386,PARTYLIST,139 PVAID,0,0.00 %
REGION VI,NEGROS OCCIDENTAL,CITY OF BACOLOD,TACULING,45010386,PARTYLIST,140 TUTOK TO WIN,2,0.47 %
REGION VI,NEGROS OCCIDENTAL,CITY OF BACOLOD,TACULING,45010386,PARTYLIST,141 BAYAN MUNA,2,0.47 %
REGION VI,NEGROS OCCIDENTAL,CITY OF BACOLOD,TACULING,45010386,PARTYLIST,142 API,0,0.00 %
REGION VI,NEGROS OCCIDENTAL,CITY OF BACOLOD,TACULING,45010386,PARTYLIST,143 ARTE,0,0.00 %
REGION VI,NEGROS OCCIDENTAL,CITY OF BACOLOD,TACULING,45010386,PARTYLIST,144 ASAP,0,0.00 %
REGION VI,NEGROS OCCIDENTAL,CITY OF BACOLOD,TACULING,45010386,PARTYLIST,145 BUNYOG,1,0.23 %
REGION VI,NEGROS OCCIDENTAL,CITY OF BACOLOD,TACULING,45010386,PARTYLIST,146 AKBAYAN,7,1.67 %
REGION VI,NEGROS OCCIDENTAL,CITY OF BACOLOD,TACULING,45010386,PARTYLIST,147 DAMAYAN,0,0.00 %
REGION VI,NEGROS OCCIDENTAL,CITY OF BACOLOD,TACULING,45010386,PARTYLIST,148 WIFI,0,0.00 %
REGION VI,NEGROS OCCIDENTAL,CITY OF BACOLOD,TACULING,45010386,PARTYLIST,149 CANCER PARTY LIST,1,0.23 %
REGION VI,NEGROS OCCIDENTAL,CITY OF BACOLOD,TACULING,45010386,PARTYLIST,150 1-ANG EDUKASYON,3,0.71 %
REGION VI,NEGROS OCCIDENTAL,CITY OF BACOLOD,TACULING,45010386,PARTYLIST,151 UFCC,0,0.00 %
REGION VI,NEGROS OCCIDENTAL,CITY OF BACOLOD,TACULING,45010386,PARTYLIST,152 AGRI,0,0.00 %
REGION VI,NEGROS OCCIDENTAL,CITY OF BACOLOD,TACULING,45010386,PARTYLIST,153 MAHARLIKA,0,0.00 %
REGION VI,NEGROS OCCIDENTAL,CITY OF BACOLOD,TACULING,45010386,PARTYLIST,154 ANAKPAWIS,0,0.00 %
REGION VI,NEGROS OCCIDENTAL,CITY OF BACOLOD,TACULING,45010386,PARTYLIST,155 1TAHANAN,0,0.00 %
REGION VI,NEGROS OCCIDENTAL,CITY OF BACOLOD,TACULING,45010386,PARTYLIST,156 TURISMO,0,0.00 %
REGION VI,NEGROS OCCIDENTAL,CITY OF BACOLOD,TACULING,45010386,PARTYLIST,157 APEC,1,0.23 %
REGION VI,NEGROS OCCIDENTAL,CITY OF BACOLOD,TACULING,45010386,PARTYLIST,158 SENIOR CITIZENS PARTYLIST,12,2.87 %
REGION VI,NEGROS OCCIDENTAL,CITY OF BACOLOD,TACULING,45010386,PARTYLIST,159 AASENSO,1,0.23 %
REGION VI,NEGROS OCCIDENTAL,CITY OF BACOLOD,TACULING,45010386,PARTYLIST,160 AMIN,0,0.00 %
REGION VI,NEGROS OCCIDENTAL,CITY OF BACOLOD,TACULING,45010386,PARTYLIST,161 1-PACMAN,0,0.00 %
REGION VI,NEGROS OCCIDENTAL,CITY OF BACOLOD,TACULING,45010386,PARTYLIST,162 ABB-NFCPI,0,0.00 %
REGION VI,NEGROS OCCIDENTAL,CITY OF BACOLOD,TACULING,45010386,PARTYLIST,163 AN WARAY,1,0.23 %
REGION VI,NEGROS OCCIDENTAL,CITY OF BACOLOD,TACULING,45010386,PARTYLIST,164 AP PARTYLIST,0,0.00 %
REGION VI,NEGROS OCCIDENTAL,CITY OF BACOLOD,TACULING,45010386,PARTYLIST,165 AKAP PINOY,0,0.00 %
REGION VI,NEGROS OCCIDENTAL,CITY OF BACOLOD,TACULING,45010386,PARTYLIST,166 BUHAY,0,0.00 %
REGION VI,NEGROS OCCIDENTAL,CITY OF BACOLOD,TACULING,45010386,PARTYLIST,167 ARISE,1,0.23 %
REGION VI,NEGROS OCCIDENTAL,CITY OF BACOLOD,TACULING,45010386,PARTYLIST,168 IWI,0,0.00 %
REGION VI,NEGROS OCCIDENTAL,CITY OF BACOLOD,TACULING,45010386,PARTYLIST,169 ANG TINIG NG SENIORS,0,0.00 %
REGION VI,NEGROS OCCIDENTAL,CITY OF BACOLOD,TACULING,45010386,PARTYLIST,170 LBP,0,0.00 %
REGION VI,NEGROS OCCIDENTAL,CITY OF BACOLOD,TACULING,45010386,PARTYLIST,171 IPEACE EPANAW,1,0.23 %
REGION VI,NEGROS OCCIDENTAL,CITY OF BACOLOD,TACULING,45010386,PARTYLIST,172 APAT-DAPAT,0,0.00 %
REGION VI,NEGROS OCCIDENTAL,CITY OF BACOLOD,TACULING,45010386,PARTYLIST,173 UMA ILONGGO,3,0.71 %
REGION VI,NEGROS OCCIDENTAL,CITY OF BACOLOD,TACULING,45010386,PARTYLIST,174 AYUDA,0,0.00 %
REGION VI,NEGROS OCCIDENTAL,CITY OF BACOLOD,TACULING,45010386,PARTYLIST,175 SAMBAYANAN,2,0.47 %
REGION VI,NEGROS OCCIDENTAL,CITY OF BACOLOD,TACULING,45010386,PARTYLIST,176 AKO BREEDER,1,0.23 %
REGION VI,NEGROS OCCIDENTAL,CITY OF BACOLOD,TACULING,45010386,PARTYLIST,177 FPJ,2,0.47 %
REGION VI,NEGROS OCCIDENTAL,CITY OF BACOLOD,TACULING,45010386,PARTYLIST,178 LIBRO,0,0.00 %
REGION VI,NEGROS OCCIDENTAL,CITY OF BACOLOD,TACULING,45010386,REP,Candidate,Votes,Percentage
REGION VI,NEGROS OCCIDENTAL,CITY OF BACOLOD,TACULING,45010386,REP,"ATAYDE, DAN (IND)",189,35.39 %
REGION VI,NEGROS OCCIDENTAL,CITY OF BACOLOD,TACULING,45010386,REP,"DAVID, WILLY (IND)",3,0.56 %
REGION VI,NEGROS OCCIDENTAL,CITY OF BACOLOD,TACULING,45010386,REP,"GASATAYA, GREG (NPC)",336,62.92 %
REGION VI,NEGROS OCCIDENTAL,CITY OF BACOLOD,TACULING,45010386,REP,"GUSTILO, ROMY (IND)",3,0.56 %
REGION VI,NEGROS OCCIDENTAL,CITY OF BACOLOD,TACULING,45010386,REP,"SAN MIGUEL, NONONG (PDDS)",3,0.56 %
REGION VI,NEGROS OCCIDENTAL,CITY OF BACOLOD,TACULING,45010386,MAYOR,Candidate,Votes,Percentage
REGION VI,NEGROS OCCIDENTAL,CITY OF BACOLOD,TACULING,45010386,MAYOR,"BENITEZ, ALBEE (PDPLBN)",286,51.43 %
REGION VI,NEGROS OCCIDENTAL,CITY OF BACOLOD,TACULING,45010386,MAYOR,"LEONARDIA, BING (NP)",270,48.56 %
REGION VI,NEGROS OCCIDENTAL,CITY OF BACOLOD,TACULING,45010386,VICE_MAYOR,Candidate,Votes,Percentage
REGION VI,NEGROS OCCIDENTAL,CITY OF BACOLOD,TACULING,45010386,VICE_MAYOR,"DISTRITO, CAESAR (PDPLBN)",143,26.43 %
REGION VI,NEGROS OCCIDENTAL,CITY OF BACOLOD,TACULING,45010386,VICE_MAYOR,"FAMILIARAN, EL CID (NP)",298,55.08 %
REGION VI,NEGROS OCCIDENTAL,CITY OF BACOLOD,TACULING,45010386,VICE_MAYOR,"GAMBOA, WILSON JR. (IND)",100,18.48 %
REGION VI,NEGROS OCCIDENTAL,CITY OF BACOLOD,TACULING,45010386,SP,Candidate,Votes,Percentage
REGION VI,NEGROS OCCIDENTAL,CITY OF BACOLOD,TACULING,45010386,SP,"ANG, EM (NP)",255,4.80 %
REGION VI,NEGROS OCCIDENTAL,CITY OF BACOLOD,TACULING,45010386,SP,"ARROYO, ALAN (IND)",47,0.88 %
REGION VI,NEGROS OCCIDENTAL,CITY OF BACOLOD,TACULING,45010386,SP,"AUJERO, JORGE THE WISE (IND)",9,0.16 %
REGION VI,NEGROS OCCIDENTAL,CITY OF BACOLOD,TACULING,45010386,SP,"BAIS, HOMER (PDPLBN)",153,2.88 %
REGION VI,NEGROS OCCIDENTAL,CITY OF BACOLOD,TACULING,45010386,SP,"BARIBAR, ARCHIE (PROMDI)",226,4.25 %
REGION VI,NEGROS OCCIDENTAL,CITY OF BACOLOD,TACULING,45010386,SP,"BELARIO, 007 (IND)",13,0.24 %
REGION VI,NEGROS OCCIDENTAL,CITY OF BACOLOD,TACULING,45010386,SP,"BELORIA, TOTO CESAR (IND)",70,1.31 %
REGION VI,NEGROS OCCIDENTAL,CITY OF BACOLOD,TACULING,45010386,SP,"CONTRERAS, LR (PRP)",42,0.79 %
REGION VI,NEGROS OCCIDENTAL,CITY OF BACOLOD,TACULING,45010386,SP,"DIAZ, JONATHAN JR. (NP)",128,2.40 %
REGION VI,NEGROS OCCIDENTAL,CITY OF BACOLOD,TACULING,45010386,SP,"DISTRITO, SIMPLE (PDPLBN)",174,3.27 %
REGION VI,NEGROS OCCIDENTAL,CITY OF BACOLOD,TACULING,45010386,SP,"ESPINO, AL (NPC)",209,3.93 %
REGION VI,NEGROS OCCIDENTAL,CITY OF BACOLOD,TACULING,45010386,SP,"FLOR, CELIA (IND)",226,4.25 %
REGION VI,NEGROS OCCIDENTAL,CITY OF BACOLOD,TACULING,45010386,SP,"GICO, VIC (IND)",15,0.28 %
REGION VI,NEGROS OCCIDENTAL,CITY OF BACOLOD,TACULING,45010386,SP,"GONZALEZ, VLADI (PDPLBN)",212,3.99 %
REGION VI,NEGROS OCCIDENTAL,CITY OF BACOLOD,TACULING,45010386,SP,"GUILLEM, ED (NP)",145,2.72 %
REGION VI,NEGROS OCCIDENTAL,CITY OF BACOLOD,TACULING,45010386,SP,"HERMOSURA, BONG (IND)",41,0.77 %
REGION VI,NEGROS OCCIDENTAL,CITY OF BACOLOD,TACULING,45010386,SP,"JAUOD, JIFFY (IND)",12,0.22 %
REGION VI,NEGROS OCCIDENTAL,CITY OF BACOLOD,TACULING,45010386,SP,"LACSON, PATRICK (PDPLBN)",183,3.44 %
REGION VI,NEGROS OCCIDENTAL,CITY OF BACOLOD,TACULING,45010386,SP,"LOPEZ, CARL (NP)",191,3.59 %
REGION VI,NEGROS OCCIDENTAL,CITY OF BACOLOD,TACULING,45010386,SP,"MAYO, MARK STEVEN (NPC)",45,0.84 %
REGION VI,NEGROS OCCIDENTAL,CITY OF BACOLOD,TACULING,45010386,SP,"MONTALVO, CASH (NP)",175,3.29 %
REGION VI,NEGROS OCCIDENTAL,CITY OF BACOLOD,TACULING,45010386,SP,"NACIONALES, FERMIN (IND)",9,0.16 %
REGION VI,NEGROS OCCIDENTAL,CITY OF BACOLOD,TACULING,45010386,SP,"NOVERO, RENECITO (NP)",247,4.64 %
REGION VI,NEGROS OCCIDENTAL,CITY OF BACOLOD,TACULING,45010386,SP,"OROLA, BART (PDPLBN)",161,3.03 %
REGION VI,NEGROS OCCIDENTAL,CITY OF BACOLOD,TACULING,45010386,SP,"PADIOS, EDUARDO (PPM)",50,0.94 %
REGION VI,NEGROS OCCIDENTAL,CITY OF BACOLOD,TACULING,45010386,SP,"PUENTEVELLA, KALAW (PROMDI)",218,4.10 %
REGION VI,NEGROS OCCIDENTAL,CITY OF BACOLOD,TACULING,45010386,SP,"RAMOS, DINDO (NP)",183,3.44 %
REGION VI,NEGROS OCCIDENTAL,CITY OF BACOLOD,TACULING,45010386,SP,"ROJAS, CINDY (NP)",265,4.98 %
REGION VI,NEGROS OCCIDENTAL,CITY OF BACOLOD,TACULING,45010386,SP,"SALANGA, ISRAEL (NP)",260,4.89 %
REGION VI,NEGROS OCCIDENTAL,CITY OF BACOLOD,TACULING,45010386,SP,"SAYSON, THADDY (PDPLBN)",249,4.68 %
REGION VI,NEGROS OCCIDENTAL,CITY OF BACOLOD,TACULING,45010386,SP,"SOLIDUM, MARLON (NPC)",175,3.29 %
REGION VI,NEGROS OCCIDENTAL,CITY OF BACOLOD,TACULING,45010386,SP,"SORONGON, CHRIS (NP)",189,3.55 %
REGION VI,NEGROS OCCIDENTAL,CITY OF BACOLOD,TACULING,45010386,SP,"SY, PAO (NPC)",153,2.88 %
REGION VI,NEGROS OCCIDENTAL,CITY OF BACOLOD,TACULING,45010386,SP,"TAN, CANO GWAPO (AKSYON)",144,2.71 %
REGION VI,NEGROS OCCIDENTAL,CITY OF BACOLOD,TACULING,45010386,SP,"VERDEFLOR, SONYA (UNEGA)",188,3.53 %
REGION VI,NEGROS OCCIDENTAL,CITY OF BACOLOD,TACULING,45010386,SP,"VILLAFUERTE, RICO (IND)",28,0.52 %
REGION VI,NEGROS OCCIDENTAL,CITY OF BACOLOD,TACULING,45010386,SP,"VILLAROSA, JASON (LAKAS)",198,3.72 %
REGION VI,NEGROS OCCIDENTAL,CITY OF BACOLOD,TACULING,45010386,SP,"WEBER, CHRISTIAN (IND)",24,0.45 %
region,province,city,barangay,precinct,position,candidate,votes,percentage
REGION VI,NEGROS OCCIDENTAL,CITY OF BACOLOD,TACULING,45010387,PRESIDENT,Candidate,Votes,Percentage
REGION VI,NEGROS OCCIDENTAL,CITY OF BACOLOD,TACULING,45010387,PRESIDENT,"ABELLA, ERNIE (IND)",5,0.77 %
REGION VI,NEGROS OCCIDENTAL,CITY OF BACOLOD,TACULING,45010387,PRESIDENT,"DE GUZMAN, LEODY (PLM)",1,0.15 %
REGION VI,NEGROS OCCIDENTAL,CITY OF BACOLOD,TACULING,45010387,PRESIDENT,"DOMAGOSO, ISKO MORENO (AKSYON)",18,2.77 %
REGION VI,NEGROS OCCIDENTAL,CITY OF BACOLOD,TACULING,45010387,PRESIDENT,"GONZALES, NORBERTO (PDSP)",0,0.00 %
REGION VI,NEGROS OCCIDENTAL,CITY OF BACOLOD,TACULING,45010387,PRESIDENT,"LACSON, PING (PDR)",4,0.61 %
REGION VI,NEGROS OCCIDENTAL,CITY OF BACOLOD,TACULING,45010387,PRESIDENT,"MANGONDATO, FAISAL (KTPNAN)",0,0.00 %
REGION VI,NEGROS OCCIDENTAL,CITY OF BACOLOD,TACULING,45010387,PRESIDENT,"MARCOS, BONGBONG (PFP)",293,45.14 %
REGION VI,NEGROS OCCIDENTAL,CITY OF BACOLOD,TACULING,45010387,PRESIDENT,"MONTEMAYOR, JOSE JR. (DPP)",2,0.30 %
REGION VI,NEGROS OCCIDENTAL,CITY OF BACOLOD,TACULING,45010387,PRESIDENT,"PACQUIAO, MANNY PACMAN(PROMDI)",60,9.24 %
REGION VI,NEGROS OCCIDENTAL,CITY OF BACOLOD,TACULING,45010387,PRESIDENT,"ROBREDO, LENI (IND)",266,40.98 %
REGION VI,NEGROS OCCIDENTAL,CITY OF BACOLOD,TACULING,45010387,VICE_PRESIDENT,Candidate,Votes,Percentage
REGION VI,NEGROS OCCIDENTAL,CITY OF BACOLOD,TACULING,45010387,VICE_PRESIDENT,"ATIENZA, LITO (PROMDI)",3,0.46 %
REGION VI,NEGROS OCCIDENTAL,CITY OF BACOLOD,TACULING,45010387,VICE_PRESIDENT,"BELLO, WALDEN (PLM)",0,0.00 %
REGION VI,NEGROS OCCIDENTAL,CITY OF BACOLOD,TACULING,45010387,VICE_PRESIDENT,"DAVID, RIZALITO (DPP)",0,0.00 %
REGION VI,NEGROS OCCIDENTAL,CITY OF BACOLOD,TACULING,45010387,VICE_PRESIDENT,"DUTERTE, SARA (LAKAS)",286,44.54 %
REGION VI,NEGROS OCCIDENTAL,CITY OF BACOLOD,TACULING,45010387,VICE_PRESIDENT,"LOPEZ, MANNY SD (WPP)",3,0.46 %
REGION VI,NEGROS OCCIDENTAL,CITY OF BACOLOD,TACULING,45010387,VICE_PRESIDENT,"ONG, DOC WILLIE (AKSYON)",30,4.67 %
REGION VI,NEGROS OCCIDENTAL,CITY OF BACOLOD,TACULING,45010387,VICE_PRESIDENT,"PANGILINAN, KIKO (LP)",174,27.10 %
REGION VI,NEGROS OCCIDENTAL,CITY OF BACOLOD,TACULING,45010387,VICE_PRESIDENT,"SERAPIO, CARLOS (KTPNAN)",1,0.15 %
REGION VI,NEGROS OCCIDENTAL,CITY OF BACOLOD,TACULING,45010387,VICE_PRESIDENT,"SOTTO, VICENTE TITO (NPC)",145,22.58 %
REGION VI,NEGROS OCCIDENTAL,CITY OF BACOLOD,TACULING,45010387,SENATOR,Candidate,Votes,Percentage
REGION VI,NEGROS OCCIDENTAL,CITY OF BACOLOD,TACULING,45010387,SENATOR,"AFUANG, ABNER (IND)",10,0.17 %
REGION VI,NEGROS OCCIDENTAL,CITY OF BACOLOD,TACULING,45010387,SENATOR,"ALBANI, IBRAHIM (WPP)",16,0.28 %
REGION VI,NEGROS OCCIDENTAL,CITY OF BACOLOD,TACULING,45010387,SENATOR,"ARRANZA, MANG JESS (IND)",9,0.15 %
REGION VI,NEGROS OCCIDENTAL,CITY OF BACOLOD,TACULING,45010387,SENATOR,"BAGUILAT, TEDDY (LP)",77,1.35 %
REGION VI,NEGROS OCCIDENTAL,CITY OF BACOLOD,TACULING,45010387,SENATOR,"BAILEN, AGNES (IND)",14,0.24 %
REGION VI,NEGROS OCCIDENTAL,CITY OF BACOLOD,TACULING,45010387,SENATOR,"BALITA, CARL (AKSYON)",30,0.52 %
REGION VI,NEGROS OCCIDENTAL,CITY OF BACOLOD,TACULING,45010387,SENATOR,"BARBO, LUTZ (PDPLBN)",16,0.28 %
REGION VI,NEGROS OCCIDENTAL,CITY OF BACOLOD,TACULING,45010387,SENATOR,"BAUTISTA, HERBERT BISTEK (NPC)",130,2.27 %
REGION VI,NEGROS OCCIDENTAL,CITY OF BACOLOD,TACULING,45010387,SENATOR,"BELGICA, GRECO (PDDS)",23,0.40 %
REGION VI,NEGROS OCCIDENTAL,CITY OF BACOLOD,TACULING,45010387,SENATOR,"BELLO, SILVESTRE JR. (PDPLBN)",26,0.45 %
REGION VI,NEGROS OCCIDENTAL,CITY OF BACOLOD,TACULING,45010387,SENATOR,"BINAY, JOJO (UNA)",159,2.78 %
REGION VI,NEGROS OCCIDENTAL,CITY OF BACOLOD,TACULING,45010387,SENATOR,"CABONEGRO, ROY (PLM)",9,0.15 %
REGION VI,NEGROS OCCIDENTAL,CITY OF BACOLOD,TACULING,45010387,SENATOR,"CASTRICIONES, BRO JOHN(PDPLBN)",14,0.24 %
REGION VI,NEGROS OCCIDENTAL,CITY OF BACOLOD,TACULING,45010387,SENATOR,"CAYETANO, ALAN PETER (IND)",239,4.19 %
REGION VI,NEGROS OCCIDENTAL,CITY OF BACOLOD,TACULING,45010387,SENATOR,"CHAVEZ, MELCHOR (WPP)",20,0.35 %
REGION VI,NEGROS OCCIDENTAL,CITY OF BACOLOD,TACULING,45010387,SENATOR,"COLMENARES, NERI (MKBYN)",156,2.73 %
REGION VI,NEGROS OCCIDENTAL,CITY OF BACOLOD,TACULING,45010387,SENATOR,"D'ANGELO, DAVID (PLM)",8,0.14 %
REGION VI,NEGROS OCCIDENTAL,CITY OF BACOLOD,TACULING,45010387,SENATOR,"DE LIMA, LEILA (LP)",147,2.57 %
REGION VI,NEGROS OCCIDENTAL,CITY OF BACOLOD,TACULING,45010387,SENATOR,"DEL ROSARIO, MONSOUR (PDR)",78,1.36 %
REGION VI,NEGROS OCCIDENTAL,CITY OF BACOLOD,TACULING,45010387,SENATOR,"DIAZ, DING (PPP)",14,0.24 %
REGION VI,NEGROS OCCIDENTAL,CITY OF BACOLOD,TACULING,45010387,SENATOR,"DIOKNO, CHEL (KANP)",174,3.05 %
REGION VI,NEGROS OCCIDENTAL,CITY OF BACOLOD,TACULING,45010387,SENATOR,"EJERCITO, JV ESTRADA (NPC)",189,3.31 %
REGION VI,NEGROS OCCIDENTAL,CITY OF BACOLOD,TACULING,45010387,SENATOR,"ELEAZAR, GEN. GUILLERMO (PDR)",131,2.29 %
REGION VI,NEGROS OCCIDENTAL,CITY OF BACOLOD,TACULING,45010387,SENATOR,"EREÑO, BRO. ERNIE (PM)",12,0.21 %
REGION VI,NEGROS OCCIDENTAL,CITY OF BACOLOD,TACULING,45010387,SENATOR,"ESCUDERO, CHIZ (NPC)",254,4.45 %
REGION VI,NEGROS OCCIDENTAL,CITY OF BACOLOD,TACULING,45010387,SENATOR,"ESPIRITU, LUKE (PLM)",78,1.36 %
REGION VI,NEGROS OCCIDENTAL,CITY OF BACOLOD,TACULING,45010387,SENATOR,"ESTRADA, JINGGOY (PMP)",149,2.61 %
REGION VI,NEGROS OCCIDENTAL,CITY OF BACOLOD,TACULING,45010387,SENATOR,"FALCONE, BAL FALCON (DPP)",12,0.21 %
REGION VI,NEGROS OCCIDENTAL,CITY OF BACOLOD,TACULING,45010387,SENATOR,"GADON, LARRY (KBL)",107,1.87 %
REGION VI,NEGROS OCCIDENTAL,CITY OF BACOLOD,TACULING,45010387,SENATOR,"GATCHALIAN, WIN (NPC)",230,4.03 %
REGION VI,NEGROS OCCIDENTAL,CITY OF BACOLOD,TACULING,45010387,SENATOR,"GORDON, WOW DICK (BVNP)",167,2.92 %
REGION VI,NEGROS OCCIDENTAL,CITY OF BACOLOD,TACULING,45010387,SENATOR,"GUTOC, SAMIRA (AKSYON)",20,0.35 %
REGION VI,NEGROS OCCIDENTAL,CITY OF BACOLOD,TACULING,45010387,SENATOR,"HONASAN, GRINGO (IND)",130,2.27 %
REGION VI,NEGROS OCCIDENTAL,CITY OF BACOLOD,TACULING,45010387,SENATOR,"HONTIVEROS, RISA (AKBAYAN)",265,4.64 %
REGION VI,NEGROS OCCIDENTAL,CITY OF BACOLOD,TACULING,45010387,SENATOR,"JAVELLANA, RJ (IND)",19,0.33 %
REGION VI,NEGROS OCCIDENTAL,CITY OF BACOLOD,TACULING,45010387,SENATOR,"KIRAM, NUR-MAHAL (IND)",7,0.12 %
REGION VI,NEGROS OCCIDENTAL,CITY OF BACOLOD,TACULING,45010387,SENATOR,"LABOG, ELMER (MKBYN)",17,0.29 %
REGION VI,NEGROS OCCIDENTAL,CITY OF BACOLOD,TACULING,45010387,SENATOR,"LACSON, KUYA ALEX (KP)",127,2.22 %
REGION VI,NEGROS OCCIDENTAL,CITY OF BACOLOD,TACULING,45010387,SENATOR,"LANGIT, REY (PDPLBN)",13,0.22 %
REGION VI,NEGROS OCCIDENTAL,CITY OF BACOLOD,TACULING,45010387,SENATOR,"LEGARDA, LOREN (NPC)",298,5.22 %
REGION VI,NEGROS OCCIDENTAL,CITY OF BACOLOD,TACULING,45010387,SENATOR,"LIM, ARIEL (IND)",13,0.22 %
REGION VI,NEGROS OCCIDENTAL,CITY OF BACOLOD,TACULING,45010387,SENATOR,"MALLILLIN, EMILY (PPM)",12,0.21 %
REGION VI,NEGROS OCCIDENTAL,CITY OF BACOLOD,TACULING,45010387,SENATOR,"MARCOLETA, RODANTE (PDPLBN)",38,0.66 %
REGION VI,NEGROS OCCIDENTAL,CITY OF BACOLOD,TACULING,45010387,SENATOR,"MARCOS, FRANCIS LEO (IND)",61,1.06 %
REGION VI,NEGROS OCCIDENTAL,CITY OF BACOLOD,TACULING,45010387,SENATOR,"MATULA, SONNY (IND)",47,0.82 %
REGION VI,NEGROS OCCIDENTAL,CITY OF BACOLOD,TACULING,45010387,SENATOR,"MINDALANO-ADAM,MARIETA(KTPNAN)",12,0.21 %
REGION VI,NEGROS OCCIDENTAL,CITY OF BACOLOD,TACULING,45010387,SENATOR,"OLARTE, ATTY/DR. LEO (BIGKIS)",10,0.17 %
REGION VI,NEGROS OCCIDENTAL,CITY OF BACOLOD,TACULING,45010387,SENATOR,"PADILLA, DRA. MINGUITA (PDR)",44,0.77 %
REGION VI,NEGROS OCCIDENTAL,CITY OF BACOLOD,TACULING,45010387,SENATOR,"PADILLA, ROBIN (PDPLBN)",278,4.87 %
REGION VI,NEGROS OCCIDENTAL,CITY OF BACOLOD,TACULING,45010387,SENATOR,"PANELO, SAL PANALO (PDPLBN)",56,0.98 %
REGION VI,NEGROS OCCIDENTAL,CITY OF BACOLOD,TACULING,45010387,SENATOR,"PIMENTEL, ASTRA (PDPLBN)",62,1.08 %
REGION VI,NEGROS OCCIDENTAL,CITY OF BACOLOD,TACULING,45010387,SENATOR,"PIÑOL, MANNY (NPC)",33,0.57 %
REGION VI,NEGROS OCCIDENTAL,CITY OF BACOLOD,TACULING,45010387,SENATOR,"RICABLANCA, WILLIE JR. (PM)",11,0.19 %
REGION VI,NEGROS OCCIDENTAL,CITY OF BACOLOD,TACULING,45010387,SENATOR,"ROQUE, HARRY SPOX (PRP)",90,1.57 %
REGION VI,NEGROS OCCIDENTAL,CITY OF BACOLOD,TACULING,45010387,SENATOR,"SAHIDULLA, LADY ANNE (PDDS)",6,0.10 %
REGION VI,NEGROS OCCIDENTAL,CITY OF BACOLOD,TACULING,45010387,SENATOR,"SISON, JOPET (AKSYON)",27,0.47 %
REGION VI,NEGROS OCCIDENTAL,CITY OF BACOLOD,TACULING,45010387,SENATOR,"TEODORO, GIBO (PRP)",172,3.01 %
REGION VI,NEGROS OCCIDENTAL,CITY OF BACOLOD,TACULING,45010387,SENATOR,"TRILLANES, ANTONIO IV (LP)",167,2.92 %
REGION VI,NEGROS OCCIDENTAL,CITY OF BACOLOD,TACULING,45010387,SENATOR,"TULFO, IDOL RAFFY (IND)",282,4.94 %
REGION VI,NEGROS OCCIDENTAL,CITY OF BACOLOD,TACULING,45010387,SENATOR,"VALEROS, REY (IND)",12,0.21 %
REGION VI,NEGROS OCCIDENTAL,CITY OF BACOLOD,TACULING,45010387,SENATOR,"VILLANUEVA,JOEL TESDAMAN (IND)",191,3.34 %
REGION VI,NEGROS OCCIDENTAL,CITY OF BACOLOD,TACULING,45010387,SENATOR,"VILLAR, MARK (NP)",209,3.66 %
REGION VI,NEGROS OCCIDENTAL,CITY OF BACOLOD,TACULING,45010387,SENATOR,"ZUBIAGA, CARMEN (IND)",8,0.14 %
REGION VI,NEGROS OCCIDENTAL,CITY OF BACOLOD,TACULING,45010387,SENATOR,"ZUBIRI, MIGZ (IND)",268,4.69 %
REGION VI,NEGROS OCCIDENTAL,CITY OF BACOLOD,TACULING,45010387,PARTYLIST,Candidate,Votes,Percentage
REGION VI,NEGROS OCCIDENTAL,CITY OF BACOLOD,TACULING,45010387,PARTYLIST,01 KAMALAYAN,0,0.00 %
REGION VI,NEGROS OCCIDENTAL,CITY OF BACOLOD,TACULING,45010387,PARTYLIST,02 KM NGAYON NA,2,0.46 %
REGION VI,NEGROS OCCIDENTAL,CITY OF BACOLOD,TACULING,45010387,PARTYLIST,03 PSIS,0,0.00 %
REGION VI,NEGROS OCCIDENTAL,CITY OF BACOLOD,TACULING,45010387,PARTYLIST,04 AGAP,1,0.23 %
REGION VI,NEGROS OCCIDENTAL,CITY OF BACOLOD,TACULING,45010387,PARTYLIST,05 KABAYAN,3,0.69 %
REGION VI,NEGROS OCCIDENTAL,CITY OF BACOLOD,TACULING,45010387,PARTYLIST,06 HOME OWNER,1,0.23 %
REGION VI,NEGROS OCCIDENTAL,CITY OF BACOLOD,TACULING,45010387,PARTYLIST,07 KAPUSO-PM,1,0.23 %
REGION VI,NEGROS OCCIDENTAL,CITY OF BACOLOD,TACULING,45010387,PARTYLIST,08 PDP CARES,2,0.46 %
REGION VI,NEGROS OCCIDENTAL,CITY OF BACOLOD,TACULING,45010387,PARTYLIST,09 MARVELOUS TAYO,2,0.46 %
REGION VI,NEGROS OCCIDENTAL,CITY OF BACOLOD,TACULING,45010387,PARTYLIST,10 AKO OFW,2,0.46 %
REGION VI,NEGROS OCCIDENTAL,CITY OF BACOLOD,TACULING,45010387,PARTYLIST,11 UNITED SENIOR CITIZEN,1,0.23 %
REGION VI,NEGROS OCCIDENTAL,CITY OF BACOLOD,TACULING,45010387,PARTYLIST,12 WOW PILIPINAS,1,0.23 %
REGION VI,NEGROS OCCIDENTAL,CITY OF BACOLOD,TACULING,45010387,PARTYLIST,13 ALTERNATIBA,0,0.00 %
REGION VI,NEGROS OCCIDENTAL,CITY OF BACOLOD,TACULING,45010387,PARTYLIST,14 1-RIDER PARTYLIST,8,1.85 %
REGION VI,NEGROS OCCIDENTAL,CITY OF BACOLOD,TACULING,45010387,PARTYLIST,15 1-CARE,0,0.00 %
REGION VI,NEGROS OCCIDENTAL,CITY OF BACOLOD,TACULING,45010387,PARTYLIST,16 ABP,0,0.00 %
REGION VI,NEGROS OCCIDENTAL,CITY OF BACOLOD,TACULING,45010387,PARTYLIST,17 AKO MUSIKERO,0,0.00 %
REGION VI,NEGROS OCCIDENTAL,CITY OF BACOLOD,TACULING,45010387,PARTYLIST,18 AKO BICOL,0,0.00 %
REGION VI,NEGROS OCCIDENTAL,CITY OF BACOLOD,TACULING,45010387,PARTYLIST,19 PRAI,0,0.00 %
REGION VI,NEGROS OCCIDENTAL,CITY OF BACOLOD,TACULING,45010387,PARTYLIST,20 4PS,1,0.23 %
REGION VI,NEGROS OCCIDENTAL,CITY OF BACOLOD,TACULING,45010387,PARTYLIST,21 MAAGAP,1,0.23 %
REGION VI,NEGROS OCCIDENTAL,CITY OF BACOLOD,TACULING,45010387,PARTYLIST,22 ABANTE PILIPINAS,1,0.23 %
REGION VI,NEGROS OCCIDENTAL,CITY OF BACOLOD,TACULING,45010387,PARTYLIST,23 AKTIBONG KAAGAPAY,0,0.00 %
REGION VI,NEGROS OCCIDENTAL,CITY OF BACOLOD,TACULING,45010387,PARTYLIST,24 ALSA BISAYA,0,0.00 %
REGION VI,NEGROS OCCIDENTAL,CITY OF BACOLOD,TACULING,45010387,PARTYLIST,25 PROBINSYANO AKO,2,0.46 %
REGION VI,NEGROS OCCIDENTAL,CITY OF BACOLOD,TACULING,45010387,PARTYLIST,26 YACAP,1,0.23 %
REGION VI,NEGROS OCCIDENTAL,CITY OF BACOLOD,TACULING,45010387,PARTYLIST,27 MAGDALO,3,0.69 %
REGION VI,NEGROS OCCIDENTAL,CITY OF BACOLOD,TACULING,45010387,PARTYLIST,28 ACT-CIS,20,4.62 %
REGION VI,NEGROS OCCIDENTAL,CITY OF BACOLOD,TACULING,45010387,PARTYLIST,29 HUGPONG FEDERAL,0,0.00 %
REGION VI,NEGROS OCCIDENTAL,CITY OF BACOLOD,TACULING,45010387,PARTYLIST,30 TGP,4,0.92 %
REGION VI,NEGROS OCCIDENTAL,CITY OF BACOLOD,TACULING,45010387,PARTYLIST,31 ONE COOP,1,0.23 %
REGION VI,NEGROS OCCIDENTAL,CITY OF BACOLOD,TACULING,45010387,PARTYLIST,32 BARKADAHAN,0,0.00 %
REGION VI,NEGROS OCCIDENTAL,CITY OF BACOLOD,TACULING,45010387,PARTYLIST,33 DUMPER PTDA,2,0.46 %
REGION VI,NEGROS OCCIDENTAL,CITY OF BACOLOD,TACULING,45010387,PARTYLIST,34 MALABUNG,0,0.00 %
REGION VI,NEGROS OCCIDENTAL,CITY OF BACOLOD,TACULING,45010387,PARTYLIST,35 BH (BAGONG HENERASYON),2,0.46 %
REGION VI,NEGROS OCCIDENTAL,CITY OF BACOLOD,TACULING,45010387,PARTYLIST,36 AKMA-PTM,0,0.00 %
REGION VI,NEGROS OCCIDENTAL,CITY OF BACOLOD,TACULING,45010387,PARTYLIST,37 IPATUPAD,1,0.23 %
REGION VI,NEGROS OCCIDENTAL,CITY OF BACOLOD,TACULING,45010387,PARTYLIST,38 PINUNO,2,0.46 %
REGION VI,NEGROS OCCIDENTAL,CITY OF BACOLOD,TACULING,45010387,PARTYLIST,39 LPGMA,0,0.00 %
REGION VI,NEGROS OCCIDENTAL,CITY OF BACOLOD,TACULING,45010387,PARTYLIST,40 CLICK PARTY,0,0.00 %
REGION VI,NEGROS OCCIDENTAL,CITY OF BACOLOD,TACULING,45010387,PARTYLIST,41 TODA,0,0.00 %
REGION VI,NEGROS OCCIDENTAL,CITY OF BACOLOD,TACULING,45010387,PARTYLIST,42 BHW,0,0.00 %
REGION VI,NEGROS OCCIDENTAL,CITY OF BACOLOD,TACULING,45010387,PARTYLIST,43 MALASAKIT@BAYANIHAN,64,14.81 %
REGION VI,NEGROS OCCIDENTAL,CITY OF BACOLOD,TACULING,45010387,PARTYLIST,44 ABS,0,0.00 %
REGION VI,NEGROS OCCIDENTAL,CITY OF BACOLOD,TACULING,45010387,PARTYLIST,45 PASAHERO PARTYLIST,1,0.23 %
REGION VI,NEGROS OCCIDENTAL,CITY OF BACOLOD,TACULING,45010387,PARTYLIST,46 ANGAT,3,0.69 %
REGION VI,NEGROS OCCIDENTAL,CITY OF BACOLOD,TACULING,45010387,PARTYLIST,47 SOLID-CHANGE,0,0.00 %
REGION VI,NEGROS OCCIDENTAL,CITY OF BACOLOD,TACULING,45010387,PARTYLIST,48 BICOL SARO,0,0.00 %
REGION VI,NEGROS OCCIDENTAL,CITY OF BACOLOD,TACULING,45010387,PARTYLIST,49 OFW,2,0.46 %
REGION VI,NEGROS OCCIDENTAL,CITY OF BACOLOD,TACULING,45010387,PARTYLIST,50 ANG PROBINSIYANO,5,1.15 %
REGION VI,NEGROS OCCIDENTAL,CITY OF BACOLOD,TACULING,45010387,PARTYLIST,51 ANAKALUSUGAN,1,0.23 %
REGION VI,NEGROS OCCIDENTAL,CITY OF BACOLOD,TACULING,45010387,PARTYLIST,52 PBA,1,0.23 %
REGION VI,NEGROS OCCIDENTAL,CITY OF BACOLOD,TACULING,45010387,PARTYLIST,53 PEACE,6,1.38 %
REGION VI,NEGROS OCCIDENTAL,CITY OF BACOLOD,TACULING,45010387,PARTYLIST,54 P3PWD,9,2.08 %
REGION VI,NEGROS OCCIDENTAL,CITY OF BACOLOD,TACULING,45010387,PARTYLIST,55 S.M.I.L.E,0,0.00 %
REGION VI,NEGROS OCCIDENTAL,CITY OF BACOLOD,TACULING,45010387,PARTYLIST,56 AAMBIS-OWA,0,0.00 %
REGION VI,NEGROS OCCIDENTAL,CITY OF BACOLOD,TACULING,45010387,PARTYLIST,57 BUTIL,0,0.00 %
REGION VI,NEGROS OCCIDENTAL,CITY OF BACOLOD,TACULING,45010387,PARTYLIST,58 LUNAS,1,0.23 %
REGION VI,NEGROS OCCIDENTAL,CITY OF BACOLOD,TACULING,45010387,PARTYLIST,59 ANG KOMADRONA,0,0.00 %
REGION VI,NEGROS OCCIDENTAL,CITY OF BACOLOD,TACULING,45010387,PARTYLIST,60 KABAKA,0,0.00 %
REGION VI,NEGROS OCCIDENTAL,CITY OF BACOLOD,TACULING,45010387,PARTYLIST,61 SAGIP,0,0.00 %
REGION VI,NEGROS OCCIDENTAL,CITY OF BACOLOD,TACULING,45010387,PARTYLIST,62 ANG KABUHAYAN,0,0.00 %
REGION VI,NEGROS OCCIDENTAL,CITY OF BACOLOD,TACULING,45010387,PARTYLIST,63 AKO I.P.,0,0.00 %
REGION VI,NEGROS OCCIDENTAL,CITY OF BACOLOD,TACULING,45010387,PARTYLIST,64 PHILRECA,0,0.00 %
REGION VI,NEGROS OCCIDENTAL,CITY OF BACOLOD,TACULING,45010387,PARTYLIST,65 BABAE AKO,1,0.23 %
REGION VI,NEGROS OCCIDENTAL,CITY OF BACOLOD,TACULING,45010387,PARTYLIST,66 KB,0,0.00 %
REGION VI,NEGROS OCCIDENTAL,CITY OF BACOLOD,TACULING,45010387,PARTYLIST,67 GABRIELA,10,2.31 %
REGION VI,NEGROS OCCIDENTAL,CITY OF BACOLOD,TACULING,45010387,PARTYLIST,68 KALINGA,1,0.23 %
REGION VI,NEGROS OCCIDENTAL,CITY OF BACOLOD,TACULING,45010387,PARTYLIST,69 STL,0,0.00 %
REGION VI,NEGROS OCCIDENTAL,CITY OF BACOLOD,TACULING,45010387,PARTYLIST,70 RECOBODA,0,0.00 %
REGION VI,NEGROS OCCIDENTAL,CITY OF BACOLOD,TACULING,45010387,PARTYLIST,71 ANGAT PINOY,0,0.00 %
REGION VI,NEGROS OCCIDENTAL,CITY OF BACOLOD,TACULING,45010387,PARTYLIST,72 ANAC-IP,0,0.00 %
REGION VI,NEGROS OCCIDENTAL,CITY OF BACOLOD,TACULING,45010387,PARTYLIST,73 DIWA,1,0.23 %
REGION VI,NEGROS OCCIDENTAL,CITY OF BACOLOD,TACULING,45010387,PARTYLIST,74 ASENSO PINOY,0,0.00 %
REGION VI,NEGROS OCCIDENTAL,CITY OF BACOLOD,TACULING,45010387,PARTYLIST,75 PPP,0,0.00 %
REGION VI,NEGROS OCCIDENTAL,CITY OF BACOLOD,TACULING,45010387,PARTYLIST,76 PAMILYA MUNA,1,0.23 %
REGION VI,NEGROS OCCIDENTAL,CITY OF BACOLOD,TACULING,45010387,PARTYLIST,77 AYUDA SANDUGO,0,0.00 %
REGION VI,NEGROS OCCIDENTAL,CITY OF BACOLOD,TACULING,45010387,PARTYLIST,78 BUKLOD FILIPINO,0,0.00 %
REGION VI,NEGROS OCCIDENTAL,CITY OF BACOLOD,TACULING,45010387,PARTYLIST,79 BTS,0,0.00 %
REGION VI,NEGROS OCCIDENTAL,CITY OF BACOLOD,TACULING,45010387,PARTYLIST,80 MOCHA,0,0.00 %
REGION VI,NEGROS OCCIDENTAL,CITY OF BACOLOD,TACULING,45010387,PARTYLIST,81 ACT TEACHERS,2,0.46 %
REGION VI,NEGROS OCCIDENTAL,CITY OF BACOLOD,TACULING,45010387,PARTYLIST,82 ALONA,0,0.00 %
REGION VI,NEGROS OCCIDENTAL,CITY OF BACOLOD,TACULING,45010387,PARTYLIST,83 KABALIKAT,1,0.23 %
REGION VI,NEGROS OCCIDENTAL,CITY OF BACOLOD,TACULING,45010387,PARTYLIST,84 ALIF,0,0.00 %
REGION VI,NEGROS OCCIDENTAL,CITY OF BACOLOD,TACULING,45010387,PARTYLIST,85 1-UTAP BICOL,0,0.00 %
REGION VI,NEGROS OCCIDENTAL,CITY OF BACOLOD,TACULING,45010387,PARTYLIST,86 TINGOG,0,0.00 %
REGION VI,NEGROS OCCIDENTAL,CITY OF BACOLOD,TACULING,45010387,PARTYLIST,87 H.E.L.P. PILIPINAS,0,0.00 %
REGION VI,NEGROS OCCIDENTAL,CITY OF BACOLOD,TACULING,45010387,PARTYLIST,88 TUCP,0,0.00 %
REGION VI,NEGROS OCCIDENTAL,CITY OF BACOLOD,TACULING,45010387,PARTYLIST,89 PTA,0,0.00 %
REGION VI,NEGROS OCCIDENTAL,CITY OF BACOLOD,TACULING,45010387,PARTYLIST,90 AGIMAT,1,0.23 %
REGION VI,NEGROS OCCIDENTAL,CITY OF BACOLOD,TACULING,45010387,PARTYLIST,91 KONTRA BROWNOUT,2,0.46 %
REGION VI,NEGROS OCCIDENTAL,CITY OF BACOLOD,TACULING,45010387,PARTYLIST,92 TULUNGAN TAYO,0,0.00 %
REGION VI,NEGROS OCCIDENTAL,CITY OF BACOLOD,TACULING,45010387,PARTYLIST,93 DUTERTE YOUTH,1,0.23 %
REGION VI,NEGROS OCCIDENTAL,CITY OF BACOLOD,TACULING,45010387,PARTYLIST,94 ABEKA,0,0.00 %
REGION VI,NEGROS OCCIDENTAL,CITY OF BACOLOD,TACULING,45010387,PARTYLIST,95 KABATAAN,1,0.23 %
REGION VI,NEGROS OCCIDENTAL,CITY OF BACOLOD,TACULING,45010387,PARTYLIST,97 ACTS-OFW,0,0.00 %
REGION VI,NEGROS OCCIDENTAL,CITY OF BACOLOD,TACULING,45010387,PARTYLIST,98 RAM,0,0.00 %
REGION VI,NEGROS OCCIDENTAL,CITY OF BACOLOD,TACULING,45010387,PARTYLIST,99 USWAG ILONGGO,21,4.86 %
REGION VI,NEGROS OCCIDENTAL,CITY OF BACOLOD,TACULING,45010387,PARTYLIST,100 AKO BISAYA,0,0.00 %
REGION VI,NEGROS OCCIDENTAL,CITY OF BACOLOD,TACULING,45010387,PARTYLIST,101 KAPAMILYA,2,0.46 %
REGION VI,NEGROS OCCIDENTAL,CITY OF BACOLOD,TACULING,45010387,PARTYLIST,102 PUSONG PINOY,0,0.00 %
REGION VI,NEGROS OCCIDENTAL,CITY OF BACOLOD,TACULING,45010387,PARTYLIST,103 CWS,0,0.00 %
REGION VI,NEGROS OCCIDENTAL,CITY OF BACOLOD,TACULING,45010387,PARTYLIST,104 SILBI,0,0.00 %
REGION VI,NEGROS OCCIDENTAL,CITY OF BACOLOD,TACULING,45010387,PARTYLIST,105 CIBAC,3,0.69 %
REGION VI,NEGROS OCCIDENTAL,CITY OF BACOLOD,TACULING,45010387,PARTYLIST,106 SUBANEN,0,0.00 %
REGION VI,NEGROS OCCIDENTAL,CITY OF BACOLOD,TACULING,45010387,PARTYLIST,107 AKKK,0,0.00 %
REGION VI,NEGROS OCCIDENTAL,CITY OF BACOLOD,TACULING,45010387,PARTYLIST,108 BG PARTY-LIST,0,0.00 %
REGION VI,NEGROS OCCIDENTAL,CITY OF BACOLOD,TACULING,45010387,PARTYLIST,109 PAMILYANG MAGSASAKA,1,0.23 %
REGION VI,NEGROS OCCIDENTAL,CITY OF BACOLOD,TACULING,45010387,PARTYLIST,110 COOP NATCCO,3,0.69 %
REGION VI,NEGROS OCCIDENTAL,CITY OF BACOLOD,TACULING,45010387,PARTYLIST,111 FRONTLINERS ANG BIDA,1,0.23 %
REGION VI,NEGROS OCCIDENTAL,CITY OF BACOLOD,TACULING,45010387,PARTYLIST,112 KASAMA,0,0.00 %
REGION VI,NEGROS OCCIDENTAL,CITY OF BACOLOD,TACULING,45010387,PARTYLIST,113 AKO BISDAK,1,0.23 %
REGION VI,NEGROS OCCIDENTAL,CITY OF BACOLOD,TACULING,45010387,PARTYLIST,114 GP PARTY,0,0.00 %
REGION VI,NEGROS OCCIDENTAL,CITY OF BACOLOD,TACULING,45010387,PARTYLIST,115 BAHAY,1,0.23 %
REGION VI,NEGROS OCCIDENTAL,CITY OF BACOLOD,TACULING,45010387,PARTYLIST,116 MAGSASAKA,1,0.23 %
REGION VI,NEGROS OCCIDENTAL,CITY OF BACOLOD,TACULING,45010387,PARTYLIST,117 MARINO,3,0.69 %
REGION VI,NEGROS OCCIDENTAL,CITY OF BACOLOD,TACULING,45010387,PARTYLIST,118 UNITED FRONTLINERS,0,0.00 %
REGION VI,NEGROS OCCIDENTAL,CITY OF BACOLOD,TACULING,45010387,PARTYLIST,119 L.O.G.R.O. KUSINERO,0,0.00 %
REGION VI,NEGROS OCCIDENTAL,CITY OF BACOLOD,TACULING,45010387,PARTYLIST,120 BPO,0,0.00 %
REGION VI,NEGROS OCCIDENTAL,CITY OF BACOLOD,TACULING,45010387,PARTYLIST,121 ABANG LINGKOD,150,34.72 %
REGION VI,NEGROS OCCIDENTAL,CITY OF BACOLOD,TACULING,45010387,PARTYLIST,122 KUSUG TAUSUG,1,0.23 %
REGION VI,NEGROS OCCIDENTAL,CITY OF BACOLOD,TACULING,45010387,PARTYLIST,123 PLM,1,0.23 %
REGION VI,NEGROS OCCIDENTAL,CITY OF BACOLOD,TACULING,45010387,PARTYLIST,124 OK PARTYLIST,0,0.00 %
REGION VI,NEGROS OCCIDENTAL,CITY OF BACOLOD,TACULING,45010387,PARTYLIST,125 A TEACHER,0,0.00 %
REGION VI,NEGROS OCCIDENTAL,CITY OF BACOLOD,TACULING,45010387,PARTYLIST,126 PASADA-CC,0,0.00 %
REGION VI,NEGROS OCCIDENTAL,CITY OF BACOLOD,TACULING,45010387,PARTYLIST,127 OFW FAMILY,0,0.00 %
REGION VI,NEGROS OCCIDENTAL,CITY OF BACOLOD,TACULING,45010387,PARTYLIST,128 ANGKLA,2,0.46 %
REGION VI,NEGROS OCCIDENTAL,CITY OF BACOLOD,TACULING,45010387,PARTYLIST,129 COCOMAN,0,0.00 %
REGION VI,NEGROS OCCIDENTAL,CITY OF BACOLOD,TACULING,45010387,PARTYLIST,130 ACT AS ONE,1,0.23 %
REGION VI,NEGROS OCCIDENTAL,CITY OF BACOLOD,TACULING,45010387,PARTYLIST,131 AKO ILOCANO AKO,14,3.24 %
REGION VI,NEGROS OCCIDENTAL,CITY OF BACOLOD,TACULING,45010387,PARTYLIST,132 TRABAHO,0,0.00 %
REGION VI,NEGROS OCCIDENTAL,CITY OF BACOLOD,TACULING,45010387,PARTYLIST,133 PATROL,0,0.00 %
REGION VI,NEGROS OCCIDENTAL,CITY OF BACOLOD,TACULING,45010387,PARTYLIST,134 AKO PADAYON,0,0.00 %
REGION VI,NEGROS OCCIDENTAL,CITY OF BACOLOD,TACULING,45010387,PARTYLIST,135 ABONO,0,0.00 %
REGION VI,NEGROS OCCIDENTAL,CITY OF BACOLOD,TACULING,45010387,PARTYLIST,136 MANILA TEACHERS,0,0.00 %
REGION VI,NEGROS OCCIDENTAL,CITY OF BACOLOD,TACULING,45010387,PARTYLIST,137 KOOP-KAMPI,1,0.23 %
REGION VI,NEGROS OCCIDENTAL,CITY OF BACOLOD,TACULING,45010387,PARTYLIST,138 MAYPAGASA,0,0.00 %
REGION VI,NEGROS OCCIDENTAL,CITY OF BACOLOD,TACULING,45010387,PARTYLIST,139 PVAID,0,0.00 %
REGION VI,NEGROS OCCIDENTAL,CITY OF BACOLOD,TACULING,45010387,PARTYLIST,140 TUTOK TO WIN,9,2.08 %
REGION VI,NEGROS OCCIDENTAL,CITY OF BACOLOD,TACULING,45010387,PARTYLIST,141 BAYAN MUNA,3,0.69 %
REGION VI,NEGROS OCCIDENTAL,CITY OF BACOLOD,TACULING,45010387,PARTYLIST,142 API,0,0.00 %
REGION VI,NEGROS OCCIDENTAL,CITY OF BACOLOD,TACULING,45010387,PARTYLIST,143 ARTE,0,0.00 %
REGION VI,NEGROS OCCIDENTAL,CITY OF BACOLOD,TACULING,45010387,PARTYLIST,144 ASAP,0,0.00 %
REGION VI,NEGROS OCCIDENTAL,CITY OF BACOLOD,TACULING,45010387,PARTYLIST,145 BUNYOG,1,0.23 %
REGION VI,NEGROS OCCIDENTAL,CITY OF BACOLOD,TACULING,45010387,PARTYLIST,146 AKBAYAN,6,1.38 %
REGION VI,NEGROS OCCIDENTAL,CITY OF BACOLOD,TACULING,45010387,PARTYLIST,147 DAMAYAN,0,0.00 %
REGION VI,NEGROS OCCIDENTAL,CITY OF BACOLOD,TACULING,45010387,PARTYLIST,148 WIFI,2,0.46 %
REGION VI,NEGROS OCCIDENTAL,CITY OF BACOLOD,TACULING,45010387,PARTYLIST,149 CANCER PARTY LIST,0,0.00 %
REGION VI,NEGROS OCCIDENTAL,CITY OF BACOLOD,TACULING,45010387,PARTYLIST,150 1-ANG EDUKASYON,1,0.23 %
REGION VI,NEGROS OCCIDENTAL,CITY OF BACOLOD,TACULING,45010387,PARTYLIST,151 UFCC,0,0.00 %
REGION VI,NEGROS OCCIDENTAL,CITY OF BACOLOD,TACULING,45010387,PARTYLIST,152 AGRI,0,0.00 %
REGION VI,NEGROS OCCIDENTAL,CITY OF BACOLOD,TACULING,45010387,PARTYLIST,153 MAHARLIKA,0,0.00 %
REGION VI,NEGROS OCCIDENTAL,CITY OF BACOLOD,TACULING,45010387,PARTYLIST,154 ANAKPAWIS,0,0.00 %
REGION VI,NEGROS OCCIDENTAL,CITY OF BACOLOD,TACULING,45010387,PARTYLIST,155 1TAHANAN,2,0.46 %
REGION VI,NEGROS OCCIDENTAL,CITY OF BACOLOD,TACULING,45010387,PARTYLIST,156 TURISMO,0,0.00 %
REGION VI,NEGROS OCCIDENTAL,CITY OF BACOLOD,TACULING,45010387,PARTYLIST,157 APEC,0,0.00 %
REGION VI,NEGROS OCCIDENTAL,CITY OF BACOLOD,TACULING,45010387,PARTYLIST,158 SENIOR CITIZENS PARTYLIST,4,0.92 %
REGION VI,NEGROS OCCIDENTAL,CITY OF BACOLOD,TACULING,45010387,PARTYLIST,159 AASENSO,2,0.46 %
REGION VI,NEGROS OCCIDENTAL,CITY OF BACOLOD,TACULING,45010387,PARTYLIST,160 AMIN,0,0.00 %
REGION VI,NEGROS OCCIDENTAL,CITY OF BACOLOD,TACULING,45010387,PARTYLIST,161 1-PACMAN,4,0.92 %
REGION VI,NEGROS OCCIDENTAL,CITY OF BACOLOD,TACULING,45010387,PARTYLIST,162 ABB-NFCPI,0,0.00 %
REGION VI,NEGROS OCCIDENTAL,CITY OF BACOLOD,TACULING,45010387,PARTYLIST,163 AN WARAY,0,0.00 %
REGION VI,NEGROS OCCIDENTAL,CITY OF BACOLOD,TACULING,45010387,PARTYLIST,164 AP PARTYLIST,1,0.23 %
REGION VI,NEGROS OCCIDENTAL,CITY OF BACOLOD,TACULING,45010387,PARTYLIST,165 AKAP PINOY,0,0.00 %
REGION VI,NEGROS OCCIDENTAL,CITY OF BACOLOD,TACULING,45010387,PARTYLIST,166 BUHAY,0,0.00 %
REGION VI,NEGROS OCCIDENTAL,CITY OF BACOLOD,TACULING,45010387,PARTYLIST,167 ARISE,0,0.00 %
REGION VI,NEGROS OCCIDENTAL,CITY OF BACOLOD,TACULING,45010387,PARTYLIST,168 IWI,0,0.00 %
REGION VI,NEGROS OCCIDENTAL,CITY OF BACOLOD,TACULING,45010387,PARTYLIST,169 ANG TINIG NG SENIORS,1,0.23 %
REGION VI,NEGROS OCCIDENTAL,CITY OF BACOLOD,TACULING,45010387,PARTYLIST,170 LBP,0,0.00 %
REGION VI,NEGROS OCCIDENTAL,CITY OF BACOLOD,TACULING,45010387,PARTYLIST,171 IPEACE EPANAW,0,0.00 %
REGION VI,NEGROS OCCIDENTAL,CITY OF BACOLOD,TACULING,45010387,PARTYLIST,172 APAT-DAPAT,0,0.00 %
REGION VI,NEGROS OCCIDENTAL,CITY OF BACOLOD,TACULING,45010387,PARTYLIST,173 UMA ILONGGO,4,0.92 %
REGION VI,NEGROS OCCIDENTAL,CITY OF BACOLOD,TACULING,45010387,PARTYLIST,174 AYUDA,0,0.00 %
REGION VI,NEGROS OCCIDENTAL,CITY OF BACOLOD,TACULING,45010387,PARTYLIST,175 SAMBAYANAN,2,0.46 %
REGION VI,NEGROS OCCIDENTAL,CITY OF BACOLOD,TACULING,45010387,PARTYLIST,176 AKO BREEDER,2,0.46 %
REGION VI,NEGROS OCCIDENTAL,CITY OF BACOLOD,TACULING,45010387,PARTYLIST,177 FPJ,1,0.23 %
REGION VI,NEGROS OCCIDENTAL,CITY OF BACOLOD,TACULING,45010387,PARTYLIST,178 LIBRO,0,0.00 %
REGION VI,NEGROS OCCIDENTAL,CITY OF BACOLOD,TACULING,45010387,REP,Candidate,Votes,Percentage
REGION VI,NEGROS OCCIDENTAL,CITY OF BACOLOD,TACULING,45010387,REP,"ATAYDE, DAN (IND)",213,33.97 %
REGION VI,NEGROS OCCIDENTAL,CITY OF BACOLOD,TACULING,45010387,REP,"DAVID, WILLY (IND)",0,0.00 %
REGION VI,NEGROS OCCIDENTAL,CITY OF BACOLOD,TACULING,45010387,REP,"GASATAYA, GREG (NPC)",412,65.70 %
REGION VI,NEGROS OCCIDENTAL,CITY OF BACOLOD,TACULING,45010387,REP,"GUSTILO, ROMY (IND)",1,0.15 %
REGION VI,NEGROS OCCIDENTAL,CITY OF BACOLOD,TACULING,45010387,REP,"SAN MIGUEL, NONONG (PDDS)",1,0.15 %
REGION VI,NEGROS OCCIDENTAL,CITY OF BACOLOD,TACULING,45010387,MAYOR,Candidate,Votes,Percentage
REGION VI,NEGROS OCCIDENTAL,CITY OF BACOLOD,TACULING,45010387,MAYOR,"BENITEZ, ALBEE (PDPLBN)",376,56.37 %
REGION VI,NEGROS OCCIDENTAL,CITY OF BACOLOD,TACULING,45010387,MAYOR,"LEONARDIA, BING (NP)",291,43.62 %
REGION VI,NEGROS OCCIDENTAL,CITY OF BACOLOD,TACULING,45010387,VICE_MAYOR,Candidate,Votes,Percentage
REGION VI,NEGROS OCCIDENTAL,CITY OF BACOLOD,TACULING,45010387,VICE_MAYOR,"DISTRITO, CAESAR (PDPLBN)",227,36.03 %
REGION VI,NEGROS OCCIDENTAL,CITY OF BACOLOD,TACULING,45010387,VICE_MAYOR,"FAMILIARAN, EL CID (NP)",318,50.47 %
REGION VI,NEGROS OCCIDENTAL,CITY OF BACOLOD,TACULING,45010387,VICE_MAYOR,"GAMBOA, WILSON JR. (IND)",85,13.49 %
REGION VI,NEGROS OCCIDENTAL,CITY OF BACOLOD,TACULING,45010387,SP,Candidate,Votes,Percentage
REGION VI,NEGROS OCCIDENTAL,CITY OF BACOLOD,TACULING,45010387,SP,"ANG, EM (NP)",302,4.80 %
REGION VI,NEGROS OCCIDENTAL,CITY OF BACOLOD,TACULING,45010387,SP,"ARROYO, ALAN (IND)",39,0.62 %
REGION VI,NEGROS OCCIDENTAL,CITY OF BACOLOD,TACULING,45010387,SP,"AUJERO, JORGE THE WISE (IND)",16,0.25 %
REGION VI,NEGROS OCCIDENTAL,CITY OF BACOLOD,TACULING,45010387,SP,"BAIS, HOMER (PDPLBN)",227,3.61 %
REGION VI,NEGROS OCCIDENTAL,CITY OF BACOLOD,TACULING,45010387,SP,"BARIBAR, ARCHIE (PROMDI)",250,3.97 %
REGION VI,NEGROS OCCIDENTAL,CITY OF BACOLOD,TACULING,45010387,SP,"BELARIO, 007 (IND)",14,0.22 %
REGION VI,NEGROS OCCIDENTAL,CITY OF BACOLOD,TACULING,45010387,SP,"BELORIA, TOTO CESAR (IND)",69,1.09 %
REGION VI,NEGROS OCCIDENTAL,CITY OF BACOLOD,TACULING,45010387,SP,"CONTRERAS, LR (PRP)",38,0.60 %
REGION VI,NEGROS OCCIDENTAL,CITY OF BACOLOD,TACULING,45010387,SP,"DIAZ, JONATHAN JR. (NP)",148,2.35 %
REGION VI,NEGROS OCCIDENTAL,CITY OF BACOLOD,TACULING,45010387,SP,"DISTRITO, SIMPLE (PDPLBN)",245,3.89 %
REGION VI,NEGROS OCCIDENTAL,CITY OF BACOLOD,TACULING,45010387,SP,"ESPINO, AL (NPC)",253,4.02 %
REGION VI,NEGROS OCCIDENTAL,CITY OF BACOLOD,TACULING,45010387,SP,"FLOR, CELIA (IND)",258,4.10 %
REGION VI,NEGROS OCCIDENTAL,CITY OF BACOLOD,TACULING,45010387,SP,"GICO, VIC (IND)",20,0.31 %
REGION VI,NEGROS OCCIDENTAL,CITY OF BACOLOD,TACULING,45010387,SP,"GONZALEZ, VLADI (PDPLBN)",281,4.46 %
REGION VI,NEGROS OCCIDENTAL,CITY OF BACOLOD,TACULING,45010387,SP,"GUILLEM, ED (NP)",178,2.83 %
REGION VI,NEGROS OCCIDENTAL,CITY OF BACOLOD,TACULING,45010387,SP,"HERMOSURA, BONG (IND)",42,0.66 %
REGION VI,NEGROS OCCIDENTAL,CITY OF BACOLOD,TACULING,45010387,SP,"JAUOD, JIFFY (IND)",28,0.44 %
REGION VI,NEGROS OCCIDENTAL,CITY OF BACOLOD,TACULING,45010387,SP,"LACSON, PATRICK (PDPLBN)",203,3.22 %
REGION VI,NEGROS OCCIDENTAL,CITY OF BACOLOD,TACULING,45010387,SP,"LOPEZ, CARL (NP)",202,3.21 %
REGION VI,NEGROS OCCIDENTAL,CITY OF BACOLOD,TACULING,45010387,SP,"MAYO, MARK STEVEN (NPC)",63,1.00 %
REGION VI,NEGROS OCCIDENTAL,CITY OF BACOLOD,TACULING,45010387,SP,"MONTALVO, CASH (NP)",197,3.13 %
REGION VI,NEGROS OCCIDENTAL,CITY OF BACOLOD,TACULING,45010387,SP,"NACIONALES, FERMIN (IND)",20,0.31 %
REGION VI,NEGROS OCCIDENTAL,CITY OF BACOLOD,TACULING,45010387,SP,"NOVERO, RENECITO (NP)",255,4.05 %
REGION VI,NEGROS OCCIDENTAL,CITY OF BACOLOD,TACULING,45010387,SP,"OROLA, BART (PDPLBN)",210,3.34 %
REGION VI,NEGROS OCCIDENTAL,CITY OF BACOLOD,TACULING,45010387,SP,"PADIOS, EDUARDO (PPM)",55,0.87 %
REGION VI,NEGROS OCCIDENTAL,CITY OF BACOLOD,TACULING,45010387,SP,"PUENTEVELLA, KALAW (PROMDI)",255,4.05 %
REGION VI,NEGROS OCCIDENTAL,CITY OF BACOLOD,TACULING,45010387,SP,"RAMOS, DINDO (NP)",220,3.49 %
REGION VI,NEGROS OCCIDENTAL,CITY OF BACOLOD,TACULING,45010387,SP,"ROJAS, CINDY (NP)",305,4.85 %
REGION VI,NEGROS OCCIDENTAL,CITY OF BACOLOD,TACULING,45010387,SP,"SALANGA, ISRAEL (NP)",317,5.04 %
REGION VI,NEGROS OCCIDENTAL,CITY OF BACOLOD,TACULING,45010387,SP,"SAYSON, THADDY (PDPLBN)",291,4.62 %
REGION VI,NEGROS OCCIDENTAL,CITY OF BACOLOD,TACULING,45010387,SP,"SOLIDUM, MARLON (NPC)",210,3.34 %
REGION VI,NEGROS OCCIDENTAL,CITY OF BACOLOD,TACULING,45010387,SP,"SORONGON, CHRIS (NP)",207,3.29 %
REGION VI,NEGROS OCCIDENTAL,CITY OF BACOLOD,TACULING,45010387,SP,"SY, PAO (NPC)",207,3.29 %
REGION VI,NEGROS OCCIDENTAL,CITY OF BACOLOD,TACULING,45010387,SP,"TAN, CANO GWAPO (AKSYON)",140,2.22 %
REGION VI,NEGROS OCCIDENTAL,CITY OF BACOLOD,TACULING,45010387,SP,"VERDEFLOR, SONYA (UNEGA)",209,3.32 %
REGION VI,NEGROS OCCIDENTAL,CITY OF BACOLOD,TACULING,45010387,SP,"VILLAFUERTE, RICO (IND)",45,0.71 %
REGION VI,NEGROS OCCIDENTAL,CITY OF BACOLOD,TACULING,45010387,SP,"VILLAROSA, JASON (LAKAS)",236,3.75 %
REGION VI,NEGROS OCCIDENTAL,CITY OF BACOLOD,TACULING,45010387,SP,"WEBER, CHRISTIAN (IND)",32,0.50 %
region,province,city,barangay,precinct,position,candidate,votes,percentage
REGION VI,ILOILO,CITY OF ILOILO,LAPUZ SUR,30220336,PRESIDENT,Candidate,Votes,Percentage
REGION VI,ILOILO,CITY OF ILOILO,LAPUZ SUR,30220336,PRESIDENT,"ABELLA, ERNIE (IND)",1,0.22 %
REGION VI,ILOILO,CITY OF ILOILO,LAPUZ SUR,30220336,PRESIDENT,"DE GUZMAN, LEODY (PLM)",1,0.22 %
REGION VI,ILOILO,CITY OF ILOILO,LAPUZ SUR,30220336,PRESIDENT,"DOMAGOSO, ISKO MORENO (AKSYON)",15,3.41 %
REGION VI,ILOILO,CITY OF ILOILO,LAPUZ SUR,30220336,PRESIDENT,"GONZALES, NORBERTO (PDSP)",1,0.22 %
REGION VI,ILOILO,CITY OF ILOILO,LAPUZ SUR,30220336,PRESIDENT,"LACSON, PING (PDR)",4,0.91 %
REGION VI,ILOILO,CITY OF ILOILO,LAPUZ SUR,30220336,PRESIDENT,"MANGONDATO, FAISAL (KTPNAN)",1,0.22 %
REGION VI,ILOILO,CITY OF ILOILO,LAPUZ SUR,30220336,PRESIDENT,"MARCOS, BONGBONG (PFP)",156,35.53 %
REGION VI,ILOILO,CITY OF ILOILO,LAPUZ SUR,30220336,PRESIDENT,"MONTEMAYOR, JOSE JR. (DPP)",0,0.00 %
REGION VI,ILOILO,CITY OF ILOILO,LAPUZ SUR,30220336,PRESIDENT,"PACQUIAO, MANNY PACMAN(PROMDI)",9,2.05 %
REGION VI,ILOILO,CITY OF ILOILO,LAPUZ SUR,30220336,PRESIDENT,"ROBREDO, LENI (IND)",251,57.17 %
REGION VI,ILOILO,CITY OF ILOILO,LAPUZ SUR,30220336,VICE_PRESIDENT,Candidate,Votes,Percentage
REGION VI,ILOILO,CITY OF ILOILO,LAPUZ SUR,30220336,VICE_PRESIDENT,"ATIENZA, LITO (PROMDI)",0,0.00 %
REGION VI,ILOILO,CITY OF ILOILO,LAPUZ SUR,30220336,VICE_PRESIDENT,"BELLO, WALDEN (PLM)",0,0.00 %
REGION VI,ILOILO,CITY OF ILOILO,LAPUZ SUR,30220336,VICE_PRESIDENT,"DAVID, RIZALITO (DPP)",0,0.00 %
REGION VI,ILOILO,CITY OF ILOILO,LAPUZ SUR,30220336,VICE_PRESIDENT,"DUTERTE, SARA (LAKAS)",169,39.21 %
REGION VI,ILOILO,CITY OF ILOILO,LAPUZ SUR,30220336,VICE_PRESIDENT,"LOPEZ, MANNY SD (WPP)",0,0.00 %
REGION VI,ILOILO,CITY OF ILOILO,LAPUZ SUR,30220336,VICE_PRESIDENT,"ONG, DOC WILLIE (AKSYON)",12,2.78 %
REGION VI,ILOILO,CITY OF ILOILO,LAPUZ SUR,30220336,VICE_PRESIDENT,"PANGILINAN, KIKO (LP)",180,41.76 %
REGION VI,ILOILO,CITY OF ILOILO,LAPUZ SUR,30220336,VICE_PRESIDENT,"SERAPIO, CARLOS (KTPNAN)",0,0.00 %
REGION VI,ILOILO,CITY OF ILOILO,LAPUZ SUR,30220336,VICE_PRESIDENT,"SOTTO, VICENTE TITO (NPC)",70,16.24 %
REGION VI,ILOILO,CITY OF ILOILO,LAPUZ SUR,30220336,SENATOR,Candidate,Votes,Percentage
REGION VI,ILOILO,CITY OF ILOILO,LAPUZ SUR,30220336,SENATOR,"AFUANG, ABNER (IND)",6,0.15 %
REGION VI,ILOILO,CITY OF ILOILO,LAPUZ SUR,30220336,SENATOR,"ALBANI, IBRAHIM (WPP)",3,0.07 %
REGION VI,ILOILO,CITY OF ILOILO,LAPUZ SUR,30220336,SENATOR,"ARRANZA, MANG JESS (IND)",4,0.10 %
REGION VI,ILOILO,CITY OF ILOILO,LAPUZ SUR,30220336,SENATOR,"BAGUILAT, TEDDY (LP)",81,2.06 %
REGION VI,ILOILO,CITY OF ILOILO,LAPUZ SUR,30220336,SENATOR,"BAILEN, AGNES (IND)",2,0.05 %
REGION VI,ILOILO,CITY OF ILOILO,LAPUZ SUR,30220336,SENATOR,"BALITA, CARL (AKSYON)",24,0.61 %
REGION VI,ILOILO,CITY OF ILOILO,LAPUZ SUR,30220336,SENATOR,"BARBO, LUTZ (PDPLBN)",5,0.12 %
REGION VI,ILOILO,CITY OF ILOILO,LAPUZ SUR,30220336,SENATOR,"BAUTISTA, HERBERT BISTEK (NPC)",88,2.24 %
REGION VI,ILOILO,CITY OF ILOILO,LAPUZ SUR,30220336,SENATOR,"BELGICA, GRECO (PDDS)",16,0.40 %
REGION VI,ILOILO,CITY OF ILOILO,LAPUZ SUR,30220336,SENATOR,"BELLO, SILVESTRE JR. (PDPLBN)",11,0.28 %
REGION VI,ILOILO,CITY OF ILOILO,LAPUZ SUR,30220336,SENATOR,"BINAY, JOJO (UNA)",71,1.81 %
REGION VI,ILOILO,CITY OF ILOILO,LAPUZ SUR,30220336,SENATOR,"CABONEGRO, ROY (PLM)",12,0.30 %
REGION VI,ILOILO,CITY OF ILOILO,LAPUZ SUR,30220336,SENATOR,"CASTRICIONES, BRO JOHN(PDPLBN)",4,0.10 %
REGION VI,ILOILO,CITY OF ILOILO,LAPUZ SUR,30220336,SENATOR,"CAYETANO, ALAN PETER (IND)",147,3.75 %
REGION VI,ILOILO,CITY OF ILOILO,LAPUZ SUR,30220336,SENATOR,"CHAVEZ, MELCHOR (WPP)",5,0.12 %
REGION VI,ILOILO,CITY OF ILOILO,LAPUZ SUR,30220336,SENATOR,"COLMENARES, NERI (MKBYN)",106,2.70 %
REGION VI,ILOILO,CITY OF ILOILO,LAPUZ SUR,30220336,SENATOR,"D'ANGELO, DAVID (PLM)",9,0.22 %
REGION VI,ILOILO,CITY OF ILOILO,LAPUZ SUR,30220336,SENATOR,"DE LIMA, LEILA (LP)",148,3.78 %
REGION VI,ILOILO,CITY OF ILOILO,LAPUZ SUR,30220336,SENATOR,"DEL ROSARIO, MONSOUR (PDR)",23,0.58 %
REGION VI,ILOILO,CITY OF ILOILO,LAPUZ SUR,30220336,SENATOR,"DIAZ, DING (PPP)",4,0.10 %
REGION VI,ILOILO,CITY OF ILOILO,LAPUZ SUR,30220336,SENATOR,"DIOKNO, CHEL (KANP)",173,4.42 %
REGION VI,ILOILO,CITY OF ILOILO,LAPUZ SUR,30220336,SENATOR,"EJERCITO, JV ESTRADA (NPC)",177,4.52 %
REGION VI,ILOILO,CITY OF ILOILO,LAPUZ SUR,30220336,SENATOR,"ELEAZAR, GEN. GUILLERMO (PDR)",101,2.58 %
REGION VI,ILOILO,CITY OF ILOILO,LAPUZ SUR,30220336,SENATOR,"EREÑO, BRO. ERNIE (PM)",5,0.12 %
REGION VI,ILOILO,CITY OF ILOILO,LAPUZ SUR,30220336,SENATOR,"ESCUDERO, CHIZ (NPC)",182,4.64 %
REGION VI,ILOILO,CITY OF ILOILO,LAPUZ SUR,30220336,SENATOR,"ESPIRITU, LUKE (PLM)",72,1.83 %
REGION VI,ILOILO,CITY OF ILOILO,LAPUZ SUR,30220336,SENATOR,"ESTRADA, JINGGOY (PMP)",90,2.29 %
REGION VI,ILOILO,CITY OF ILOILO,LAPUZ SUR,30220336,SENATOR,"FALCONE, BAL FALCON (DPP)",5,0.12 %
REGION VI,ILOILO,CITY OF ILOILO,LAPUZ SUR,30220336,SENATOR,"GADON, LARRY (KBL)",77,1.96 %
REGION VI,ILOILO,CITY OF ILOILO,LAPUZ SUR,30220336,SENATOR,"GATCHALIAN, WIN (NPC)",120,3.06 %
REGION VI,ILOILO,CITY OF ILOILO,LAPUZ SUR,30220336,SENATOR,"GORDON, WOW DICK (BVNP)",127,3.24 %
REGION VI,ILOILO,CITY OF ILOILO,LAPUZ SUR,30220336,SENATOR,"GUTOC, SAMIRA (AKSYON)",12,0.30 %
REGION VI,ILOILO,CITY OF ILOILO,LAPUZ SUR,30220336,SENATOR,"HONASAN, GRINGO (IND)",86,2.19 %
REGION VI,ILOILO,CITY OF ILOILO,LAPUZ SUR,30220336,SENATOR,"HONTIVEROS, RISA (AKBAYAN)",211,5.39 %
REGION VI,ILOILO,CITY OF ILOILO,LAPUZ SUR,30220336,SENATOR,"JAVELLANA, RJ (IND)",14,0.35 %
REGION VI,ILOILO,CITY OF ILOILO,LAPUZ SUR,30220336,SENATOR,"KIRAM, NUR-MAHAL (IND)",2,0.05 %
REGION VI,ILOILO,CITY OF ILOILO,LAPUZ SUR,30220336,SENATOR,"LABOG, ELMER (MKBYN)",16,0.40 %
REGION VI,ILOILO,CITY OF ILOILO,LAPUZ SUR,30220336,SENATOR,"LACSON, KUYA ALEX (KP)",78,1.99 %
REGION VI,ILOILO,CITY OF ILOILO,LAPUZ SUR,30220336,SENATOR,"LANGIT, REY (PDPLBN)",8,0.20 %
REGION VI,ILOILO,CITY OF ILOILO,LAPUZ SUR,30220336,SENATOR,"LEGARDA, LOREN (NPC)",225,5.74 %
REGION VI,ILOILO,CITY OF ILOILO,LAPUZ SUR,30220336,SENATOR,"LIM, ARIEL (IND)",2,0.05 %
REGION VI,ILOILO,CITY OF ILOILO,LAPUZ SUR,30220336,SENATOR,"MALLILLIN, EMILY (PPM)",3,0.07 %
REGION VI,ILOILO,CITY OF ILOILO,LAPUZ SUR,30220336,SENATOR,"MARCOLETA, RODANTE (PDPLBN)",22,0.56 %
REGION VI,ILOILO,CITY OF ILOILO,LAPUZ SUR,30220336,SENATOR,"MARCOS, FRANCIS LEO (IND)",39,0.99 %
REGION VI,ILOILO,CITY OF ILOILO,LAPUZ SUR,30220336,SENATOR,"MATULA, SONNY (IND)",56,1.43 %
REGION VI,ILOILO,CITY OF ILOILO,LAPUZ SUR,30220336,SENATOR,"MINDALANO-ADAM,MARIETA(KTPNAN)",2,0.05 %
REGION VI,ILOILO,CITY OF ILOILO,LAPUZ SUR,30220336,SENATOR,"OLARTE, ATTY/DR. LEO (BIGKIS)",6,0.15 %
REGION VI,ILOILO,CITY OF ILOILO,LAPUZ SUR,30220336,SENATOR,"PADILLA, DRA. MINGUITA (PDR)",21,0.53 %
REGION VI,ILOILO,CITY OF ILOILO,LAPUZ SUR,30220336,SENATOR,"PADILLA, ROBIN (PDPLBN)",156,3.98 %
REGION VI,ILOILO,CITY OF ILOILO,LAPUZ SUR,30220336,SENATOR,"PANELO, SAL PANALO (PDPLBN)",37,0.94 %
REGION VI,ILOILO,CITY OF ILOILO,LAPUZ SUR,30220336,SENATOR,"PIMENTEL, ASTRA (PDPLBN)",30,0.76 %
REGION VI,ILOILO,CITY OF ILOILO,LAPUZ SUR,30220336,SENATOR,"PIÑOL, MANNY (NPC)",28,0.71 %
REGION VI,ILOILO,CITY OF ILOILO,LAPUZ SUR,30220336,SENATOR,"RICABLANCA, WILLIE JR. (PM)",3,0.07 %
REGION VI,ILOILO,CITY OF ILOILO,LAPUZ SUR,30220336,SENATOR,"ROQUE, HARRY SPOX (PRP)",60,1.53 %
REGION VI,ILOILO,CITY OF ILOILO,LAPUZ SUR,30220336,SENATOR,"SAHIDULLA, LADY ANNE (PDDS)",0,0.00 %
REGION VI,ILOILO,CITY OF ILOILO,LAPUZ SUR,30220336,SENATOR,"SISON, JOPET (AKSYON)",13,0.33 %
REGION VI,ILOILO,CITY OF ILOILO,LAPUZ SUR,30220336,SENATOR,"TEODORO, GIBO (PRP)",94,2.40 %
REGION VI,ILOILO,CITY OF ILOILO,LAPUZ SUR,30220336,SENATOR,"TRILLANES, ANTONIO IV (LP)",124,3.16 %
REGION VI,ILOILO,CITY OF ILOILO,LAPUZ SUR,30220336,SENATOR,"TULFO, IDOL RAFFY (IND)",217,5.54 %
REGION VI,ILOILO,CITY OF ILOILO,LAPUZ SUR,30220336,SENATOR,"VALEROS, REY (IND)",3,0.07 %
REGION VI,ILOILO,CITY OF ILOILO,LAPUZ SUR,30220336,SENATOR,"VILLANUEVA,JOEL TESDAMAN (IND)",133,3.39 %
REGION VI,ILOILO,CITY OF ILOILO,LAPUZ SUR,30220336,SENATOR,"VILLAR, MARK (NP)",119,3.04 %
REGION VI,ILOILO,CITY OF ILOILO,LAPUZ SUR,30220336,SENATOR,"ZUBIAGA, CARMEN (IND)",22,0.56 %
REGION VI,ILOILO,CITY OF ILOILO,LAPUZ SUR,30220336,SENATOR,"ZUBIRI, MIGZ (IND)",174,4.44 %
REGION VI,ILOILO,CITY OF ILOILO,LAPUZ SUR,30220336,PARTYLIST,Candidate,Votes,Percentage
REGION VI,ILOILO,CITY OF ILOILO,LAPUZ SUR,30220336,PARTYLIST,01 KAMALAYAN,2,0.56 %
REGION VI,ILOILO,CITY OF ILOILO,LAPUZ SUR,30220336,PARTYLIST,02 KM NGAYON NA,0,0.00 %
REGION VI,ILOILO,CITY OF ILOILO,LAPUZ SUR,30220336,PARTYLIST,03 PSIS,0,0.00 %
REGION VI,ILOILO,CITY OF ILOILO,LAPUZ SUR,30220336,PARTYLIST,04 AGAP,0,0.00 %
REGION VI,ILOILO,CITY OF ILOILO,LAPUZ SUR,30220336,PARTYLIST,05 KABAYAN,1,0.28 %
REGION VI,ILOILO,CITY OF ILOILO,LAPUZ SUR,30220336,PARTYLIST,06 HOME OWNER,0,0.00 %
REGION VI,ILOILO,CITY OF ILOILO,LAPUZ SUR,30220336,PARTYLIST,07 KAPUSO-PM,0,0.00 %
REGION VI,ILOILO,CITY OF ILOILO,LAPUZ SUR,30220336,PARTYLIST,08 PDP CARES,0,0.00 %
REGION VI,ILOILO,CITY OF ILOILO,LAPUZ SUR,30220336,PARTYLIST,09 MARVELOUS TAYO,0,0.00 %
REGION VI,ILOILO,CITY OF ILOILO,LAPUZ SUR,30220336,PARTYLIST,10 AKO OFW,0,0.00 %
REGION VI,ILOILO,CITY OF ILOILO,LAPUZ SUR,30220336,PARTYLIST,11 UNITED SENIOR CITIZEN,0,0.00 %
REGION VI,ILOILO,CITY OF ILOILO,LAPUZ SUR,30220336,PARTYLIST,12 WOW PILIPINAS,0,0.00 %
REGION VI,ILOILO,CITY OF ILOILO,LAPUZ SUR,30220336,PARTYLIST,13 ALTERNATIBA,0,0.00 %
REGION VI,ILOILO,CITY OF ILOILO,LAPUZ SUR,30220336,PARTYLIST,14 1-RIDER PARTYLIST,3,0.85 %
REGION VI,ILOILO,CITY OF ILOILO,LAPUZ SUR,30220336,PARTYLIST,15 1-CARE,0,0.00 %
REGION VI,ILOILO,CITY OF ILOILO,LAPUZ SUR,30220336,PARTYLIST,16 ABP,0,0.00 %
REGION VI,ILOILO,CITY OF ILOILO,LAPUZ SUR,30220336,PARTYLIST,17 AKO MUSIKERO,0,0.00 %
REGION VI,ILOILO,CITY OF ILOILO,LAPUZ SUR,30220336,PARTYLIST,18 AKO BICOL,1,0.28 %
REGION VI,ILOILO,CITY OF ILOILO,LAPUZ SUR,30220336,PARTYLIST,19 PRAI,1,0.28 %
REGION VI,ILOILO,CITY OF ILOILO,LAPUZ SUR,30220336,PARTYLIST,20 4PS,2,0.56 %
REGION VI,ILOILO,CITY OF ILOILO,LAPUZ SUR,30220336,PARTYLIST,21 MAAGAP,0,0.00 %
REGION VI,ILOILO,CITY OF ILOILO,LAPUZ SUR,30220336,PARTYLIST,22 ABANTE PILIPINAS,1,0.28 %
REGION VI,ILOILO,CITY OF ILOILO,LAPUZ SUR,30220336,PARTYLIST,23 AKTIBONG KAAGAPAY,0,0.00 %
REGION VI,ILOILO,CITY OF ILOILO,LAPUZ SUR,30220336,PARTYLIST,24 ALSA BISAYA,0,0.00 %
REGION VI,ILOILO,CITY OF ILOILO,LAPUZ SUR,30220336,PARTYLIST,25 PROBINSYANO AKO,0,0.00 %
REGION VI,ILOILO,CITY OF ILOILO,LAPUZ SUR,30220336,PARTYLIST,26 YACAP,0,0.00 %
REGION VI,ILOILO,CITY OF ILOILO,LAPUZ SUR,30220336,PARTYLIST,27 MAGDALO,1,0.28 %
REGION VI,ILOILO,CITY OF ILOILO,LAPUZ SUR,30220336,PARTYLIST,28 ACT-CIS,10,2.84 %
REGION VI,ILOILO,CITY OF ILOILO,LAPUZ SUR,30220336,PARTYLIST,29 HUGPONG FEDERAL,0,0.00 %
REGION VI,ILOILO,CITY OF ILOILO,LAPUZ SUR,30220336,PARTYLIST,30 TGP,0,0.00 %
REGION VI,ILOILO,CITY OF ILOILO,LAPUZ SUR,30220336,PARTYLIST,31 ONE COOP,0,0.00 %
REGION VI,ILOILO,CITY OF ILOILO,LAPUZ SUR,30220336,PARTYLIST,32 BARKADAHAN,0,0.00 %
REGION VI,ILOILO,CITY OF ILOILO,LAPUZ SUR,30220336,PARTYLIST,33 DUMPER PTDA,0,0.00 %
REGION VI,ILOILO,CITY OF ILOILO,LAPUZ SUR,30220336,PARTYLIST,34 MALABUNG,0,0.00 %
REGION VI,ILOILO,CITY OF ILOILO,LAPUZ SUR,30220336,PARTYLIST,35 BH (BAGONG HENERASYON),0,0.00 %
REGION VI,ILOILO,CITY OF ILOILO,LAPUZ SUR,30220336,PARTYLIST,36 AKMA-PTM,0,0.00 %
REGION VI,ILOILO,CITY OF ILOILO,LAPUZ SUR,30220336,PARTYLIST,37 IPATUPAD,0,0.00 %
REGION VI,ILOILO,CITY OF ILOILO,LAPUZ SUR,30220336,PARTYLIST,38 PINUNO,0,0.00 %
REGION VI,ILOILO,CITY OF ILOILO,LAPUZ SUR,30220336,PARTYLIST,39 LPGMA,0,0.00 %
REGION VI,ILOILO,CITY OF ILOILO,LAPUZ SUR,30220336,PARTYLIST,40 CLICK PARTY,1,0.28 %
REGION VI,ILOILO,CITY OF ILOILO,LAPUZ SUR,30220336,PARTYLIST,41 TODA,0,0.00 %
REGION VI,ILOILO,CITY OF ILOILO,LAPUZ SUR,30220336,PARTYLIST,42 BHW,1,0.28 %
REGION VI,ILOILO,CITY OF ILOILO,LAPUZ SUR,30220336,PARTYLIST,43 MALASAKIT@BAYANIHAN,6,1.70 %
REGION VI,ILOILO,CITY OF ILOILO,LAPUZ SUR,30220336,PARTYLIST,44 ABS,0,0.00 %
REGION VI,ILOILO,CITY OF ILOILO,LAPUZ SUR,30220336,PARTYLIST,45 PASAHERO PARTYLIST,2,0.56 %
REGION VI,ILOILO,CITY OF ILOILO,LAPUZ SUR,30220336,PARTYLIST,46 ANGAT,1,0.28 %
REGION VI,ILOILO,CITY OF ILOILO,LAPUZ SUR,30220336,PARTYLIST,47 SOLID-CHANGE,0,0.00 %
REGION VI,ILOILO,CITY OF ILOILO,LAPUZ SUR,30220336,PARTYLIST,48 BICOL SARO,1,0.28 %
REGION VI,ILOILO,CITY OF ILOILO,LAPUZ SUR,30220336,PARTYLIST,49 OFW,3,0.85 %
REGION VI,ILOILO,CITY OF ILOILO,LAPUZ SUR,30220336,PARTYLIST,50 ANG PROBINSIYANO,2,0.56 %
REGION VI,ILOILO,CITY OF ILOILO,LAPUZ SUR,30220336,PARTYLIST,51 ANAKALUSUGAN,4,1.13 %
REGION VI,ILOILO,CITY OF ILOILO,LAPUZ SUR,30220336,PARTYLIST,52 PBA,0,0.00 %
REGION VI,ILOILO,CITY OF ILOILO,LAPUZ SUR,30220336,PARTYLIST,53 PEACE,0,0.00 %
REGION VI,ILOILO,CITY OF ILOILO,LAPUZ SUR,30220336,PARTYLIST,54 P3PWD,4,1.13 %
REGION VI,ILOILO,CITY OF ILOILO,LAPUZ SUR,30220336,PARTYLIST,55 S.M.I.L.E,0,0.00 %
REGION VI,ILOILO,CITY OF ILOILO,LAPUZ SUR,30220336,PARTYLIST,56 AAMBIS-OWA,7,1.98 %
REGION VI,ILOILO,CITY OF ILOILO,LAPUZ SUR,30220336,PARTYLIST,57 BUTIL,0,0.00 %
REGION VI,ILOILO,CITY OF ILOILO,LAPUZ SUR,30220336,PARTYLIST,58 LUNAS,0,0.00 %
REGION VI,ILOILO,CITY OF ILOILO,LAPUZ SUR,30220336,PARTYLIST,59 ANG KOMADRONA,0,0.00 %
REGION VI,ILOILO,CITY OF ILOILO,LAPUZ SUR,30220336,PARTYLIST,60 KABAKA,0,0.00 %
REGION VI,ILOILO,CITY OF ILOILO,LAPUZ SUR,30220336,PARTYLIST,61 SAGIP,6,1.70 %
REGION VI,ILOILO,CITY OF ILOILO,LAPUZ SUR,30220336,PARTYLIST,62 ANG KABUHAYAN,1,0.28 %
REGION VI,ILOILO,CITY OF ILOILO,LAPUZ SUR,30220336,PARTYLIST,63 AKO I.P.,0,0.00 %
REGION VI,ILOILO,CITY OF ILOILO,LAPUZ SUR,30220336,PARTYLIST,64 PHILRECA,0,0.00 %
REGION VI,ILOILO,CITY OF ILOILO,LAPUZ SUR,30220336,PARTYLIST,65 BABAE AKO,0,0.00 %
REGION VI,ILOILO,CITY OF ILOILO,LAPUZ SUR,30220336,PARTYLIST,66 KB,0,0.00 %
REGION VI,ILOILO,CITY OF ILOILO,LAPUZ SUR,30220336,PARTYLIST,67 GABRIELA,4,1.13 %
REGION VI,ILOILO,CITY OF ILOILO,LAPUZ SUR,30220336,PARTYLIST,68 KALINGA,0,0.00 %
REGION VI,ILOILO,CITY OF ILOILO,LAPUZ SUR,30220336,PARTYLIST,69 STL,0,0.00 %
REGION VI,ILOILO,CITY OF ILOILO,LAPUZ SUR,30220336,PARTYLIST,70 RECOBODA,0,0.00 %
REGION VI,ILOILO,CITY OF ILOILO,LAPUZ SUR,30220336,PARTYLIST,71 ANGAT PINOY,0,0.00 %
REGION VI,ILOILO,CITY OF ILOILO,LAPUZ SUR,30220336,PARTYLIST,72 ANAC-IP,0,0.00 %
REGION VI,ILOILO,CITY OF ILOILO,LAPUZ SUR,30220336,PARTYLIST,73 DIWA,0,0.00 %
REGION VI,ILOILO,CITY OF ILOILO,LAPUZ SUR,30220336,PARTYLIST,74 ASENSO PINOY,0,0.00 %
REGION VI,ILOILO,CITY OF ILOILO,LAPUZ SUR,30220336,PARTYLIST,75 PPP,0,0.00 %
REGION VI,ILOILO,CITY OF ILOILO,LAPUZ SUR,30220336,PARTYLIST,76 PAMILYA MUNA,1,0.28 %
REGION VI,ILOILO,CITY OF ILOILO,LAPUZ SUR,30220336,PARTYLIST,77 AYUDA SANDUGO,0,0.00 %
REGION VI,ILOILO,CITY OF ILOILO,LAPUZ SUR,30220336,PARTYLIST,78 BUKLOD FILIPINO,0,0.00 %
REGION VI,ILOILO,CITY OF ILOILO,LAPUZ SUR,30220336,PARTYLIST,79 BTS,0,0.00 %
REGION VI,ILOILO,CITY OF ILOILO,LAPUZ SUR,30220336,PARTYLIST,80 MOCHA,0,0.00 %
REGION VI,ILOILO,CITY OF ILOILO,LAPUZ SUR,30220336,PARTYLIST,81 ACT TEACHERS,1,0.28 %
REGION VI,ILOILO,CITY OF ILOILO,LAPUZ SUR,30220336,PARTYLIST,82 ALONA,0,0.00 %
REGION VI,ILOILO,CITY OF ILOILO,LAPUZ SUR,30220336,PARTYLIST,83 KABALIKAT,0,0.00 %
REGION VI,ILOILO,CITY OF ILOILO,LAPUZ SUR,30220336,PARTYLIST,84 ALIF,0,0.00 %
REGION VI,ILOILO,CITY OF ILOILO,LAPUZ SUR,30220336,PARTYLIST,85 1-UTAP BICOL,0,0.00 %
REGION VI,ILOILO,CITY OF ILOILO,LAPUZ SUR,30220336,PARTYLIST,86 TINGOG,0,0.00 %
REGION VI,ILOILO,CITY OF ILOILO,LAPUZ SUR,30220336,PARTYLIST,87 H.E.L.P. PILIPINAS,0,0.00 %
REGION VI,ILOILO,CITY OF ILOILO,LAPUZ SUR,30220336,PARTYLIST,88 TUCP,0,0.00 %
REGION VI,ILOILO,CITY OF ILOILO,LAPUZ SUR,30220336,PARTYLIST,89 PTA,0,0.00 %
REGION VI,ILOILO,CITY OF ILOILO,LAPUZ SUR,30220336,PARTYLIST,90 AGIMAT,0,0.00 %
REGION VI,ILOILO,CITY OF ILOILO,LAPUZ SUR,30220336,PARTYLIST,91 KONTRA BROWNOUT,0,0.00 %
REGION VI,ILOILO,CITY OF ILOILO,LAPUZ SUR,30220336,PARTYLIST,92 TULUNGAN TAYO,0,0.00 %
REGION VI,ILOILO,CITY OF ILOILO,LAPUZ SUR,30220336,PARTYLIST,93 DUTERTE YOUTH,4,1.13 %
REGION VI,ILOILO,CITY OF ILOILO,LAPUZ SUR,30220336,PARTYLIST,94 ABEKA,0,0.00 %
REGION VI,ILOILO,CITY OF ILOILO,LAPUZ SUR,30220336,PARTYLIST,95 KABATAAN,5,1.42 %
REGION VI,ILOILO,CITY OF ILOILO,LAPUZ SUR,30220336,PARTYLIST,97 ACTS-OFW,0,0.00 %
REGION VI,ILOILO,CITY OF ILOILO,LAPUZ SUR,30220336,PARTYLIST,98 RAM,0,0.00 %
REGION VI,ILOILO,CITY OF ILOILO,LAPUZ SUR,30220336,PARTYLIST,99 USWAG ILONGGO,241,68.46 %
REGION VI,ILOILO,CITY OF ILOILO,LAPUZ SUR,30220336,PARTYLIST,100 AKO BISAYA,0,0.00 %
REGION VI,ILOILO,CITY OF ILOILO,LAPUZ SUR,30220336,PARTYLIST,101 KAPAMILYA,0,0.00 %
REGION VI,ILOILO,CITY OF ILOILO,LAPUZ SUR,30220336,PARTYLIST,102 PUSONG PINOY,0,0.00 %
REGION VI,ILOILO,CITY OF ILOILO,LAPUZ SUR,30220336,PARTYLIST,103 CWS,0,0.00 %
REGION VI,ILOILO,CITY OF ILOILO,LAPUZ SUR,30220336,PARTYLIST,104 SILBI,0,0.00 %
REGION VI,ILOILO,CITY OF ILOILO,LAPUZ SUR,30220336,PARTYLIST,105 CIBAC,5,1.42 %
REGION VI,ILOILO,CITY OF ILOILO,LAPUZ SUR,30220336,PARTYLIST,106 SUBANEN,0,0.00 %
REGION VI,ILOILO,CITY OF ILOILO,LAPUZ SUR,30220336,PARTYLIST,107 AKKK,2,0.56 %
REGION VI,ILOILO,CITY OF ILOILO,LAPUZ SUR,30220336,PARTYLIST,108 BG PARTY-LIST,0,0.00 %
REGION VI,ILOILO,CITY OF ILOILO,LAPUZ SUR,30220336,PARTYLIST,109 PAMILYANG MAGSASAKA,0,0.00 %
REGION VI,ILOILO,CITY OF ILOILO,LAPUZ SUR,30220336,PARTYLIST,110 COOP NATCCO,0,0.00 %
REGION VI,ILOILO,CITY OF ILOILO,LAPUZ SUR,30220336,PARTYLIST,111 FRONTLINERS ANG BIDA,0,0.00 %
REGION VI,ILOILO,CITY OF ILOILO,LAPUZ SUR,30220336,PARTYLIST,112 KASAMA,0,0.00 %
REGION VI,ILOILO,CITY OF ILOILO,LAPUZ SUR,30220336,PARTYLIST,113 AKO BISDAK,0,0.00 %
REGION VI,ILOILO,CITY OF ILOILO,LAPUZ SUR,30220336,PARTYLIST,114 GP PARTY,0,0.00 %
REGION VI,ILOILO,CITY OF ILOILO,LAPUZ SUR,30220336,PARTYLIST,115 BAHAY,0,0.00 %
REGION VI,ILOILO,CITY OF ILOILO,LAPUZ SUR,30220336,PARTYLIST,116 MAGSASAKA,1,0.28 %
REGION VI,ILOILO,CITY OF ILOILO,LAPUZ SUR,30220336,PARTYLIST,117 MARINO,0,0.00 %
REGION VI,ILOILO,CITY OF ILOILO,LAPUZ SUR,30220336,PARTYLIST,118 UNITED FRONTLINERS,1,0.28 %
REGION VI,ILOILO,CITY OF ILOILO,LAPUZ SUR,30220336,PARTYLIST,119 L.O.G.R.O. KUSINERO,0,0.00 %
REGION VI,ILOILO,CITY OF ILOILO,LAPUZ SUR,30220336,PARTYLIST,120 BPO,0,0.00 %
REGION VI,ILOILO,CITY OF ILOILO,LAPUZ SUR,30220336,PARTYLIST,121 ABANG LINGKOD,1,0.28 %
REGION VI,ILOILO,CITY OF ILOILO,LAPUZ SUR,30220336,PARTYLIST,122 KUSUG TAUSUG,0,0.00 %
REGION VI,ILOILO,CITY OF ILOILO,LAPUZ SUR,30220336,PARTYLIST,123 PLM,0,0.00 %
REGION VI,ILOILO,CITY OF ILOILO,LAPUZ SUR,30220336,PARTYLIST,124 OK PARTYLIST,0,0.00 %
REGION VI,ILOILO,CITY OF ILOILO,LAPUZ SUR,30220336,PARTYLIST,125 A TEACHER,1,0.28 %
REGION VI,ILOILO,CITY OF ILOILO,LAPUZ SUR,30220336,PARTYLIST,126 PASADA-CC,0,0.00 %
REGION VI,ILOILO,CITY OF ILOILO,LAPUZ SUR,30220336,PARTYLIST,127 OFW FAMILY,0,0.00 %
REGION VI,ILOILO,CITY OF ILOILO,LAPUZ SUR,30220336,PARTYLIST,128 ANGKLA,7,1.98 %
REGION VI,ILOILO,CITY OF ILOILO,LAPUZ SUR,30220336,PARTYLIST,129 COCOMAN,0,0.00 %
REGION VI,ILOILO,CITY OF ILOILO,LAPUZ SUR,30220336,PARTYLIST,130 ACT AS ONE,0,0.00 %
REGION VI,ILOILO,CITY OF ILOILO,LAPUZ SUR,30220336,PARTYLIST,131 AKO ILOCANO AKO,0,0.00 %
REGION VI,ILOILO,CITY OF ILOILO,LAPUZ SUR,30220336,PARTYLIST,132 TRABAHO,0,0.00 %
REGION VI,ILOILO,CITY OF ILOILO,LAPUZ SUR,30220336,PARTYLIST,133 PATROL,0,0.00 %
REGION VI,ILOILO,CITY OF ILOILO,LAPUZ SUR,30220336,PARTYLIST,134 AKO PADAYON,0,0.00 %
REGION VI,ILOILO,CITY OF ILOILO,LAPUZ SUR,30220336,PARTYLIST,135 ABONO,0,0.00 %
REGION VI,ILOILO,CITY OF ILOILO,LAPUZ SUR,30220336,PARTYLIST,136 MANILA TEACHERS,0,0.00 %
REGION VI,ILOILO,CITY OF ILOILO,LAPUZ SUR,30220336,PARTYLIST,137 KOOP-KAMPI,0,0.00 %
REGION VI,ILOILO,CITY OF ILOILO,LAPUZ SUR,30220336,PARTYLIST,138 MAYPAGASA,0,0.00 %
REGION VI,ILOILO,CITY OF ILOILO,LAPUZ SUR,30220336,PARTYLIST,139 PVAID,0,0.00 %
REGION VI,ILOILO,CITY OF ILOILO,LAPUZ SUR,30220336,PARTYLIST,140 TUTOK TO WIN,1,0.28 %
REGION VI,ILOILO,CITY OF ILOILO,LAPUZ SUR,30220336,PARTYLIST,141 BAYAN MUNA,0,0.00 %
REGION VI,ILOILO,CITY OF ILOILO,LAPUZ SUR,30220336,PARTYLIST,142 API,0,0.00 %
REGION VI,ILOILO,CITY OF ILOILO,LAPUZ SUR,30220336,PARTYLIST,143 ARTE,0,0.00 %
REGION VI,ILOILO,CITY OF ILOILO,LAPUZ SUR,30220336,PARTYLIST,144 ASAP,0,0.00 %
REGION VI,ILOILO,CITY OF ILOILO,LAPUZ SUR,30220336,PARTYLIST,145 BUNYOG,0,0.00 %
REGION VI,ILOILO,CITY OF ILOILO,LAPUZ SUR,30220336,PARTYLIST,146 AKBAYAN,0,0.00 %
REGION VI,ILOILO,CITY OF ILOILO,LAPUZ SUR,30220336,PARTYLIST,147 DAMAYAN,0,0.00 %
REGION VI,ILOILO,CITY OF ILOILO,LAPUZ SUR,30220336,PARTYLIST,148 WIFI,1,0.28 %
REGION VI,ILOILO,CITY OF ILOILO,LAPUZ SUR,30220336,PARTYLIST,149 CANCER PARTY LIST,0,0.00 %
REGION VI,ILOILO,CITY OF ILOILO,LAPUZ SUR,30220336,PARTYLIST,150 1-ANG EDUKASYON,1,0.28 %
REGION VI,ILOILO,CITY OF ILOILO,LAPUZ SUR,30220336,PARTYLIST,151 UFCC,0,0.00 %
REGION VI,ILOILO,CITY OF ILOILO,LAPUZ SUR,30220336,PARTYLIST,152 AGRI,1,0.28 %
REGION VI,ILOILO,CITY OF ILOILO,LAPUZ SUR,30220336,PARTYLIST,153 MAHARLIKA,0,0.00 %
REGION VI,ILOILO,CITY OF ILOILO,LAPUZ SUR,30220336,PARTYLIST,154 ANAKPAWIS,1,0.28 %
REGION VI,ILOILO,CITY OF ILOILO,LAPUZ SUR,30220336,PARTYLIST,155 1TAHANAN,0,0.00 %
REGION VI,ILOILO,CITY OF ILOILO,LAPUZ SUR,30220336,PARTYLIST,156 TURISMO,0,0.00 %
REGION VI,ILOILO,CITY OF ILOILO,LAPUZ SUR,30220336,PARTYLIST,157 APEC,0,0.00 %
REGION VI,ILOILO,CITY OF ILOILO,LAPUZ SUR,30220336,PARTYLIST,158 SENIOR CITIZENS PARTYLIST,1,0.28 %
REGION VI,ILOILO,CITY OF ILOILO,LAPUZ SUR,30220336,PARTYLIST,159 AASENSO,0,0.00 %
REGION VI,ILOILO,CITY OF ILOILO,LAPUZ SUR,30220336,PARTYLIST,160 AMIN,0,0.00 %
REGION VI,ILOILO,CITY OF ILOILO,LAPUZ SUR,30220336,PARTYLIST,161 1-PACMAN,1,0.28 %
REGION VI,ILOILO,CITY OF ILOILO,LAPUZ SUR,30220336,PARTYLIST,162 ABB-NFCPI,0,0.00 %
REGION VI,ILOILO,CITY OF ILOILO,LAPUZ SUR,30220336,PARTYLIST,163 AN WARAY,0,0.00 %
REGION VI,ILOILO,CITY OF ILOILO,LAPUZ SUR,30220336,PARTYLIST,164 AP PARTYLIST,1,0.28 %
REGION VI,ILOILO,CITY OF ILOILO,LAPUZ SUR,30220336,PARTYLIST,165 AKAP PINOY,0,0.00 %
REGION VI,ILOILO,CITY OF ILOILO,LAPUZ SUR,30220336,PARTYLIST,166 BUHAY,0,0.00 %
REGION VI,ILOILO,CITY OF ILOILO,LAPUZ SUR,30220336,PARTYLIST,167 ARISE,0,0.00 %
REGION VI,ILOILO,CITY OF ILOILO,LAPUZ SUR,30220336,PARTYLIST,168 IWI,0,0.00 %
REGION VI,ILOILO,CITY OF ILOILO,LAPUZ SUR,30220336,PARTYLIST,169 ANG TINIG NG SENIORS,0,0.00 %
REGION VI,ILOILO,CITY OF ILOILO,LAPUZ SUR,30220336,PARTYLIST,170 LBP,0,0.00 %
REGION VI,ILOILO,CITY OF ILOILO,LAPUZ SUR,30220336,PARTYLIST,171 IPEACE EPANAW,0,0.00 %
REGION VI,ILOILO,CITY OF ILOILO,LAPUZ SUR,30220336,PARTYLIST,172 APAT-DAPAT,0,0.00 %
REGION VI,ILOILO,CITY OF ILOILO,LAPUZ SUR,30220336,PARTYLIST,173 UMA ILONGGO,5,1.42 %
REGION VI,ILOILO,CITY OF ILOILO,LAPUZ SUR,30220336,PARTYLIST,174 AYUDA,0,0.00 %
REGION VI,ILOILO,CITY OF ILOILO,LAPUZ SUR,30220336,PARTYLIST,175 SAMBAYANAN,4,1.13 %
REGION VI,ILOILO,CITY OF ILOILO,LAPUZ SUR,30220336,PARTYLIST,176 AKO BREEDER,0,0.00 %
REGION VI,ILOILO,CITY OF ILOILO,LAPUZ SUR,30220336,PARTYLIST,177 FPJ,0,0.00 %
REGION VI,ILOILO,CITY OF ILOILO,LAPUZ SUR,30220336,PARTYLIST,178 LIBRO,0,0.00 %
"MEMBER, HOUSE OF REPRESENTATIVES ILOILO - CITY OF ILOILO - LONE LEGDIST","BANTOLO, RUDY (IND)",3,0.71 %
"MEMBER, HOUSE OF REPRESENTATIVES ILOILO - CITY OF ILOILO - LONE LEGDIST","BARONDA, JAM-JAM (NUP)",285,68.18 %
"MEMBER, HOUSE OF REPRESENTATIVES ILOILO - CITY OF ILOILO - LONE LEGDIST","ESPINOSA, JOE III (NP)",129,30.86 %
"MEMBER, HOUSE OF REPRESENTATIVES ILOILO - CITY OF ILOILO - LONE LEGDIST","ESPINOSA, JUNI (IND)",1,0.23 %
MAYOR ILOILO - CITY OF ILOILO,"ANG, VICENTE (IND)",2,0.47 %
MAYOR ILOILO - CITY OF ILOILO,"CAPULOT, JUN (PRP)",85,20.09 %
MAYOR ILOILO - CITY OF ILOILO,"TREÑAS, JERRY (NUP)",336,79.43 %
VICE-MAYOR ILOILO - CITY OF ILOILO,"GANZON, JEFFREY (NUP)",282,78.77 %
VICE-MAYOR ILOILO - CITY OF ILOILO,"JADULOS, KAYSER (PRP)",76,21.22 %
"MEMBER, SANGGUNIANG PANLUNGSOD ILOILO - CITY OF ILOILO - LONE DIST","ABADIANO, PETER (IND)",51,1.43 %
"MEMBER, SANGGUNIANG PANLUNGSOD ILOILO - CITY OF ILOILO - LONE DIST","ACAP, LYNDON (NP)",119,3.35 %
"MEMBER, SANGGUNIANG PANLUNGSOD ILOILO - CITY OF ILOILO - LONE DIST","ALIM, JOSHUA (PFP)",162,4.56 %
"MEMBER, SANGGUNIANG PANLUNGSOD ILOILO - CITY OF ILOILO - LONE DIST","ANOCHE, VIC (IND)",5,0.14 %
"MEMBER, SANGGUNIANG PANLUNGSOD ILOILO - CITY OF ILOILO - LONE DIST","BAGARES, ROVELSON (IND)",18,0.50 %
"MEMBER, SANGGUNIANG PANLUNGSOD ILOILO - CITY OF ILOILO - LONE DIST","BARONDA, DOC NICK LOVE (NUP)",225,6.33 %
"MEMBER, SANGGUNIANG PANLUNGSOD ILOILO - CITY OF ILOILO - LONE DIST","CABALUNA, SEDFREY (NUP)",253,7.12 %
"MEMBER, SANGGUNIANG PANLUNGSOD ILOILO - CITY OF ILOILO - LONE DIST","CARREON, MEL (IND)",52,1.46 %
"MEMBER, SANGGUNIANG PANLUNGSOD ILOILO - CITY OF ILOILO - LONE DIST","CENDAÑA, PHILIP (PFP)",9,0.25 %
"MEMBER, SANGGUNIANG PANLUNGSOD ILOILO - CITY OF ILOILO - LONE DIST","DAVID, JOHN ERIC (NUP)",154,4.33 %
"MEMBER, SANGGUNIANG PANLUNGSOD ILOILO - CITY OF ILOILO - LONE DIST","DELA LLANA, NENE (IND)",95,2.67 %
"MEMBER, SANGGUNIANG PANLUNGSOD ILOILO - CITY OF ILOILO - LONE DIST","DURON, ROMEL (NUP)",200,5.63 %
"MEMBER, SANGGUNIANG PANLUNGSOD ILOILO - CITY OF ILOILO - LONE DIST","ESPINOSA, MOR (IND)",54,1.52 %
"MEMBER, SANGGUNIANG PANLUNGSOD ILOILO - CITY OF ILOILO - LONE DIST","ESTANTE, ELY JR. (NUP)",183,5.15 %
"MEMBER, SANGGUNIANG PANLUNGSOD ILOILO - CITY OF ILOILO - LONE DIST","FLOGEN, SIR ROMEL (NP)",38,1.07 %
"MEMBER, SANGGUNIANG PANLUNGSOD ILOILO - CITY OF ILOILO - LONE DIST","GANZON, RUDOLPH RODING (NUP)",206,5.80 %
"MEMBER, SANGGUNIANG PANLUNGSOD ILOILO - CITY OF ILOILO - LONE DIST","GIMEO, KAP EFREN (PFP)",24,0.67 %
"MEMBER, SANGGUNIANG PANLUNGSOD ILOILO - CITY OF ILOILO - LONE DIST","JAVELLANA, JOJO (NUP)",176,4.95 %
"MEMBER, SANGGUNIANG PANLUNGSOD ILOILO - CITY OF ILOILO - LONE DIST","MALABOR, MANDRIE (USWAG)",110,3.09 %
"MEMBER, SANGGUNIANG PANLUNGSOD ILOILO - CITY OF ILOILO - LONE DIST","NAVA, PLARIDEL (PROMDI)",165,4.64 %
"MEMBER, SANGGUNIANG PANLUNGSOD ILOILO - CITY OF ILOILO - LONE DIST","PAMA, SIR ED (PROMDI)",18,0.50 %
"MEMBER, SANGGUNIANG PANLUNGSOD ILOILO - CITY OF ILOILO - LONE DIST","PARCON, FRANCES GRACE (NUP)",235,6.61 %
"MEMBER, SANGGUNIANG PANLUNGSOD ILOILO - CITY OF ILOILO - LONE DIST","PIAD, RICH (PFP)",14,0.39 %
"MEMBER, SANGGUNIANG PANLUNGSOD ILOILO - CITY OF ILOILO - LONE DIST","SARABIA, REX (NUP)",192,5.40 %
"MEMBER, SANGGUNIANG PANLUNGSOD ILOILO - CITY OF ILOILO - LONE DIST","TREÑAS, MIGUEL (NUP)",229,6.44 %
"MEMBER, SANGGUNIANG PANLUNGSOD ILOILO - CITY OF ILOILO - LONE DIST","TUPAS, CANDICE MISIS LEX (LDP)",150,4.22 %
"MEMBER, SANGGUNIANG PANLUNGSOD ILOILO - CITY OF ILOILO - LONE DIST","YOUNG, JOHNNY (NUP)",174,4.90 %
"MEMBER, SANGGUNIANG PANLUNGSOD ILOILO - CITY OF ILOILO - LONE DIST","ZALDIVAR, ALAN (NUP)",240,6.75 %
region,province,city,barangay,precinct,position,candidate,votes,percentage
REGION VI,ILOILO,CITY OF ILOILO,LAPUZ SUR,30220337,PRESIDENT,Candidate,Votes,Percentage
REGION VI,ILOILO,CITY OF ILOILO,LAPUZ SUR,30220337,PRESIDENT,"ABELLA, ERNIE (IND)",0,0.00 %
REGION VI,ILOILO,CITY OF ILOILO,LAPUZ SUR,30220337,PRESIDENT,"DE GUZMAN, LEODY (PLM)",2,0.44 %
REGION VI,ILOILO,CITY OF ILOILO,LAPUZ SUR,30220337,PRESIDENT,"DOMAGOSO, ISKO MORENO (AKSYON)",16,3.59 %
REGION VI,ILOILO,CITY OF ILOILO,LAPUZ SUR,30220337,PRESIDENT,"GONZALES, NORBERTO (PDSP)",0,0.00 %
REGION VI,ILOILO,CITY OF ILOILO,LAPUZ SUR,30220337,PRESIDENT,"LACSON, PING (PDR)",4,0.89 %
REGION VI,ILOILO,CITY OF ILOILO,LAPUZ SUR,30220337,PRESIDENT,"MANGONDATO, FAISAL (KTPNAN)",0,0.00 %
REGION VI,ILOILO,CITY OF ILOILO,LAPUZ SUR,30220337,PRESIDENT,"MARCOS, BONGBONG (PFP)",160,35.95 %
REGION VI,ILOILO,CITY OF ILOILO,LAPUZ SUR,30220337,PRESIDENT,"MONTEMAYOR, JOSE JR. (DPP)",1,0.22 %
REGION VI,ILOILO,CITY OF ILOILO,LAPUZ SUR,30220337,PRESIDENT,"PACQUIAO, MANNY PACMAN(PROMDI)",14,3.14 %
REGION VI,ILOILO,CITY OF ILOILO,LAPUZ SUR,30220337,PRESIDENT,"ROBREDO, LENI (IND)",248,55.73 %
REGION VI,ILOILO,CITY OF ILOILO,LAPUZ SUR,30220337,VICE_PRESIDENT,Candidate,Votes,Percentage
REGION VI,ILOILO,CITY OF ILOILO,LAPUZ SUR,30220337,VICE_PRESIDENT,"ATIENZA, LITO (PROMDI)",2,0.45 %
REGION VI,ILOILO,CITY OF ILOILO,LAPUZ SUR,30220337,VICE_PRESIDENT,"BELLO, WALDEN (PLM)",1,0.22 %
REGION VI,ILOILO,CITY OF ILOILO,LAPUZ SUR,30220337,VICE_PRESIDENT,"DAVID, RIZALITO (DPP)",0,0.00 %
REGION VI,ILOILO,CITY OF ILOILO,LAPUZ SUR,30220337,VICE_PRESIDENT,"DUTERTE, SARA (LAKAS)",177,40.50 %
REGION VI,ILOILO,CITY OF ILOILO,LAPUZ SUR,30220337,VICE_PRESIDENT,"LOPEZ, MANNY SD (WPP)",1,0.22 %
REGION VI,ILOILO,CITY OF ILOILO,LAPUZ SUR,30220337,VICE_PRESIDENT,"ONG, DOC WILLIE (AKSYON)",18,4.11 %
REGION VI,ILOILO,CITY OF ILOILO,LAPUZ SUR,30220337,VICE_PRESIDENT,"PANGILINAN, KIKO (LP)",158,36.15 %
REGION VI,ILOILO,CITY OF ILOILO,LAPUZ SUR,30220337,VICE_PRESIDENT,"SERAPIO, CARLOS (KTPNAN)",0,0.00 %
REGION VI,ILOILO,CITY OF ILOILO,LAPUZ SUR,30220337,VICE_PRESIDENT,"SOTTO, VICENTE TITO (NPC)",80,18.30 %
REGION VI,ILOILO,CITY OF ILOILO,LAPUZ SUR,30220337,SENATOR,Candidate,Votes,Percentage
REGION VI,ILOILO,CITY OF ILOILO,LAPUZ SUR,30220337,SENATOR,"AFUANG, ABNER (IND)",6,0.16 %
REGION VI,ILOILO,CITY OF ILOILO,LAPUZ SUR,30220337,SENATOR,"ALBANI, IBRAHIM (WPP)",1,0.02 %
REGION VI,ILOILO,CITY OF ILOILO,LAPUZ SUR,30220337,SENATOR,"ARRANZA, MANG JESS (IND)",3,0.08 %
REGION VI,ILOILO,CITY OF ILOILO,LAPUZ SUR,30220337,SENATOR,"BAGUILAT, TEDDY (LP)",68,1.87 %
REGION VI,ILOILO,CITY OF ILOILO,LAPUZ SUR,30220337,SENATOR,"BAILEN, AGNES (IND)",4,0.11 %
REGION VI,ILOILO,CITY OF ILOILO,LAPUZ SUR,30220337,SENATOR,"BALITA, CARL (AKSYON)",17,0.46 %
REGION VI,ILOILO,CITY OF ILOILO,LAPUZ SUR,30220337,SENATOR,"BARBO, LUTZ (PDPLBN)",5,0.13 %
REGION VI,ILOILO,CITY OF ILOILO,LAPUZ SUR,30220337,SENATOR,"BAUTISTA, HERBERT BISTEK (NPC)",99,2.72 %
REGION VI,ILOILO,CITY OF ILOILO,LAPUZ SUR,30220337,SENATOR,"BELGICA, GRECO (PDDS)",9,0.24 %
REGION VI,ILOILO,CITY OF ILOILO,LAPUZ SUR,30220337,SENATOR,"BELLO, SILVESTRE JR. (PDPLBN)",10,0.27 %
REGION VI,ILOILO,CITY OF ILOILO,LAPUZ SUR,30220337,SENATOR,"BINAY, JOJO (UNA)",57,1.56 %
REGION VI,ILOILO,CITY OF ILOILO,LAPUZ SUR,30220337,SENATOR,"CABONEGRO, ROY (PLM)",5,0.13 %
REGION VI,ILOILO,CITY OF ILOILO,LAPUZ SUR,30220337,SENATOR,"CASTRICIONES, BRO JOHN(PDPLBN)",1,0.02 %
REGION VI,ILOILO,CITY OF ILOILO,LAPUZ SUR,30220337,SENATOR,"CAYETANO, ALAN PETER (IND)",136,3.74 %
REGION VI,ILOILO,CITY OF ILOILO,LAPUZ SUR,30220337,SENATOR,"CHAVEZ, MELCHOR (WPP)",8,0.22 %
REGION VI,ILOILO,CITY OF ILOILO,LAPUZ SUR,30220337,SENATOR,"COLMENARES, NERI (MKBYN)",99,2.72 %
REGION VI,ILOILO,CITY OF ILOILO,LAPUZ SUR,30220337,SENATOR,"D'ANGELO, DAVID (PLM)",6,0.16 %
REGION VI,ILOILO,CITY OF ILOILO,LAPUZ SUR,30220337,SENATOR,"DE LIMA, LEILA (LP)",150,4.12 %
REGION VI,ILOILO,CITY OF ILOILO,LAPUZ SUR,30220337,SENATOR,"DEL ROSARIO, MONSOUR (PDR)",16,0.44 %
REGION VI,ILOILO,CITY OF ILOILO,LAPUZ SUR,30220337,SENATOR,"DIAZ, DING (PPP)",5,0.13 %
REGION VI,ILOILO,CITY OF ILOILO,LAPUZ SUR,30220337,SENATOR,"DIOKNO, CHEL (KANP)",163,4.48 %
REGION VI,ILOILO,CITY OF ILOILO,LAPUZ SUR,30220337,SENATOR,"EJERCITO, JV ESTRADA (NPC)",144,3.96 %
REGION VI,ILOILO,CITY OF ILOILO,LAPUZ SUR,30220337,SENATOR,"ELEAZAR, GEN. GUILLERMO (PDR)",98,2.69 %
REGION VI,ILOILO,CITY OF ILOILO,LAPUZ SUR,30220337,SENATOR,"EREÑO, BRO. ERNIE (PM)",0,0.00 %
REGION VI,ILOILO,CITY OF ILOILO,LAPUZ SUR,30220337,SENATOR,"ESCUDERO, CHIZ (NPC)",166,4.56 %
REGION VI,ILOILO,CITY OF ILOILO,LAPUZ SUR,30220337,SENATOR,"ESPIRITU, LUKE (PLM)",68,1.87 %
REGION VI,ILOILO,CITY OF ILOILO,LAPUZ SUR,30220337,SENATOR,"ESTRADA, JINGGOY (PMP)",68,1.87 %
REGION VI,ILOILO,CITY OF ILOILO,LAPUZ SUR,30220337,SENATOR,"FALCONE, BAL FALCON (DPP)",4,0.11 %
REGION VI,ILOILO,CITY OF ILOILO,LAPUZ SUR,30220337,SENATOR,"GADON, LARRY (KBL)",63,1.73 %
REGION VI,ILOILO,CITY OF ILOILO,LAPUZ SUR,30220337,SENATOR,"GATCHALIAN, WIN (NPC)",121,3.32 %
REGION VI,ILOILO,CITY OF ILOILO,LAPUZ SUR,30220337,SENATOR,"GORDON, WOW DICK (BVNP)",122,3.35 %
REGION VI,ILOILO,CITY OF ILOILO,LAPUZ SUR,30220337,SENATOR,"GUTOC, SAMIRA (AKSYON)",11,0.30 %
REGION VI,ILOILO,CITY OF ILOILO,LAPUZ SUR,30220337,SENATOR,"HONASAN, GRINGO (IND)",89,2.44 %
REGION VI,ILOILO,CITY OF ILOILO,LAPUZ SUR,30220337,SENATOR,"HONTIVEROS, RISA (AKBAYAN)",206,5.66 %
REGION VI,ILOILO,CITY OF ILOILO,LAPUZ SUR,30220337,SENATOR,"JAVELLANA, RJ (IND)",8,0.22 %
REGION VI,ILOILO,CITY OF ILOILO,LAPUZ SUR,30220337,SENATOR,"KIRAM, NUR-MAHAL (IND)",5,0.13 %
REGION VI,ILOILO,CITY OF ILOILO,LAPUZ SUR,30220337,SENATOR,"LABOG, ELMER (MKBYN)",13,0.35 %
REGION VI,ILOILO,CITY OF ILOILO,LAPUZ SUR,30220337,SENATOR,"LACSON, KUYA ALEX (KP)",70,1.92 %
REGION VI,ILOILO,CITY OF ILOILO,LAPUZ SUR,30220337,SENATOR,"LANGIT, REY (PDPLBN)",4,0.11 %
REGION VI,ILOILO,CITY OF ILOILO,LAPUZ SUR,30220337,SENATOR,"LEGARDA, LOREN (NPC)",213,5.86 %
REGION VI,ILOILO,CITY OF ILOILO,LAPUZ SUR,30220337,SENATOR,"LIM, ARIEL (IND)",5,0.13 %
REGION VI,ILOILO,CITY OF ILOILO,LAPUZ SUR,30220337,SENATOR,"MALLILLIN, EMILY (PPM)",0,0.00 %
REGION VI,ILOILO,CITY OF ILOILO,LAPUZ SUR,30220337,SENATOR,"MARCOLETA, RODANTE (PDPLBN)",19,0.52 %
REGION VI,ILOILO,CITY OF ILOILO,LAPUZ SUR,30220337,SENATOR,"MARCOS, FRANCIS LEO (IND)",21,0.57 %
REGION VI,ILOILO,CITY OF ILOILO,LAPUZ SUR,30220337,SENATOR,"MATULA, SONNY (IND)",44,1.21 %
REGION VI,ILOILO,CITY OF ILOILO,LAPUZ SUR,30220337,SENATOR,"MINDALANO-ADAM,MARIETA(KTPNAN)",1,0.02 %
REGION VI,ILOILO,CITY OF ILOILO,LAPUZ SUR,30220337,SENATOR,"OLARTE, ATTY/DR. LEO (BIGKIS)",3,0.08 %
REGION VI,ILOILO,CITY OF ILOILO,LAPUZ SUR,30220337,SENATOR,"PADILLA, DRA. MINGUITA (PDR)",29,0.79 %
REGION VI,ILOILO,CITY OF ILOILO,LAPUZ SUR,30220337,SENATOR,"PADILLA, ROBIN (PDPLBN)",140,3.85 %
REGION VI,ILOILO,CITY OF ILOILO,LAPUZ SUR,30220337,SENATOR,"PANELO, SAL PANALO (PDPLBN)",32,0.88 %
REGION VI,ILOILO,CITY OF ILOILO,LAPUZ SUR,30220337,SENATOR,"PIMENTEL, ASTRA (PDPLBN)",17,0.46 %
REGION VI,ILOILO,CITY OF ILOILO,LAPUZ SUR,30220337,SENATOR,"PIÑOL, MANNY (NPC)",26,0.71 %
REGION VI,ILOILO,CITY OF ILOILO,LAPUZ SUR,30220337,SENATOR,"RICABLANCA, WILLIE JR. (PM)",1,0.02 %
REGION VI,ILOILO,CITY OF ILOILO,LAPUZ SUR,30220337,SENATOR,"ROQUE, HARRY SPOX (PRP)",50,1.37 %
REGION VI,ILOILO,CITY OF ILOILO,LAPUZ SUR,30220337,SENATOR,"SAHIDULLA, LADY ANNE (PDDS)",2,0.05 %
REGION VI,ILOILO,CITY OF ILOILO,LAPUZ SUR,30220337,SENATOR,"SISON, JOPET (AKSYON)",16,0.44 %
REGION VI,ILOILO,CITY OF ILOILO,LAPUZ SUR,30220337,SENATOR,"TEODORO, GIBO (PRP)",80,2.20 %
REGION VI,ILOILO,CITY OF ILOILO,LAPUZ SUR,30220337,SENATOR,"TRILLANES, ANTONIO IV (LP)",131,3.60 %
REGION VI,ILOILO,CITY OF ILOILO,LAPUZ SUR,30220337,SENATOR,"TULFO, IDOL RAFFY (IND)",237,6.52 %
REGION VI,ILOILO,CITY OF ILOILO,LAPUZ SUR,30220337,SENATOR,"VALEROS, REY (IND)",3,0.08 %
REGION VI,ILOILO,CITY OF ILOILO,LAPUZ SUR,30220337,SENATOR,"VILLANUEVA,JOEL TESDAMAN (IND)",126,3.46 %
REGION VI,ILOILO,CITY OF ILOILO,LAPUZ SUR,30220337,SENATOR,"VILLAR, MARK (NP)",109,2.99 %
REGION VI,ILOILO,CITY OF ILOILO,LAPUZ SUR,30220337,SENATOR,"ZUBIAGA, CARMEN (IND)",17,0.46 %
REGION VI,ILOILO,CITY OF ILOILO,LAPUZ SUR,30220337,SENATOR,"ZUBIRI, MIGZ (IND)",184,5.06 %
REGION VI,ILOILO,CITY OF ILOILO,LAPUZ SUR,30220337,PARTYLIST,Candidate,Votes,Percentage
REGION VI,ILOILO,CITY OF ILOILO,LAPUZ SUR,30220337,PARTYLIST,01 KAMALAYAN,0,0.00 %
REGION VI,ILOILO,CITY OF ILOILO,LAPUZ SUR,30220337,PARTYLIST,02 KM NGAYON NA,0,0.00 %
REGION VI,ILOILO,CITY OF ILOILO,LAPUZ SUR,30220337,PARTYLIST,03 PSIS,0,0.00 %
REGION VI,ILOILO,CITY OF ILOILO,LAPUZ SUR,30220337,PARTYLIST,04 AGAP,2,0.56 %
REGION VI,ILOILO,CITY OF ILOILO,LAPUZ SUR,30220337,PARTYLIST,05 KABAYAN,1,0.28 %
REGION VI,ILOILO,CITY OF ILOILO,LAPUZ SUR,30220337,PARTYLIST,06 HOME OWNER,0,0.00 %
REGION VI,ILOILO,CITY OF ILOILO,LAPUZ SUR,30220337,PARTYLIST,07 KAPUSO-PM,0,0.00 %
REGION VI,ILOILO,CITY OF ILOILO,LAPUZ SUR,30220337,PARTYLIST,08 PDP CARES,0,0.00 %
REGION VI,ILOILO,CITY OF ILOILO,LAPUZ SUR,30220337,PARTYLIST,09 MARVELOUS TAYO,0,0.00 %
REGION VI,ILOILO,CITY OF ILOILO,LAPUZ SUR,30220337,PARTYLIST,10 AKO OFW,0,0.00 %
REGION VI,ILOILO,CITY OF ILOILO,LAPUZ SUR,30220337,PARTYLIST,11 UNITED SENIOR CITIZEN,1,0.28 %
REGION VI,ILOILO,CITY OF ILOILO,LAPUZ SUR,30220337,PARTYLIST,12 WOW PILIPINAS,0,0.00 %
REGION VI,ILOILO,CITY OF ILOILO,LAPUZ SUR,30220337,PARTYLIST,13 ALTERNATIBA,0,0.00 %
REGION VI,ILOILO,CITY OF ILOILO,LAPUZ SUR,30220337,PARTYLIST,14 1-RIDER PARTYLIST,2,0.56 %
REGION VI,ILOILO,CITY OF ILOILO,LAPUZ SUR,30220337,PARTYLIST,15 1-CARE,0,0.00 %
REGION VI,ILOILO,CITY OF ILOILO,LAPUZ SUR,30220337,PARTYLIST,16 ABP,0,0.00 %
REGION VI,ILOILO,CITY OF ILOILO,LAPUZ SUR,30220337,PARTYLIST,17 AKO MUSIKERO,0,0.00 %
REGION VI,ILOILO,CITY OF ILOILO,LAPUZ SUR,30220337,PARTYLIST,18 AKO BICOL,0,0.00 %
REGION VI,ILOILO,CITY OF ILOILO,LAPUZ SUR,30220337,PARTYLIST,19 PRAI,0,0.00 %
REGION VI,ILOILO,CITY OF ILOILO,LAPUZ SUR,30220337,PARTYLIST,20 4PS,1,0.28 %
REGION VI,ILOILO,CITY OF ILOILO,LAPUZ SUR,30220337,PARTYLIST,21 MAAGAP,0,0.00 %
REGION VI,ILOILO,CITY OF ILOILO,LAPUZ SUR,30220337,PARTYLIST,22 ABANTE PILIPINAS,0,0.00 %
REGION VI,ILOILO,CITY OF ILOILO,LAPUZ SUR,30220337,PARTYLIST,23 AKTIBONG KAAGAPAY,0,0.00 %
REGION VI,ILOILO,CITY OF ILOILO,LAPUZ SUR,30220337,PARTYLIST,24 ALSA BISAYA,0,0.00 %
REGION VI,ILOILO,CITY OF ILOILO,LAPUZ SUR,30220337,PARTYLIST,25 PROBINSYANO AKO,1,0.28 %
REGION VI,ILOILO,CITY OF ILOILO,LAPUZ SUR,30220337,PARTYLIST,26 YACAP,0,0.00 %
REGION VI,ILOILO,CITY OF ILOILO,LAPUZ SUR,30220337,PARTYLIST,27 MAGDALO,1,0.28 %
REGION VI,ILOILO,CITY OF ILOILO,LAPUZ SUR,30220337,PARTYLIST,28 ACT-CIS,8,2.24 %
REGION VI,ILOILO,CITY OF ILOILO,LAPUZ SUR,30220337,PARTYLIST,29 HUGPONG FEDERAL,1,0.28 %
REGION VI,ILOILO,CITY OF ILOILO,LAPUZ SUR,30220337,PARTYLIST,30 TGP,2,0.56 %
REGION VI,ILOILO,CITY OF ILOILO,LAPUZ SUR,30220337,PARTYLIST,31 ONE COOP,0,0.00 %
REGION VI,ILOILO,CITY OF ILOILO,LAPUZ SUR,30220337,PARTYLIST,32 BARKADAHAN,0,0.00 %
REGION VI,ILOILO,CITY OF ILOILO,LAPUZ SUR,30220337,PARTYLIST,33 DUMPER PTDA,0,0.00 %
REGION VI,ILOILO,CITY OF ILOILO,LAPUZ SUR,30220337,PARTYLIST,34 MALABUNG,0,0.00 %
REGION VI,ILOILO,CITY OF ILOILO,LAPUZ SUR,30220337,PARTYLIST,35 BH (BAGONG HENERASYON),1,0.28 %
REGION VI,ILOILO,CITY OF ILOILO,LAPUZ SUR,30220337,PARTYLIST,36 AKMA-PTM,0,0.00 %
REGION VI,ILOILO,CITY OF ILOILO,LAPUZ SUR,30220337,PARTYLIST,37 IPATUPAD,0,0.00 %
REGION VI,ILOILO,CITY OF ILOILO,LAPUZ SUR,30220337,PARTYLIST,38 PINUNO,0,0.00 %
REGION VI,ILOILO,CITY OF ILOILO,LAPUZ SUR,30220337,PARTYLIST,39 LPGMA,0,0.00 %
REGION VI,ILOILO,CITY OF ILOILO,LAPUZ SUR,30220337,PARTYLIST,40 CLICK PARTY,0,0.00 %
REGION VI,ILOILO,CITY OF ILOILO,LAPUZ SUR,30220337,PARTYLIST,41 TODA,0,0.00 %
REGION VI,ILOILO,CITY OF ILOILO,LAPUZ SUR,30220337,PARTYLIST,42 BHW,0,0.00 %
REGION VI,ILOILO,CITY OF ILOILO,LAPUZ SUR,30220337,PARTYLIST,43 MALASAKIT@BAYANIHAN,3,0.84 %
REGION VI,ILOILO,CITY OF ILOILO,LAPUZ SUR,30220337,PARTYLIST,44 ABS,0,0.00 %
REGION VI,ILOILO,CITY OF ILOILO,LAPUZ SUR,30220337,PARTYLIST,45 PASAHERO PARTYLIST,1,0.28 %
REGION VI,ILOILO,CITY OF ILOILO,LAPUZ SUR,30220337,PARTYLIST,46 ANGAT,1,0.28 %
REGION VI,ILOILO,CITY OF ILOILO,LAPUZ SUR,30220337,PARTYLIST,47 SOLID-CHANGE,0,0.00 %
REGION VI,ILOILO,CITY OF ILOILO,LAPUZ SUR,30220337,PARTYLIST,48 BICOL SARO,0,0.00 %
REGION VI,ILOILO,CITY OF ILOILO,LAPUZ SUR,30220337,PARTYLIST,49 OFW,1,0.28 %
REGION VI,ILOILO,CITY OF ILOILO,LAPUZ SUR,30220337,PARTYLIST,50 ANG PROBINSIYANO,0,0.00 %
REGION VI,ILOILO,CITY OF ILOILO,LAPUZ SUR,30220337,PARTYLIST,51 ANAKALUSUGAN,2,0.56 %
REGION VI,ILOILO,CITY OF ILOILO,LAPUZ SUR,30220337,PARTYLIST,52 PBA,0,0.00 %
REGION VI,ILOILO,CITY OF ILOILO,LAPUZ SUR,30220337,PARTYLIST,53 PEACE,0,0.00 %
REGION VI,ILOILO,CITY OF ILOILO,LAPUZ SUR,30220337,PARTYLIST,54 P3PWD,2,0.56 %
REGION VI,ILOILO,CITY OF ILOILO,LAPUZ SUR,30220337,PARTYLIST,55 S.M.I.L.E,1,0.28 %
REGION VI,ILOILO,CITY OF ILOILO,LAPUZ SUR,30220337,PARTYLIST,56 AAMBIS-OWA,7,1.96 %
REGION VI,ILOILO,CITY OF ILOILO,LAPUZ SUR,30220337,PARTYLIST,57 BUTIL,0,0.00 %
REGION VI,ILOILO,CITY OF ILOILO,LAPUZ SUR,30220337,PARTYLIST,58 LUNAS,1,0.28 %
REGION VI,ILOILO,CITY OF ILOILO,LAPUZ SUR,30220337,PARTYLIST,59 ANG KOMADRONA,1,0.28 %
REGION VI,ILOILO,CITY OF ILOILO,LAPUZ SUR,30220337,PARTYLIST,60 KABAKA,0,0.00 %
REGION VI,ILOILO,CITY OF ILOILO,LAPUZ SUR,30220337,PARTYLIST,61 SAGIP,2,0.56 %
REGION VI,ILOILO,CITY OF ILOILO,LAPUZ SUR,30220337,PARTYLIST,62 ANG KABUHAYAN,0,0.00 %
REGION VI,ILOILO,CITY OF ILOILO,LAPUZ SUR,30220337,PARTYLIST,63 AKO I.P.,1,0.28 %
REGION VI,ILOILO,CITY OF ILOILO,LAPUZ SUR,30220337,PARTYLIST,64 PHILRECA,0,0.00 %
REGION VI,ILOILO,CITY OF ILOILO,LAPUZ SUR,30220337,PARTYLIST,65 BABAE AKO,1,0.28 %
REGION VI,ILOILO,CITY OF ILOILO,LAPUZ SUR,30220337,PARTYLIST,66 KB,0,0.00 %
REGION VI,ILOILO,CITY OF ILOILO,LAPUZ SUR,30220337,PARTYLIST,67 GABRIELA,2,0.56 %
REGION VI,ILOILO,CITY OF ILOILO,LAPUZ SUR,30220337,PARTYLIST,68 KALINGA,1,0.28 %
REGION VI,ILOILO,CITY OF ILOILO,LAPUZ SUR,30220337,PARTYLIST,69 STL,0,0.00 %
REGION VI,ILOILO,CITY OF ILOILO,LAPUZ SUR,30220337,PARTYLIST,70 RECOBODA,0,0.00 %
REGION VI,ILOILO,CITY OF ILOILO,LAPUZ SUR,30220337,PARTYLIST,71 ANGAT PINOY,0,0.00 %
REGION VI,ILOILO,CITY OF ILOILO,LAPUZ SUR,30220337,PARTYLIST,72 ANAC-IP,1,0.28 %
REGION VI,ILOILO,CITY OF ILOILO,LAPUZ SUR,30220337,PARTYLIST,73 DIWA,0,0.00 %
REGION VI,ILOILO,CITY OF ILOILO,LAPUZ SUR,30220337,PARTYLIST,74 ASENSO PINOY,0,0.00 %
REGION VI,ILOILO,CITY OF ILOILO,LAPUZ SUR,30220337,PARTYLIST,75 PPP,0,0.00 %
REGION VI,ILOILO,CITY OF ILOILO,LAPUZ SUR,30220337,PARTYLIST,76 PAMILYA MUNA,1,0.28 %
REGION VI,ILOILO,CITY OF ILOILO,LAPUZ SUR,30220337,PARTYLIST,77 AYUDA SANDUGO,0,0.00 %
REGION VI,ILOILO,CITY OF ILOILO,LAPUZ SUR,30220337,PARTYLIST,78 BUKLOD FILIPINO,0,0.00 %
REGION VI,ILOILO,CITY OF ILOILO,LAPUZ SUR,30220337,PARTYLIST,79 BTS,0,0.00 %
REGION VI,ILOILO,CITY OF ILOILO,LAPUZ SUR,30220337,PARTYLIST,80 MOCHA,1,0.28 %
REGION VI,ILOILO,CITY OF ILOILO,LAPUZ SUR,30220337,PARTYLIST,81 ACT TEACHERS,1,0.28 %
REGION VI,ILOILO,CITY OF ILOILO,LAPUZ SUR,30220337,PARTYLIST,82 ALONA,0,0.00 %
REGION VI,ILOILO,CITY OF ILOILO,LAPUZ SUR,30220337,PARTYLIST,83 KABALIKAT,0,0.00 %
REGION VI,ILOILO,CITY OF ILOILO,LAPUZ SUR,30220337,PARTYLIST,84 ALIF,0,0.00 %
REGION VI,ILOILO,CITY OF ILOILO,LAPUZ SUR,30220337,PARTYLIST,85 1-UTAP BICOL,0,0.00 %
REGION VI,ILOILO,CITY OF ILOILO,LAPUZ SUR,30220337,PARTYLIST,86 TINGOG,0,0.00 %
REGION VI,ILOILO,CITY OF ILOILO,LAPUZ SUR,30220337,PARTYLIST,87 H.E.L.P. PILIPINAS,0,0.00 %
REGION VI,ILOILO,CITY OF ILOILO,LAPUZ SUR,30220337,PARTYLIST,88 TUCP,0,0.00 %
REGION VI,ILOILO,CITY OF ILOILO,LAPUZ SUR,30220337,PARTYLIST,89 PTA,0,0.00 %
REGION VI,ILOILO,CITY OF ILOILO,LAPUZ SUR,30220337,PARTYLIST,90 AGIMAT,1,0.28 %
REGION VI,ILOILO,CITY OF ILOILO,LAPUZ SUR,30220337,PARTYLIST,91 KONTRA BROWNOUT,0,0.00 %
REGION VI,ILOILO,CITY OF ILOILO,LAPUZ SUR,30220337,PARTYLIST,92 TULUNGAN TAYO,0,0.00 %
REGION VI,ILOILO,CITY OF ILOILO,LAPUZ SUR,30220337,PARTYLIST,93 DUTERTE YOUTH,1,0.28 %
REGION VI,ILOILO,CITY OF ILOILO,LAPUZ SUR,30220337,PARTYLIST,94 ABEKA,0,0.00 %
REGION VI,ILOILO,CITY OF ILOILO,LAPUZ SUR,30220337,PARTYLIST,95 KABATAAN,6,1.68 %
REGION VI,ILOILO,CITY OF ILOILO,LAPUZ SUR,30220337,PARTYLIST,97 ACTS-OFW,1,0.28 %
REGION VI,ILOILO,CITY OF ILOILO,LAPUZ SUR,30220337,PARTYLIST,98 RAM,0,0.00 %
REGION VI,ILOILO,CITY OF ILOILO,LAPUZ SUR,30220337,PARTYLIST,99 USWAG ILONGGO,252,70.78 %
REGION VI,ILOILO,CITY OF ILOILO,LAPUZ SUR,30220337,PARTYLIST,100 AKO BISAYA,0,0.00 %
REGION VI,ILOILO,CITY OF ILOILO,LAPUZ SUR,30220337,PARTYLIST,101 KAPAMILYA,1,0.28 %
REGION VI,ILOILO,CITY OF ILOILO,LAPUZ SUR,30220337,PARTYLIST,102 PUSONG PINOY,0,0.00 %
REGION VI,ILOILO,CITY OF ILOILO,LAPUZ SUR,30220337,PARTYLIST,103 CWS,0,0.00 %
REGION VI,ILOILO,CITY OF ILOILO,LAPUZ SUR,30220337,PARTYLIST,104 SILBI,0,0.00 %
REGION VI,ILOILO,CITY OF ILOILO,LAPUZ SUR,30220337,PARTYLIST,105 CIBAC,4,1.12 %
REGION VI,ILOILO,CITY OF ILOILO,LAPUZ SUR,30220337,PARTYLIST,106 SUBANEN,0,0.00 %
REGION VI,ILOILO,CITY OF ILOILO,LAPUZ SUR,30220337,PARTYLIST,107 AKKK,1,0.28 %
REGION VI,ILOILO,CITY OF ILOILO,LAPUZ SUR,30220337,PARTYLIST,108 BG PARTY-LIST,0,0.00 %
REGION VI,ILOILO,CITY OF ILOILO,LAPUZ SUR,30220337,PARTYLIST,109 PAMILYANG MAGSASAKA,0,0.00 %
REGION VI,ILOILO,CITY OF ILOILO,LAPUZ SUR,30220337,PARTYLIST,110 COOP NATCCO,0,0.00 %
REGION VI,ILOILO,CITY OF ILOILO,LAPUZ SUR,30220337,PARTYLIST,111 FRONTLINERS ANG BIDA,1,0.28 %
REGION VI,ILOILO,CITY OF ILOILO,LAPUZ SUR,30220337,PARTYLIST,112 KASAMA,0,0.00 %
REGION VI,ILOILO,CITY OF ILOILO,LAPUZ SUR,30220337,PARTYLIST,113 AKO BISDAK,0,0.00 %
REGION VI,ILOILO,CITY OF ILOILO,LAPUZ SUR,30220337,PARTYLIST,114 GP PARTY,0,0.00 %
REGION VI,ILOILO,CITY OF ILOILO,LAPUZ SUR,30220337,PARTYLIST,115 BAHAY,0,0.00 %
REGION VI,ILOILO,CITY OF ILOILO,LAPUZ SUR,30220337,PARTYLIST,116 MAGSASAKA,0,0.00 %
REGION VI,ILOILO,CITY OF ILOILO,LAPUZ SUR,30220337,PARTYLIST,117 MARINO,1,0.28 %
REGION VI,ILOILO,CITY OF ILOILO,LAPUZ SUR,30220337,PARTYLIST,118 UNITED FRONTLINERS,0,0.00 %
REGION VI,ILOILO,CITY OF ILOILO,LAPUZ SUR,30220337,PARTYLIST,119 L.O.G.R.O. KUSINERO,0,0.00 %
REGION VI,ILOILO,CITY OF ILOILO,LAPUZ SUR,30220337,PARTYLIST,120 BPO,0,0.00 %
REGION VI,ILOILO,CITY OF ILOILO,LAPUZ SUR,30220337,PARTYLIST,121 ABANG LINGKOD,1,0.28 %
REGION VI,ILOILO,CITY OF ILOILO,LAPUZ SUR,30220337,PARTYLIST,122 KUSUG TAUSUG,0,0.00 %
REGION VI,ILOILO,CITY OF ILOILO,LAPUZ SUR,30220337,PARTYLIST,123 PLM,0,0.00 %
REGION VI,ILOILO,CITY OF ILOILO,LAPUZ SUR,30220337,PARTYLIST,124 OK PARTYLIST,0,0.00 %
REGION VI,ILOILO,CITY OF ILOILO,LAPUZ SUR,30220337,PARTYLIST,125 A TEACHER,0,0.00 %
REGION VI,ILOILO,CITY OF ILOILO,LAPUZ SUR,30220337,PARTYLIST,126 PASADA-CC,0,0.00 %
REGION VI,ILOILO,CITY OF ILOILO,LAPUZ SUR,30220337,PARTYLIST,127 OFW FAMILY,0,0.00 %
REGION VI,ILOILO,CITY OF ILOILO,LAPUZ SUR,30220337,PARTYLIST,128 ANGKLA,21,5.89 %
REGION VI,ILOILO,CITY OF ILOILO,LAPUZ SUR,30220337,PARTYLIST,129 COCOMAN,0,0.00 %
REGION VI,ILOILO,CITY OF ILOILO,LAPUZ SUR,30220337,PARTYLIST,130 ACT AS ONE,0,0.00 %
REGION VI,ILOILO,CITY OF ILOILO,LAPUZ SUR,30220337,PARTYLIST,131 AKO ILOCANO AKO,0,0.00 %
REGION VI,ILOILO,CITY OF ILOILO,LAPUZ SUR,30220337,PARTYLIST,132 TRABAHO,0,0.00 %
REGION VI,ILOILO,CITY OF ILOILO,LAPUZ SUR,30220337,PARTYLIST,133 PATROL,0,0.00 %
REGION VI,ILOILO,CITY OF ILOILO,LAPUZ SUR,30220337,PARTYLIST,134 AKO PADAYON,0,0.00 %
REGION VI,ILOILO,CITY OF ILOILO,LAPUZ SUR,30220337,PARTYLIST,135 ABONO,0,0.00 %
REGION VI,ILOILO,CITY OF ILOILO,LAPUZ SUR,30220337,PARTYLIST,136 MANILA TEACHERS,0,0.00 %
REGION VI,ILOILO,CITY OF ILOILO,LAPUZ SUR,30220337,PARTYLIST,137 KOOP-KAMPI,0,0.00 %
REGION VI,ILOILO,CITY OF ILOILO,LAPUZ SUR,30220337,PARTYLIST,138 MAYPAGASA,0,0.00 %
REGION VI,ILOILO,CITY OF ILOILO,LAPUZ SUR,30220337,PARTYLIST,139 PVAID,0,0.00 %
REGION VI,ILOILO,CITY OF ILOILO,LAPUZ SUR,30220337,PARTYLIST,140 TUTOK TO WIN,1,0.28 %
REGION VI,ILOILO,CITY OF ILOILO,LAPUZ SUR,30220337,PARTYLIST,141 BAYAN MUNA,2,0.56 %
REGION VI,ILOILO,CITY OF ILOILO,LAPUZ SUR,30220337,PARTYLIST,142 API,0,0.00 %
REGION VI,ILOILO,CITY OF ILOILO,LAPUZ SUR,30220337,PARTYLIST,143 ARTE,0,0.00 %
REGION VI,ILOILO,CITY OF ILOILO,LAPUZ SUR,30220337,PARTYLIST,144 ASAP,2,0.56 %
REGION VI,ILOILO,CITY OF ILOILO,LAPUZ SUR,30220337,PARTYLIST,145 BUNYOG,0,0.00 %
REGION VI,ILOILO,CITY OF ILOILO,LAPUZ SUR,30220337,PARTYLIST,146 AKBAYAN,2,0.56 %
REGION VI,ILOILO,CITY OF ILOILO,LAPUZ SUR,30220337,PARTYLIST,147 DAMAYAN,0,0.00 %
REGION VI,ILOILO,CITY OF ILOILO,LAPUZ SUR,30220337,PARTYLIST,148 WIFI,0,0.00 %
REGION VI,ILOILO,CITY OF ILOILO,LAPUZ SUR,30220337,PARTYLIST,149 CANCER PARTY LIST,0,0.00 %
REGION VI,ILOILO,CITY OF ILOILO,LAPUZ SUR,30220337,PARTYLIST,150 1-ANG EDUKASYON,0,0.00 %
REGION VI,ILOILO,CITY OF ILOILO,LAPUZ SUR,30220337,PARTYLIST,151 UFCC,0,0.00 %
REGION VI,ILOILO,CITY OF ILOILO,LAPUZ SUR,30220337,PARTYLIST,152 AGRI,0,0.00 %
REGION VI,ILOILO,CITY OF ILOILO,LAPUZ SUR,30220337,PARTYLIST,153 MAHARLIKA,1,0.28 %
REGION VI,ILOILO,CITY OF ILOILO,LAPUZ SUR,30220337,PARTYLIST,154 ANAKPAWIS,0,0.00 %
REGION VI,ILOILO,CITY OF ILOILO,LAPUZ SUR,30220337,PARTYLIST,155 1TAHANAN,0,0.00 %
REGION VI,ILOILO,CITY OF ILOILO,LAPUZ SUR,30220337,PARTYLIST,156 TURISMO,1,0.28 %
REGION VI,ILOILO,CITY OF ILOILO,LAPUZ SUR,30220337,PARTYLIST,157 APEC,0,0.00 %
REGION VI,ILOILO,CITY OF ILOILO,LAPUZ SUR,30220337,PARTYLIST,158 SENIOR CITIZENS PARTYLIST,1,0.28 %
REGION VI,ILOILO,CITY OF ILOILO,LAPUZ SUR,30220337,PARTYLIST,159 AASENSO,0,0.00 %
REGION VI,ILOILO,CITY OF ILOILO,LAPUZ SUR,30220337,PARTYLIST,160 AMIN,0,0.00 %
REGION VI,ILOILO,CITY OF ILOILO,LAPUZ SUR,30220337,PARTYLIST,161 1-PACMAN,1,0.28 %
REGION VI,ILOILO,CITY OF ILOILO,LAPUZ SUR,30220337,PARTYLIST,162 ABB-NFCPI,0,0.00 %
REGION VI,ILOILO,CITY OF ILOILO,LAPUZ SUR,30220337,PARTYLIST,163 AN WARAY,0,0.00 %
REGION VI,ILOILO,CITY OF ILOILO,LAPUZ SUR,30220337,PARTYLIST,164 AP PARTYLIST,1,0.28 %
REGION VI,ILOILO,CITY OF ILOILO,LAPUZ SUR,30220337,PARTYLIST,165 AKAP PINOY,0,0.00 %
REGION VI,ILOILO,CITY OF ILOILO,LAPUZ SUR,30220337,PARTYLIST,166 BUHAY,0,0.00 %
REGION VI,ILOILO,CITY OF ILOILO,LAPUZ SUR,30220337,PARTYLIST,167 ARISE,0,0.00 %
REGION VI,ILOILO,CITY OF ILOILO,LAPUZ SUR,30220337,PARTYLIST,168 IWI,0,0.00 %
REGION VI,ILOILO,CITY OF ILOILO,LAPUZ SUR,30220337,PARTYLIST,169 ANG TINIG NG SENIORS,0,0.00 %
REGION VI,ILOILO,CITY OF ILOILO,LAPUZ SUR,30220337,PARTYLIST,170 LBP,0,0.00 %
REGION VI,ILOILO,CITY OF ILOILO,LAPUZ SUR,30220337,PARTYLIST,171 IPEACE EPANAW,0,0.00 %
REGION VI,ILOILO,CITY OF ILOILO,LAPUZ SUR,30220337,PARTYLIST,172 APAT-DAPAT,0,0.00 %
REGION VI,ILOILO,CITY OF ILOILO,LAPUZ SUR,30220337,PARTYLIST,173 UMA ILONGGO,1,0.28 %
REGION VI,ILOILO,CITY OF ILOILO,LAPUZ SUR,30220337,PARTYLIST,174 AYUDA,0,0.00 %
REGION VI,ILOILO,CITY OF ILOILO,LAPUZ SUR,30220337,PARTYLIST,175 SAMBAYANAN,0,0.00 %
REGION VI,ILOILO,CITY OF ILOILO,LAPUZ SUR,30220337,PARTYLIST,176 AKO BREEDER,0,0.00 %
REGION VI,ILOILO,CITY OF ILOILO,LAPUZ SUR,30220337,PARTYLIST,177 FPJ,0,0.00 %
REGION VI,ILOILO,CITY OF ILOILO,LAPUZ SUR,30220337,PARTYLIST,178 LIBRO,0,0.00 %
"MEMBER, HOUSE OF REPRESENTATIVES ILOILO - CITY OF ILOILO - LONE LEGDIST","BANTOLO, RUDY (IND)",0,0.00 %
"MEMBER, HOUSE OF REPRESENTATIVES ILOILO - CITY OF ILOILO - LONE LEGDIST","BARONDA, JAM-JAM (NUP)",303,70.79 %
"MEMBER, HOUSE OF REPRESENTATIVES ILOILO - CITY OF ILOILO - LONE LEGDIST","ESPINOSA, JOE III (NP)",122,28.50 %
"MEMBER, HOUSE OF REPRESENTATIVES ILOILO - CITY OF ILOILO - LONE LEGDIST","ESPINOSA, JUNI (IND)",3,0.70 %
MAYOR ILOILO - CITY OF ILOILO,"ANG, VICENTE (IND)",1,0.23 %
MAYOR ILOILO - CITY OF ILOILO,"CAPULOT, JUN (PRP)",87,20.61 %
MAYOR ILOILO - CITY OF ILOILO,"TREÑAS, JERRY (NUP)",334,79.14 %
VICE-MAYOR ILOILO - CITY OF ILOILO,"GANZON, JEFFREY (NUP)",271,75.48 %
VICE-MAYOR ILOILO - CITY OF ILOILO,"JADULOS, KAYSER (PRP)",88,24.51 %
"MEMBER, SANGGUNIANG PANLUNGSOD ILOILO - CITY OF ILOILO - LONE DIST","ABADIANO, PETER (IND)",50,1.41 %
"MEMBER, SANGGUNIANG PANLUNGSOD ILOILO - CITY OF ILOILO - LONE DIST","ACAP, LYNDON (NP)",107,3.02 %
"MEMBER, SANGGUNIANG PANLUNGSOD ILOILO - CITY OF ILOILO - LONE DIST","ALIM, JOSHUA (PFP)",161,4.54 %
"MEMBER, SANGGUNIANG PANLUNGSOD ILOILO - CITY OF ILOILO - LONE DIST","ANOCHE, VIC (IND)",12,0.33 %
"MEMBER, SANGGUNIANG PANLUNGSOD ILOILO - CITY OF ILOILO - LONE DIST","BAGARES, ROVELSON (IND)",23,0.64 %
"MEMBER, SANGGUNIANG PANLUNGSOD ILOILO - CITY OF ILOILO - LONE DIST","BARONDA, DOC NICK LOVE (NUP)",230,6.49 %
"MEMBER, SANGGUNIANG PANLUNGSOD ILOILO - CITY OF ILOILO - LONE DIST","CABALUNA, SEDFREY (NUP)",237,6.69 %
"MEMBER, SANGGUNIANG PANLUNGSOD ILOILO - CITY OF ILOILO - LONE DIST","CARREON, MEL (IND)",44,1.24 %
"MEMBER, SANGGUNIANG PANLUNGSOD ILOILO - CITY OF ILOILO - LONE DIST","CENDAÑA, PHILIP (PFP)",13,0.36 %
"MEMBER, SANGGUNIANG PANLUNGSOD ILOILO - CITY OF ILOILO - LONE DIST","DAVID, JOHN ERIC (NUP)",160,4.51 %
"MEMBER, SANGGUNIANG PANLUNGSOD ILOILO - CITY OF ILOILO - LONE DIST","DELA LLANA, NENE (IND)",133,3.75 %
"MEMBER, SANGGUNIANG PANLUNGSOD ILOILO - CITY OF ILOILO - LONE DIST","DURON, ROMEL (NUP)",201,5.67 %
"MEMBER, SANGGUNIANG PANLUNGSOD ILOILO - CITY OF ILOILO - LONE DIST","ESPINOSA, MOR (IND)",66,1.86 %
"MEMBER, SANGGUNIANG PANLUNGSOD ILOILO - CITY OF ILOILO - LONE DIST","ESTANTE, ELY JR. (NUP)",180,5.08 %
"MEMBER, SANGGUNIANG PANLUNGSOD ILOILO - CITY OF ILOILO - LONE DIST","FLOGEN, SIR ROMEL (NP)",34,0.95 %
"MEMBER, SANGGUNIANG PANLUNGSOD ILOILO - CITY OF ILOILO - LONE DIST","GANZON, RUDOLPH RODING (NUP)",188,5.30 %
"MEMBER, SANGGUNIANG PANLUNGSOD ILOILO - CITY OF ILOILO - LONE DIST","GIMEO, KAP EFREN (PFP)",32,0.90 %
"MEMBER, SANGGUNIANG PANLUNGSOD ILOILO - CITY OF ILOILO - LONE DIST","JAVELLANA, JOJO (NUP)",157,4.43 %
"MEMBER, SANGGUNIANG PANLUNGSOD ILOILO - CITY OF ILOILO - LONE DIST","MALABOR, MANDRIE (USWAG)",103,2.90 %
"MEMBER, SANGGUNIANG PANLUNGSOD ILOILO - CITY OF ILOILO - LONE DIST","NAVA, PLARIDEL (PROMDI)",170,4.79 %
"MEMBER, SANGGUNIANG PANLUNGSOD ILOILO - CITY OF ILOILO - LONE DIST","PAMA, SIR ED (PROMDI)",16,0.45 %
"MEMBER, SANGGUNIANG PANLUNGSOD ILOILO - CITY OF ILOILO - LONE DIST","PARCON, FRANCES GRACE (NUP)",224,6.32 %
"MEMBER, SANGGUNIANG PANLUNGSOD ILOILO - CITY OF ILOILO - LONE DIST","PIAD, RICH (PFP)",14,0.39 %
"MEMBER, SANGGUNIANG PANLUNGSOD ILOILO - CITY OF ILOILO - LONE DIST","SARABIA, REX (NUP)",210,5.92 %
"MEMBER, SANGGUNIANG PANLUNGSOD ILOILO - CITY OF ILOILO - LONE DIST","TREÑAS, MIGUEL (NUP)",219,6.18 %
"MEMBER, SANGGUNIANG PANLUNGSOD ILOILO - CITY OF ILOILO - LONE DIST","TUPAS, CANDICE MISIS LEX (LDP)",148,4.17 %
"MEMBER, SANGGUNIANG PANLUNGSOD ILOILO - CITY OF ILOILO - LONE DIST","YOUNG, JOHNNY (NUP)",168,4.74 %
"MEMBER, SANGGUNIANG PANLUNGSOD ILOILO - CITY OF ILOILO - LONE DIST","ZALDIVAR, ALAN (NUP)",242,6.83 %
region,province,city,barangay,precinct,position,candidate,votes,percentage
REGION VI,ILOILO,CITY OF ILOILO,LAPUZ SUR,30220338,PRESIDENT,Candidate,Votes,Percentage
REGION VI,ILOILO,CITY OF ILOILO,LAPUZ SUR,30220338,PRESIDENT,"ABELLA, ERNIE (IND)",0,0.00 %
REGION VI,ILOILO,CITY OF ILOILO,LAPUZ SUR,30220338,PRESIDENT,"DE GUZMAN, LEODY (PLM)",0,0.00 %
REGION VI,ILOILO,CITY OF ILOILO,LAPUZ SUR,30220338,PRESIDENT,"DOMAGOSO, ISKO MORENO (AKSYON)",12,3.05 %
REGION VI,ILOILO,CITY OF ILOILO,LAPUZ SUR,30220338,PRESIDENT,"GONZALES, NORBERTO (PDSP)",0,0.00 %
REGION VI,ILOILO,CITY OF ILOILO,LAPUZ SUR,30220338,PRESIDENT,"LACSON, PING (PDR)",0,0.00 %
REGION VI,ILOILO,CITY OF ILOILO,LAPUZ SUR,30220338,PRESIDENT,"MANGONDATO, FAISAL (KTPNAN)",0,0.00 %
REGION VI,ILOILO,CITY OF ILOILO,LAPUZ SUR,30220338,PRESIDENT,"MARCOS, BONGBONG (PFP)",122,31.04 %
REGION VI,ILOILO,CITY OF ILOILO,LAPUZ SUR,30220338,PRESIDENT,"MONTEMAYOR, JOSE JR. (DPP)",0,0.00 %
REGION VI,ILOILO,CITY OF ILOILO,LAPUZ SUR,30220338,PRESIDENT,"PACQUIAO, MANNY PACMAN(PROMDI)",5,1.27 %
REGION VI,ILOILO,CITY OF ILOILO,LAPUZ SUR,30220338,PRESIDENT,"ROBREDO, LENI (IND)",254,64.63 %
REGION VI,ILOILO,CITY OF ILOILO,LAPUZ SUR,30220338,VICE_PRESIDENT,Candidate,Votes,Percentage
REGION VI,ILOILO,CITY OF ILOILO,LAPUZ SUR,30220338,VICE_PRESIDENT,"ATIENZA, LITO (PROMDI)",0,0.00 %
REGION VI,ILOILO,CITY OF ILOILO,LAPUZ SUR,30220338,VICE_PRESIDENT,"BELLO, WALDEN (PLM)",0,0.00 %
REGION VI,ILOILO,CITY OF ILOILO,LAPUZ SUR,30220338,VICE_PRESIDENT,"DAVID, RIZALITO (DPP)",0,0.00 %
REGION VI,ILOILO,CITY OF ILOILO,LAPUZ SUR,30220338,VICE_PRESIDENT,"DUTERTE, SARA (LAKAS)",132,33.58 %
REGION VI,ILOILO,CITY OF ILOILO,LAPUZ SUR,30220338,VICE_PRESIDENT,"LOPEZ, MANNY SD (WPP)",1,0.25 %
REGION VI,ILOILO,CITY OF ILOILO,LAPUZ SUR,30220338,VICE_PRESIDENT,"ONG, DOC WILLIE (AKSYON)",19,4.83 %
REGION VI,ILOILO,CITY OF ILOILO,LAPUZ SUR,30220338,VICE_PRESIDENT,"PANGILINAN, KIKO (LP)",173,44.02 %
REGION VI,ILOILO,CITY OF ILOILO,LAPUZ SUR,30220338,VICE_PRESIDENT,"SERAPIO, CARLOS (KTPNAN)",0,0.00 %
REGION VI,ILOILO,CITY OF ILOILO,LAPUZ SUR,30220338,VICE_PRESIDENT,"SOTTO, VICENTE TITO (NPC)",68,17.30 %
REGION VI,ILOILO,CITY OF ILOILO,LAPUZ SUR,30220338,SENATOR,Candidate,Votes,Percentage
REGION VI,ILOILO,CITY OF ILOILO,LAPUZ SUR,30220338,SENATOR,"AFUANG, ABNER (IND)",8,0.23 %
REGION VI,ILOILO,CITY OF ILOILO,LAPUZ SUR,30220338,SENATOR,"ALBANI, IBRAHIM (WPP)",5,0.14 %
REGION VI,ILOILO,CITY OF ILOILO,LAPUZ SUR,30220338,SENATOR,"ARRANZA, MANG JESS (IND)",1,0.02 %
REGION VI,ILOILO,CITY OF ILOILO,LAPUZ SUR,30220338,SENATOR,"BAGUILAT, TEDDY (LP)",75,2.21 %
REGION VI,ILOILO,CITY OF ILOILO,LAPUZ SUR,30220338,SENATOR,"BAILEN, AGNES (IND)",8,0.23 %
REGION VI,ILOILO,CITY OF ILOILO,LAPUZ SUR,30220338,SENATOR,"BALITA, CARL (AKSYON)",23,0.67 %
REGION VI,ILOILO,CITY OF ILOILO,LAPUZ SUR,30220338,SENATOR,"BARBO, LUTZ (PDPLBN)",7,0.20 %
REGION VI,ILOILO,CITY OF ILOILO,LAPUZ SUR,30220338,SENATOR,"BAUTISTA, HERBERT BISTEK (NPC)",72,2.12 %
REGION VI,ILOILO,CITY OF ILOILO,LAPUZ SUR,30220338,SENATOR,"BELGICA, GRECO (PDDS)",16,0.47 %
REGION VI,ILOILO,CITY OF ILOILO,LAPUZ SUR,30220338,SENATOR,"BELLO, SILVESTRE JR. (PDPLBN)",14,0.41 %
REGION VI,ILOILO,CITY OF ILOILO,LAPUZ SUR,30220338,SENATOR,"BINAY, JOJO (UNA)",52,1.53 %
REGION VI,ILOILO,CITY OF ILOILO,LAPUZ SUR,30220338,SENATOR,"CABONEGRO, ROY (PLM)",6,0.17 %
REGION VI,ILOILO,CITY OF ILOILO,LAPUZ SUR,30220338,SENATOR,"CASTRICIONES, BRO JOHN(PDPLBN)",4,0.11 %
REGION VI,ILOILO,CITY OF ILOILO,LAPUZ SUR,30220338,SENATOR,"CAYETANO, ALAN PETER (IND)",129,3.80 %
REGION VI,ILOILO,CITY OF ILOILO,LAPUZ SUR,30220338,SENATOR,"CHAVEZ, MELCHOR (WPP)",8,0.23 %
REGION VI,ILOILO,CITY OF ILOILO,LAPUZ SUR,30220338,SENATOR,"COLMENARES, NERI (MKBYN)",118,3.48 %
REGION VI,ILOILO,CITY OF ILOILO,LAPUZ SUR,30220338,SENATOR,"D'ANGELO, DAVID (PLM)",10,0.29 %
REGION VI,ILOILO,CITY OF ILOILO,LAPUZ SUR,30220338,SENATOR,"DE LIMA, LEILA (LP)",138,4.07 %
REGION VI,ILOILO,CITY OF ILOILO,LAPUZ SUR,30220338,SENATOR,"DEL ROSARIO, MONSOUR (PDR)",18,0.53 %
REGION VI,ILOILO,CITY OF ILOILO,LAPUZ SUR,30220338,SENATOR,"DIAZ, DING (PPP)",3,0.08 %
REGION VI,ILOILO,CITY OF ILOILO,LAPUZ SUR,30220338,SENATOR,"DIOKNO, CHEL (KANP)",153,4.51 %
REGION VI,ILOILO,CITY OF ILOILO,LAPUZ SUR,30220338,SENATOR,"EJERCITO, JV ESTRADA (NPC)",133,3.92 %
REGION VI,ILOILO,CITY OF ILOILO,LAPUZ SUR,30220338,SENATOR,"ELEAZAR, GEN. GUILLERMO (PDR)",92,2.71 %
REGION VI,ILOILO,CITY OF ILOILO,LAPUZ SUR,30220338,SENATOR,"EREÑO, BRO. ERNIE (PM)",2,0.05 %
REGION VI,ILOILO,CITY OF ILOILO,LAPUZ SUR,30220338,SENATOR,"ESCUDERO, CHIZ (NPC)",165,4.86 %
REGION VI,ILOILO,CITY OF ILOILO,LAPUZ SUR,30220338,SENATOR,"ESPIRITU, LUKE (PLM)",61,1.79 %
REGION VI,ILOILO,CITY OF ILOILO,LAPUZ SUR,30220338,SENATOR,"ESTRADA, JINGGOY (PMP)",55,1.62 %
REGION VI,ILOILO,CITY OF ILOILO,LAPUZ SUR,30220338,SENATOR,"FALCONE, BAL FALCON (DPP)",2,0.05 %
REGION VI,ILOILO,CITY OF ILOILO,LAPUZ SUR,30220338,SENATOR,"GADON, LARRY (KBL)",70,2.06 %
REGION VI,ILOILO,CITY OF ILOILO,LAPUZ SUR,30220338,SENATOR,"GATCHALIAN, WIN (NPC)",100,2.95 %
REGION VI,ILOILO,CITY OF ILOILO,LAPUZ SUR,30220338,SENATOR,"GORDON, WOW DICK (BVNP)",121,3.57 %
REGION VI,ILOILO,CITY OF ILOILO,LAPUZ SUR,30220338,SENATOR,"GUTOC, SAMIRA (AKSYON)",18,0.53 %
REGION VI,ILOILO,CITY OF ILOILO,LAPUZ SUR,30220338,SENATOR,"HONASAN, GRINGO (IND)",67,1.97 %
REGION VI,ILOILO,CITY OF ILOILO,LAPUZ SUR,30220338,SENATOR,"HONTIVEROS, RISA (AKBAYAN)",191,5.63 %
REGION VI,ILOILO,CITY OF ILOILO,LAPUZ SUR,30220338,SENATOR,"JAVELLANA, RJ (IND)",6,0.17 %
REGION VI,ILOILO,CITY OF ILOILO,LAPUZ SUR,30220338,SENATOR,"KIRAM, NUR-MAHAL (IND)",5,0.14 %
REGION VI,ILOILO,CITY OF ILOILO,LAPUZ SUR,30220338,SENATOR,"LABOG, ELMER (MKBYN)",16,0.47 %
REGION VI,ILOILO,CITY OF ILOILO,LAPUZ SUR,30220338,SENATOR,"LACSON, KUYA ALEX (KP)",79,2.33 %
REGION VI,ILOILO,CITY OF ILOILO,LAPUZ SUR,30220338,SENATOR,"LANGIT, REY (PDPLBN)",7,0.20 %
REGION VI,ILOILO,CITY OF ILOILO,LAPUZ SUR,30220338,SENATOR,"LEGARDA, LOREN (NPC)",182,5.37 %
REGION VI,ILOILO,CITY OF ILOILO,LAPUZ SUR,30220338,SENATOR,"LIM, ARIEL (IND)",2,0.05 %
REGION VI,ILOILO,CITY OF ILOILO,LAPUZ SUR,30220338,SENATOR,"MALLILLIN, EMILY (PPM)",4,0.11 %
REGION VI,ILOILO,CITY OF ILOILO,LAPUZ SUR,30220338,SENATOR,"MARCOLETA, RODANTE (PDPLBN)",16,0.47 %
REGION VI,ILOILO,CITY OF ILOILO,LAPUZ SUR,30220338,SENATOR,"MARCOS, FRANCIS LEO (IND)",23,0.67 %
REGION VI,ILOILO,CITY OF ILOILO,LAPUZ SUR,30220338,SENATOR,"MATULA, SONNY (IND)",53,1.56 %
REGION VI,ILOILO,CITY OF ILOILO,LAPUZ SUR,30220338,SENATOR,"MINDALANO-ADAM,MARIETA(KTPNAN)",1,0.02 %
REGION VI,ILOILO,CITY OF ILOILO,LAPUZ SUR,30220338,SENATOR,"OLARTE, ATTY/DR. LEO (BIGKIS)",8,0.23 %
REGION VI,ILOILO,CITY OF ILOILO,LAPUZ SUR,30220338,SENATOR,"PADILLA, DRA. MINGUITA (PDR)",18,0.53 %
REGION VI,ILOILO,CITY OF ILOILO,LAPUZ SUR,30220338,SENATOR,"PADILLA, ROBIN (PDPLBN)",126,3.71 %
REGION VI,ILOILO,CITY OF ILOILO,LAPUZ SUR,30220338,SENATOR,"PANELO, SAL PANALO (PDPLBN)",34,1.00 %
REGION VI,ILOILO,CITY OF ILOILO,LAPUZ SUR,30220338,SENATOR,"PIMENTEL, ASTRA (PDPLBN)",18,0.53 %
REGION VI,ILOILO,CITY OF ILOILO,LAPUZ SUR,30220338,SENATOR,"PIÑOL, MANNY (NPC)",28,0.82 %
REGION VI,ILOILO,CITY OF ILOILO,LAPUZ SUR,30220338,SENATOR,"RICABLANCA, WILLIE JR. (PM)",2,0.05 %
REGION VI,ILOILO,CITY OF ILOILO,LAPUZ SUR,30220338,SENATOR,"ROQUE, HARRY SPOX (PRP)",47,1.38 %
REGION VI,ILOILO,CITY OF ILOILO,LAPUZ SUR,30220338,SENATOR,"SAHIDULLA, LADY ANNE (PDDS)",0,0.00 %
REGION VI,ILOILO,CITY OF ILOILO,LAPUZ SUR,30220338,SENATOR,"SISON, JOPET (AKSYON)",13,0.38 %
REGION VI,ILOILO,CITY OF ILOILO,LAPUZ SUR,30220338,SENATOR,"TEODORO, GIBO (PRP)",65,1.91 %
REGION VI,ILOILO,CITY OF ILOILO,LAPUZ SUR,30220338,SENATOR,"TRILLANES, ANTONIO IV (LP)",129,3.80 %
REGION VI,ILOILO,CITY OF ILOILO,LAPUZ SUR,30220338,SENATOR,"TULFO, IDOL RAFFY (IND)",191,5.63 %
REGION VI,ILOILO,CITY OF ILOILO,LAPUZ SUR,30220338,SENATOR,"VALEROS, REY (IND)",4,0.11 %
REGION VI,ILOILO,CITY OF ILOILO,LAPUZ SUR,30220338,SENATOR,"VILLANUEVA,JOEL TESDAMAN (IND)",111,3.27 %
REGION VI,ILOILO,CITY OF ILOILO,LAPUZ SUR,30220338,SENATOR,"VILLAR, MARK (NP)",81,2.39 %
REGION VI,ILOILO,CITY OF ILOILO,LAPUZ SUR,30220338,SENATOR,"ZUBIAGA, CARMEN (IND)",24,0.70 %
REGION VI,ILOILO,CITY OF ILOILO,LAPUZ SUR,30220338,SENATOR,"ZUBIRI, MIGZ (IND)",151,4.45 %
REGION VI,ILOILO,CITY OF ILOILO,LAPUZ SUR,30220338,PARTYLIST,Candidate,Votes,Percentage
REGION VI,ILOILO,CITY OF ILOILO,LAPUZ SUR,30220338,PARTYLIST,01 KAMALAYAN,0,0.00 %
REGION VI,ILOILO,CITY OF ILOILO,LAPUZ SUR,30220338,PARTYLIST,02 KM NGAYON NA,0,0.00 %
REGION VI,ILOILO,CITY OF ILOILO,LAPUZ SUR,30220338,PARTYLIST,03 PSIS,0,0.00 %
REGION VI,ILOILO,CITY OF ILOILO,LAPUZ SUR,30220338,PARTYLIST,04 AGAP,1,0.30 %
REGION VI,ILOILO,CITY OF ILOILO,LAPUZ SUR,30220338,PARTYLIST,05 KABAYAN,0,0.00 %
REGION VI,ILOILO,CITY OF ILOILO,LAPUZ SUR,30220338,PARTYLIST,06 HOME OWNER,0,0.00 %
REGION VI,ILOILO,CITY OF ILOILO,LAPUZ SUR,30220338,PARTYLIST,07 KAPUSO-PM,0,0.00 %
REGION VI,ILOILO,CITY OF ILOILO,LAPUZ SUR,30220338,PARTYLIST,08 PDP CARES,0,0.00 %
REGION VI,ILOILO,CITY OF ILOILO,LAPUZ SUR,30220338,PARTYLIST,09 MARVELOUS TAYO,0,0.00 %
REGION VI,ILOILO,CITY OF ILOILO,LAPUZ SUR,30220338,PARTYLIST,10 AKO OFW,0,0.00 %
REGION VI,ILOILO,CITY OF ILOILO,LAPUZ SUR,30220338,PARTYLIST,11 UNITED SENIOR CITIZEN,0,0.00 %
REGION VI,ILOILO,CITY OF ILOILO,LAPUZ SUR,30220338,PARTYLIST,12 WOW PILIPINAS,0,0.00 %
REGION VI,ILOILO,CITY OF ILOILO,LAPUZ SUR,30220338,PARTYLIST,13 ALTERNATIBA,0,0.00 %
REGION VI,ILOILO,CITY OF ILOILO,LAPUZ SUR,30220338,PARTYLIST,14 1-RIDER PARTYLIST,3,0.90 %
REGION VI,ILOILO,CITY OF ILOILO,LAPUZ SUR,30220338,PARTYLIST,15 1-CARE,0,0.00 %
REGION VI,ILOILO,CITY OF ILOILO,LAPUZ SUR,30220338,PARTYLIST,16 ABP,0,0.00 %
REGION VI,ILOILO,CITY OF ILOILO,LAPUZ SUR,30220338,PARTYLIST,17 AKO MUSIKERO,0,0.00 %
REGION VI,ILOILO,CITY OF ILOILO,LAPUZ SUR,30220338,PARTYLIST,18 AKO BICOL,0,0.00 %
REGION VI,ILOILO,CITY OF ILOILO,LAPUZ SUR,30220338,PARTYLIST,19 PRAI,2,0.60 %
REGION VI,ILOILO,CITY OF ILOILO,LAPUZ SUR,30220338,PARTYLIST,20 4PS,0,0.00 %
REGION VI,ILOILO,CITY OF ILOILO,LAPUZ SUR,30220338,PARTYLIST,21 MAAGAP,0,0.00 %
REGION VI,ILOILO,CITY OF ILOILO,LAPUZ SUR,30220338,PARTYLIST,22 ABANTE PILIPINAS,1,0.30 %
REGION VI,ILOILO,CITY OF ILOILO,LAPUZ SUR,30220338,PARTYLIST,23 AKTIBONG KAAGAPAY,0,0.00 %
REGION VI,ILOILO,CITY OF ILOILO,LAPUZ SUR,30220338,PARTYLIST,24 ALSA BISAYA,0,0.00 %
REGION VI,ILOILO,CITY OF ILOILO,LAPUZ SUR,30220338,PARTYLIST,25 PROBINSYANO AKO,0,0.00 %
REGION VI,ILOILO,CITY OF ILOILO,LAPUZ SUR,30220338,PARTYLIST,26 YACAP,0,0.00 %
REGION VI,ILOILO,CITY OF ILOILO,LAPUZ SUR,30220338,PARTYLIST,27 MAGDALO,1,0.30 %
REGION VI,ILOILO,CITY OF ILOILO,LAPUZ SUR,30220338,PARTYLIST,28 ACT-CIS,1,0.30 %
REGION VI,ILOILO,CITY OF ILOILO,LAPUZ SUR,30220338,PARTYLIST,29 HUGPONG FEDERAL,0,0.00 %
REGION VI,ILOILO,CITY OF ILOILO,LAPUZ SUR,30220338,PARTYLIST,30 TGP,1,0.30 %
REGION VI,ILOILO,CITY OF ILOILO,LAPUZ SUR,30220338,PARTYLIST,31 ONE COOP,0,0.00 %
REGION VI,ILOILO,CITY OF ILOILO,LAPUZ SUR,30220338,PARTYLIST,32 BARKADAHAN,0,0.00 %
REGION VI,ILOILO,CITY OF ILOILO,LAPUZ SUR,30220338,PARTYLIST,33 DUMPER PTDA,0,0.00 %
REGION VI,ILOILO,CITY OF ILOILO,LAPUZ SUR,30220338,PARTYLIST,34 MALABUNG,0,0.00 %
REGION VI,ILOILO,CITY OF ILOILO,LAPUZ SUR,30220338,PARTYLIST,35 BH (BAGONG HENERASYON),0,0.00 %
REGION VI,ILOILO,CITY OF ILOILO,LAPUZ SUR,30220338,PARTYLIST,36 AKMA-PTM,0,0.00 %
REGION VI,ILOILO,CITY OF ILOILO,LAPUZ SUR,30220338,PARTYLIST,37 IPATUPAD,0,0.00 %
REGION VI,ILOILO,CITY OF ILOILO,LAPUZ SUR,30220338,PARTYLIST,38 PINUNO,0,0.00 %
REGION VI,ILOILO,CITY OF ILOILO,LAPUZ SUR,30220338,PARTYLIST,39 LPGMA,0,0.00 %
REGION VI,ILOILO,CITY OF ILOILO,LAPUZ SUR,30220338,PARTYLIST,40 CLICK PARTY,0,0.00 %
REGION VI,ILOILO,CITY OF ILOILO,LAPUZ SUR,30220338,PARTYLIST,41 TODA,0,0.00 %
REGION VI,ILOILO,CITY OF ILOILO,LAPUZ SUR,30220338,PARTYLIST,42 BHW,0,0.00 %
REGION VI,ILOILO,CITY OF ILOILO,LAPUZ SUR,30220338,PARTYLIST,43 MALASAKIT@BAYANIHAN,6,1.81 %
REGION VI,ILOILO,CITY OF ILOILO,LAPUZ SUR,30220338,PARTYLIST,44 ABS,0,0.00 %
REGION VI,ILOILO,CITY OF ILOILO,LAPUZ SUR,30220338,PARTYLIST,45 PASAHERO PARTYLIST,1,0.30 %
REGION VI,ILOILO,CITY OF ILOILO,LAPUZ SUR,30220338,PARTYLIST,46 ANGAT,1,0.30 %
REGION VI,ILOILO,CITY OF ILOILO,LAPUZ SUR,30220338,PARTYLIST,47 SOLID-CHANGE,0,0.00 %
REGION VI,ILOILO,CITY OF ILOILO,LAPUZ SUR,30220338,PARTYLIST,48 BICOL SARO,0,0.00 %
REGION VI,ILOILO,CITY OF ILOILO,LAPUZ SUR,30220338,PARTYLIST,49 OFW,2,0.60 %
REGION VI,ILOILO,CITY OF ILOILO,LAPUZ SUR,30220338,PARTYLIST,50 ANG PROBINSIYANO,1,0.30 %
REGION VI,ILOILO,CITY OF ILOILO,LAPUZ SUR,30220338,PARTYLIST,51 ANAKALUSUGAN,0,0.00 %
REGION VI,ILOILO,CITY OF ILOILO,LAPUZ SUR,30220338,PARTYLIST,52 PBA,0,0.00 %
REGION VI,ILOILO,CITY OF ILOILO,LAPUZ SUR,30220338,PARTYLIST,53 PEACE,1,0.30 %
REGION VI,ILOILO,CITY OF ILOILO,LAPUZ SUR,30220338,PARTYLIST,54 P3PWD,10,3.02 %
REGION VI,ILOILO,CITY OF ILOILO,LAPUZ SUR,30220338,PARTYLIST,55 S.M.I.L.E,0,0.00 %
REGION VI,ILOILO,CITY OF ILOILO,LAPUZ SUR,30220338,PARTYLIST,56 AAMBIS-OWA,10,3.02 %
REGION VI,ILOILO,CITY OF ILOILO,LAPUZ SUR,30220338,PARTYLIST,57 BUTIL,0,0.00 %
REGION VI,ILOILO,CITY OF ILOILO,LAPUZ SUR,30220338,PARTYLIST,58 LUNAS,0,0.00 %
REGION VI,ILOILO,CITY OF ILOILO,LAPUZ SUR,30220338,PARTYLIST,59 ANG KOMADRONA,0,0.00 %
REGION VI,ILOILO,CITY OF ILOILO,LAPUZ SUR,30220338,PARTYLIST,60 KABAKA,0,0.00 %
REGION VI,ILOILO,CITY OF ILOILO,LAPUZ SUR,30220338,PARTYLIST,61 SAGIP,5,1.51 %
REGION VI,ILOILO,CITY OF ILOILO,LAPUZ SUR,30220338,PARTYLIST,62 ANG KABUHAYAN,0,0.00 %
REGION VI,ILOILO,CITY OF ILOILO,LAPUZ SUR,30220338,PARTYLIST,63 AKO I.P.,0,0.00 %
REGION VI,ILOILO,CITY OF ILOILO,LAPUZ SUR,30220338,PARTYLIST,64 PHILRECA,0,0.00 %
REGION VI,ILOILO,CITY OF ILOILO,LAPUZ SUR,30220338,PARTYLIST,65 BABAE AKO,0,0.00 %
REGION VI,ILOILO,CITY OF ILOILO,LAPUZ SUR,30220338,PARTYLIST,66 KB,0,0.00 %
REGION VI,ILOILO,CITY OF ILOILO,LAPUZ SUR,30220338,PARTYLIST,67 GABRIELA,2,0.60 %
REGION VI,ILOILO,CITY OF ILOILO,LAPUZ SUR,30220338,PARTYLIST,68 KALINGA,3,0.90 %
REGION VI,ILOILO,CITY OF ILOILO,LAPUZ SUR,30220338,PARTYLIST,69 STL,0,0.00 %
REGION VI,ILOILO,CITY OF ILOILO,LAPUZ SUR,30220338,PARTYLIST,70 RECOBODA,0,0.00 %
REGION VI,ILOILO,CITY OF ILOILO,LAPUZ SUR,30220338,PARTYLIST,71 ANGAT PINOY,0,0.00 %
REGION VI,ILOILO,CITY OF ILOILO,LAPUZ SUR,30220338,PARTYLIST,72 ANAC-IP,0,0.00 %
REGION VI,ILOILO,CITY OF ILOILO,LAPUZ SUR,30220338,PARTYLIST,73 DIWA,0,0.00 %
REGION VI,ILOILO,CITY OF ILOILO,LAPUZ SUR,30220338,PARTYLIST,74 ASENSO PINOY,0,0.00 %
REGION VI,ILOILO,CITY OF ILOILO,LAPUZ SUR,30220338,PARTYLIST,75 PPP,0,0.00 %
REGION VI,ILOILO,CITY OF ILOILO,LAPUZ SUR,30220338,PARTYLIST,76 PAMILYA MUNA,1,0.30 %
REGION VI,ILOILO,CITY OF ILOILO,LAPUZ SUR,30220338,PARTYLIST,77 AYUDA SANDUGO,0,0.00 %
REGION VI,ILOILO,CITY OF ILOILO,LAPUZ SUR,30220338,PARTYLIST,78 BUKLOD FILIPINO,0,0.00 %
REGION VI,ILOILO,CITY OF ILOILO,LAPUZ SUR,30220338,PARTYLIST,79 BTS,0,0.00 %
REGION VI,ILOILO,CITY OF ILOILO,LAPUZ SUR,30220338,PARTYLIST,80 MOCHA,0,0.00 %
REGION VI,ILOILO,CITY OF ILOILO,LAPUZ SUR,30220338,PARTYLIST,81 ACT TEACHERS,0,0.00 %
REGION VI,ILOILO,CITY OF ILOILO,LAPUZ SUR,30220338,PARTYLIST,82 ALONA,0,0.00 %
REGION VI,ILOILO,CITY OF ILOILO,LAPUZ SUR,30220338,PARTYLIST,83 KABALIKAT,0,0.00 %
REGION VI,ILOILO,CITY OF ILOILO,LAPUZ SUR,30220338,PARTYLIST,84 ALIF,0,0.00 %
REGION VI,ILOILO,CITY OF ILOILO,LAPUZ SUR,30220338,PARTYLIST,85 1-UTAP BICOL,0,0.00 %
REGION VI,ILOILO,CITY OF ILOILO,LAPUZ SUR,30220338,PARTYLIST,86 TINGOG,0,0.00 %
REGION VI,ILOILO,CITY OF ILOILO,LAPUZ SUR,30220338,PARTYLIST,87 H.E.L.P. PILIPINAS,0,0.00 %
REGION VI,ILOILO,CITY OF ILOILO,LAPUZ SUR,30220338,PARTYLIST,88 TUCP,0,0.00 %
REGION VI,ILOILO,CITY OF ILOILO,LAPUZ SUR,30220338,PARTYLIST,89 PTA,0,0.00 %
REGION VI,ILOILO,CITY OF ILOILO,LAPUZ SUR,30220338,PARTYLIST,90 AGIMAT,0,0.00 %
REGION VI,ILOILO,CITY OF ILOILO,LAPUZ SUR,30220338,PARTYLIST,91 KONTRA BROWNOUT,0,0.00 %
REGION VI,ILOILO,CITY OF ILOILO,LAPUZ SUR,30220338,PARTYLIST,92 TULUNGAN TAYO,0,0.00 %
REGION VI,ILOILO,CITY OF ILOILO,LAPUZ SUR,30220338,PARTYLIST,93 DUTERTE YOUTH,2,0.60 %
REGION VI,ILOILO,CITY OF ILOILO,LAPUZ SUR,30220338,PARTYLIST,94 ABEKA,0,0.00 %
REGION VI,ILOILO,CITY OF ILOILO,LAPUZ SUR,30220338,PARTYLIST,95 KABATAAN,5,1.51 %
REGION VI,ILOILO,CITY OF ILOILO,LAPUZ SUR,30220338,PARTYLIST,97 ACTS-OFW,0,0.00 %
REGION VI,ILOILO,CITY OF ILOILO,LAPUZ SUR,30220338,PARTYLIST,98 RAM,0,0.00 %
REGION VI,ILOILO,CITY OF ILOILO,LAPUZ SUR,30220338,PARTYLIST,99 USWAG ILONGGO,235,70.99 %
REGION VI,ILOILO,CITY OF ILOILO,LAPUZ SUR,30220338,PARTYLIST,100 AKO BISAYA,0,0.00 %
REGION VI,ILOILO,CITY OF ILOILO,LAPUZ SUR,30220338,PARTYLIST,101 KAPAMILYA,0,0.00 %
REGION VI,ILOILO,CITY OF ILOILO,LAPUZ SUR,30220338,PARTYLIST,102 PUSONG PINOY,0,0.00 %
REGION VI,ILOILO,CITY OF ILOILO,LAPUZ SUR,30220338,PARTYLIST,103 CWS,0,0.00 %
REGION VI,ILOILO,CITY OF ILOILO,LAPUZ SUR,30220338,PARTYLIST,104 SILBI,0,0.00 %
REGION VI,ILOILO,CITY OF ILOILO,LAPUZ SUR,30220338,PARTYLIST,105 CIBAC,0,0.00 %
REGION VI,ILOILO,CITY OF ILOILO,LAPUZ SUR,30220338,PARTYLIST,106 SUBANEN,0,0.00 %
REGION VI,ILOILO,CITY OF ILOILO,LAPUZ SUR,30220338,PARTYLIST,107 AKKK,0,0.00 %
REGION VI,ILOILO,CITY OF ILOILO,LAPUZ SUR,30220338,PARTYLIST,108 BG PARTY-LIST,0,0.00 %
REGION VI,ILOILO,CITY OF ILOILO,LAPUZ SUR,30220338,PARTYLIST,109 PAMILYANG MAGSASAKA,0,0.00 %
REGION VI,ILOILO,CITY OF ILOILO,LAPUZ SUR,30220338,PARTYLIST,110 COOP NATCCO,1,0.30 %
REGION VI,ILOILO,CITY OF ILOILO,LAPUZ SUR,30220338,PARTYLIST,111 FRONTLINERS ANG BIDA,0,0.00 %
REGION VI,ILOILO,CITY OF ILOILO,LAPUZ SUR,30220338,PARTYLIST,112 KASAMA,0,0.00 %
REGION VI,ILOILO,CITY OF ILOILO,LAPUZ SUR,30220338,PARTYLIST,113 AKO BISDAK,0,0.00 %
REGION VI,ILOILO,CITY OF ILOILO,LAPUZ SUR,30220338,PARTYLIST,114 GP PARTY,0,0.00 %
REGION VI,ILOILO,CITY OF ILOILO,LAPUZ SUR,30220338,PARTYLIST,115 BAHAY,0,0.00 %
REGION VI,ILOILO,CITY OF ILOILO,LAPUZ SUR,30220338,PARTYLIST,116 MAGSASAKA,1,0.30 %
REGION VI,ILOILO,CITY OF ILOILO,LAPUZ SUR,30220338,PARTYLIST,117 MARINO,1,0.30 %
REGION VI,ILOILO,CITY OF ILOILO,LAPUZ SUR,30220338,PARTYLIST,118 UNITED FRONTLINERS,0,0.00 %
REGION VI,ILOILO,CITY OF ILOILO,LAPUZ SUR,30220338,PARTYLIST,119 L.O.G.R.O. KUSINERO,0,0.00 %
REGION VI,ILOILO,CITY OF ILOILO,LAPUZ SUR,30220338,PARTYLIST,120 BPO,0,0.00 %
REGION VI,ILOILO,CITY OF ILOILO,LAPUZ SUR,30220338,PARTYLIST,121 ABANG LINGKOD,0,0.00 %
REGION VI,ILOILO,CITY OF ILOILO,LAPUZ SUR,30220338,PARTYLIST,122 KUSUG TAUSUG,0,0.00 %
REGION VI,ILOILO,CITY OF ILOILO,LAPUZ SUR,30220338,PARTYLIST,123 PLM,0,0.00 %
REGION VI,ILOILO,CITY OF ILOILO,LAPUZ SUR,30220338,PARTYLIST,124 OK PARTYLIST,2,0.60 %
REGION VI,ILOILO,CITY OF ILOILO,LAPUZ SUR,30220338,PARTYLIST,125 A TEACHER,0,0.00 %
REGION VI,ILOILO,CITY OF ILOILO,LAPUZ SUR,30220338,PARTYLIST,126 PASADA-CC,0,0.00 %
REGION VI,ILOILO,CITY OF ILOILO,LAPUZ SUR,30220338,PARTYLIST,127 OFW FAMILY,0,0.00 %
REGION VI,ILOILO,CITY OF ILOILO,LAPUZ SUR,30220338,PARTYLIST,128 ANGKLA,3,0.90 %
REGION VI,ILOILO,CITY OF ILOILO,LAPUZ SUR,30220338,PARTYLIST,129 COCOMAN,0,0.00 %
REGION VI,ILOILO,CITY OF ILOILO,LAPUZ SUR,30220338,PARTYLIST,130 ACT AS ONE,0,0.00 %
REGION VI,ILOILO,CITY OF ILOILO,LAPUZ SUR,30220338,PARTYLIST,131 AKO ILOCANO AKO,0,0.00 %
REGION VI,ILOILO,CITY OF ILOILO,LAPUZ SUR,30220338,PARTYLIST,132 TRABAHO,0,0.00 %
REGION VI,ILOILO,CITY OF ILOILO,LAPUZ SUR,30220338,PARTYLIST,133 PATROL,0,0.00 %
REGION VI,ILOILO,CITY OF ILOILO,LAPUZ SUR,30220338,PARTYLIST,134 AKO PADAYON,1,0.30 %
REGION VI,ILOILO,CITY OF ILOILO,LAPUZ SUR,30220338,PARTYLIST,135 ABONO,1,0.30 %
REGION VI,ILOILO,CITY OF ILOILO,LAPUZ SUR,30220338,PARTYLIST,136 MANILA TEACHERS,0,0.00 %
REGION VI,ILOILO,CITY OF ILOILO,LAPUZ SUR,30220338,PARTYLIST,137 KOOP-KAMPI,0,0.00 %
REGION VI,ILOILO,CITY OF ILOILO,LAPUZ SUR,30220338,PARTYLIST,138 MAYPAGASA,0,0.00 %
REGION VI,ILOILO,CITY OF ILOILO,LAPUZ SUR,30220338,PARTYLIST,139 PVAID,0,0.00 %
REGION VI,ILOILO,CITY OF ILOILO,LAPUZ SUR,30220338,PARTYLIST,140 TUTOK TO WIN,3,0.90 %
REGION VI,ILOILO,CITY OF ILOILO,LAPUZ SUR,30220338,PARTYLIST,141 BAYAN MUNA,2,0.60 %
REGION VI,ILOILO,CITY OF ILOILO,LAPUZ SUR,30220338,PARTYLIST,142 API,0,0.00 %
REGION VI,ILOILO,CITY OF ILOILO,LAPUZ SUR,30220338,PARTYLIST,143 ARTE,0,0.00 %
REGION VI,ILOILO,CITY OF ILOILO,LAPUZ SUR,30220338,PARTYLIST,144 ASAP,0,0.00 %
REGION VI,ILOILO,CITY OF ILOILO,LAPUZ SUR,30220338,PARTYLIST,145 BUNYOG,0,0.00 %
REGION VI,ILOILO,CITY OF ILOILO,LAPUZ SUR,30220338,PARTYLIST,146 AKBAYAN,1,0.30 %
REGION VI,ILOILO,CITY OF ILOILO,LAPUZ SUR,30220338,PARTYLIST,147 DAMAYAN,0,0.00 %
REGION VI,ILOILO,CITY OF ILOILO,LAPUZ SUR,30220338,PARTYLIST,148 WIFI,0,0.00 %
REGION VI,ILOILO,CITY OF ILOILO,LAPUZ SUR,30220338,PARTYLIST,149 CANCER PARTY LIST,0,0.00 %
REGION VI,ILOILO,CITY OF ILOILO,LAPUZ SUR,30220338,PARTYLIST,150 1-ANG EDUKASYON,0,0.00 %
REGION VI,ILOILO,CITY OF ILOILO,LAPUZ SUR,30220338,PARTYLIST,151 UFCC,0,0.00 %
REGION VI,ILOILO,CITY OF ILOILO,LAPUZ SUR,30220338,PARTYLIST,152 AGRI,0,0.00 %
REGION VI,ILOILO,CITY OF ILOILO,LAPUZ SUR,30220338,PARTYLIST,153 MAHARLIKA,0,0.00 %
REGION VI,ILOILO,CITY OF ILOILO,LAPUZ SUR,30220338,PARTYLIST,154 ANAKPAWIS,0,0.00 %
REGION VI,ILOILO,CITY OF ILOILO,LAPUZ SUR,30220338,PARTYLIST,155 1TAHANAN,0,0.00 %
REGION VI,ILOILO,CITY OF ILOILO,LAPUZ SUR,30220338,PARTYLIST,156 TURISMO,0,0.00 %
REGION VI,ILOILO,CITY OF ILOILO,LAPUZ SUR,30220338,PARTYLIST,157 APEC,2,0.60 %
REGION VI,ILOILO,CITY OF ILOILO,LAPUZ SUR,30220338,PARTYLIST,158 SENIOR CITIZENS PARTYLIST,3,0.90 %
REGION VI,ILOILO,CITY OF ILOILO,LAPUZ SUR,30220338,PARTYLIST,159 AASENSO,0,0.00 %
REGION VI,ILOILO,CITY OF ILOILO,LAPUZ SUR,30220338,PARTYLIST,160 AMIN,0,0.00 %
REGION VI,ILOILO,CITY OF ILOILO,LAPUZ SUR,30220338,PARTYLIST,161 1-PACMAN,0,0.00 %
REGION VI,ILOILO,CITY OF ILOILO,LAPUZ SUR,30220338,PARTYLIST,162 ABB-NFCPI,0,0.00 %
REGION VI,ILOILO,CITY OF ILOILO,LAPUZ SUR,30220338,PARTYLIST,163 AN WARAY,0,0.00 %
REGION VI,ILOILO,CITY OF ILOILO,LAPUZ SUR,30220338,PARTYLIST,164 AP PARTYLIST,0,0.00 %
REGION VI,ILOILO,CITY OF ILOILO,LAPUZ SUR,30220338,PARTYLIST,165 AKAP PINOY,0,0.00 %
REGION VI,ILOILO,CITY OF ILOILO,LAPUZ SUR,30220338,PARTYLIST,166 BUHAY,0,0.00 %
REGION VI,ILOILO,CITY OF ILOILO,LAPUZ SUR,30220338,PARTYLIST,167 ARISE,0,0.00 %
REGION VI,ILOILO,CITY OF ILOILO,LAPUZ SUR,30220338,PARTYLIST,168 IWI,0,0.00 %
REGION VI,ILOILO,CITY OF ILOILO,LAPUZ SUR,30220338,PARTYLIST,169 ANG TINIG NG SENIORS,1,0.30 %
REGION VI,ILOILO,CITY OF ILOILO,LAPUZ SUR,30220338,PARTYLIST,170 LBP,0,0.00 %
REGION VI,ILOILO,CITY OF ILOILO,LAPUZ SUR,30220338,PARTYLIST,171 IPEACE EPANAW,0,0.00 %
REGION VI,ILOILO,CITY OF ILOILO,LAPUZ SUR,30220338,PARTYLIST,172 APAT-DAPAT,0,0.00 %
REGION VI,ILOILO,CITY OF ILOILO,LAPUZ SUR,30220338,PARTYLIST,173 UMA ILONGGO,5,1.51 %
REGION VI,ILOILO,CITY OF ILOILO,LAPUZ SUR,30220338,PARTYLIST,174 AYUDA,1,0.30 %
REGION VI,ILOILO,CITY OF ILOILO,LAPUZ SUR,30220338,PARTYLIST,175 SAMBAYANAN,8,2.41 %
REGION VI,ILOILO,CITY OF ILOILO,LAPUZ SUR,30220338,PARTYLIST,176 AKO BREEDER,0,0.00 %
REGION VI,ILOILO,CITY OF ILOILO,LAPUZ SUR,30220338,PARTYLIST,177 FPJ,0,0.00 %
REGION VI,ILOILO,CITY OF ILOILO,LAPUZ SUR,30220338,PARTYLIST,178 LIBRO,0,0.00 %
"MEMBER, HOUSE OF REPRESENTATIVES ILOILO - CITY OF ILOILO - LONE LEGDIST","BANTOLO, RUDY (IND)",1,0.26 %
"MEMBER, HOUSE OF REPRESENTATIVES ILOILO - CITY OF ILOILO - LONE LEGDIST","BARONDA, JAM-JAM (NUP)",266,70.74 %
"MEMBER, HOUSE OF REPRESENTATIVES ILOILO - CITY OF ILOILO - LONE LEGDIST","ESPINOSA, JOE III (NP)",107,28.45 %
"MEMBER, HOUSE OF REPRESENTATIVES ILOILO - CITY OF ILOILO - LONE LEGDIST","ESPINOSA, JUNI (IND)",2,0.53 %
MAYOR ILOILO - CITY OF ILOILO,"ANG, VICENTE (IND)",0,0.00 %
MAYOR ILOILO - CITY OF ILOILO,"CAPULOT, JUN (PRP)",77,20.10 %
MAYOR ILOILO - CITY OF ILOILO,"TREÑAS, JERRY (NUP)",306,79.89 %
VICE-MAYOR ILOILO - CITY OF ILOILO,"GANZON, JEFFREY (NUP)",240,77.17 %
VICE-MAYOR ILOILO - CITY OF ILOILO,"JADULOS, KAYSER (PRP)",71,22.82 %
"MEMBER, SANGGUNIANG PANLUNGSOD ILOILO - CITY OF ILOILO - LONE DIST","ABADIANO, PETER (IND)",32,1.03 %
"MEMBER, SANGGUNIANG PANLUNGSOD ILOILO - CITY OF ILOILO - LONE DIST","ACAP, LYNDON (NP)",108,3.49 %
"MEMBER, SANGGUNIANG PANLUNGSOD ILOILO - CITY OF ILOILO - LONE DIST","ALIM, JOSHUA (PFP)",135,4.36 %
"MEMBER, SANGGUNIANG PANLUNGSOD ILOILO - CITY OF ILOILO - LONE DIST","ANOCHE, VIC (IND)",9,0.29 %
"MEMBER, SANGGUNIANG PANLUNGSOD ILOILO - CITY OF ILOILO - LONE DIST","BAGARES, ROVELSON (IND)",15,0.48 %
"MEMBER, SANGGUNIANG PANLUNGSOD ILOILO - CITY OF ILOILO - LONE DIST","BARONDA, DOC NICK LOVE (NUP)",207,6.69 %
"MEMBER, SANGGUNIANG PANLUNGSOD ILOILO - CITY OF ILOILO - LONE DIST","CABALUNA, SEDFREY (NUP)",234,7.56 %
"MEMBER, SANGGUNIANG PANLUNGSOD ILOILO - CITY OF ILOILO - LONE DIST","CARREON, MEL (IND)",49,1.58 %
"MEMBER, SANGGUNIANG PANLUNGSOD ILOILO - CITY OF ILOILO - LONE DIST","CENDAÑA, PHILIP (PFP)",11,0.35 %
"MEMBER, SANGGUNIANG PANLUNGSOD ILOILO - CITY OF ILOILO - LONE DIST","DAVID, JOHN ERIC (NUP)",118,3.81 %
"MEMBER, SANGGUNIANG PANLUNGSOD ILOILO - CITY OF ILOILO - LONE DIST","DELA LLANA, NENE (IND)",106,3.42 %
"MEMBER, SANGGUNIANG PANLUNGSOD ILOILO - CITY OF ILOILO - LONE DIST","DURON, ROMEL (NUP)",153,4.94 %
"MEMBER, SANGGUNIANG PANLUNGSOD ILOILO - CITY OF ILOILO - LONE DIST","ESPINOSA, MOR (IND)",50,1.61 %
"MEMBER, SANGGUNIANG PANLUNGSOD ILOILO - CITY OF ILOILO - LONE DIST","ESTANTE, ELY JR. (NUP)",147,4.75 %
"MEMBER, SANGGUNIANG PANLUNGSOD ILOILO - CITY OF ILOILO - LONE DIST","FLOGEN, SIR ROMEL (NP)",38,1.22 %
"MEMBER, SANGGUNIANG PANLUNGSOD ILOILO - CITY OF ILOILO - LONE DIST","GANZON, RUDOLPH RODING (NUP)",167,5.39 %
"MEMBER, SANGGUNIANG PANLUNGSOD ILOILO - CITY OF ILOILO - LONE DIST","GIMEO, KAP EFREN (PFP)",17,0.54 %
"MEMBER, SANGGUNIANG PANLUNGSOD ILOILO - CITY OF ILOILO - LONE DIST","JAVELLANA, JOJO (NUP)",118,3.81 %
"MEMBER, SANGGUNIANG PANLUNGSOD ILOILO - CITY OF ILOILO - LONE DIST","MALABOR, MANDRIE (USWAG)",103,3.32 %
"MEMBER, SANGGUNIANG PANLUNGSOD ILOILO - CITY OF ILOILO - LONE DIST","NAVA, PLARIDEL (PROMDI)",151,4.88 %
"MEMBER, SANGGUNIANG PANLUNGSOD ILOILO - CITY OF ILOILO - LONE DIST","PAMA, SIR ED (PROMDI)",29,0.93 %
"MEMBER, SANGGUNIANG PANLUNGSOD ILOILO - CITY OF ILOILO - LONE DIST","PARCON, FRANCES GRACE (NUP)",198,6.39 %
"MEMBER, SANGGUNIANG PANLUNGSOD ILOILO - CITY OF ILOILO - LONE DIST","PIAD, RICH (PFP)",14,0.45 %
"MEMBER, SANGGUNIANG PANLUNGSOD ILOILO - CITY OF ILOILO - LONE DIST","SARABIA, REX (NUP)",194,6.27 %
"MEMBER, SANGGUNIANG PANLUNGSOD ILOILO - CITY OF ILOILO - LONE DIST","TREÑAS, MIGUEL (NUP)",189,6.10 %
"MEMBER, SANGGUNIANG PANLUNGSOD ILOILO - CITY OF ILOILO - LONE DIST","TUPAS, CANDICE MISIS LEX (LDP)",151,4.88 %
"MEMBER, SANGGUNIANG PANLUNGSOD ILOILO - CITY OF ILOILO - LONE DIST","YOUNG, JOHNNY (NUP)",149,4.81 %
"MEMBER, SANGGUNIANG PANLUNGSOD ILOILO - CITY OF ILOILO - LONE DIST","ZALDIVAR, ALAN (NUP)",202,6.52 %
